UNSANDBOXED local diagnostic; Landrun is not run; Nanoda is disabled.
+ git clone --no-checkout https://github.com/leanprover/comparator.git /home/runner/work/Holevo-Additivity-Gap/Holevo-Additivity-Gap/.verify-work/comparator
Cloning into '/home/runner/work/Holevo-Additivity-Gap/Holevo-Additivity-Gap/.verify-work/comparator'...
+ git checkout --detach a4f696825c583ed8a5b4060d9a0faa5b882d365b
HEAD is now at a4f6968 fix: opaque value issue
+ lake build Comparator Lean4Checker lean4export
info: lean4export: cloning https://github.com/leanprover/lean4export
info: lean4export: checking out revision '048394e1afeeb52b0fa27bcf3f1ade2ff0f0ab6d'
info: Lean4Checker: cloning https://github.com/leanprover/lean4checker
info: Lean4Checker: checking out revision 'b7398199245524275543dec6113229c9bb4902e5'
✔ [2/20] Built Comparator.Util (268ms)
✔ [5/20] Built Lean4Checker (269ms)
✔ [6/20] Built Lean4Checker.Lean (297ms)
✔ [9/20] Built Lean4Checker.Replay (903ms)
✔ [11/20] Built Export.Parse (1.0s)
✔ [12/20] Built Comparator.Axioms (457ms)
✔ [13/20] Built Comparator.Compare (466ms)
✔ [14/20] Built Comparator (240ms)
✔ [16/20] Built Export (3.4s)
✔ [17/20] Built Main (762ms)
✔ [18/20] Built Main:c.o (183ms)
✔ [19/20] Built Export:c.o (8.6s)
✔ [20/20] Built lean4export:exe (844ms)
Build completed successfully (20 jobs).
+ lake build ComparatorChallenges.A_PrescribedDimensions Nonadditivity.HaarPrescribedBound
✔ [3296/3355] Built Nonadditivity.FreeEmbedding (5.3s)
✔ [3297/3357] Built Nonadditivity.Entropy (9.4s)
✔ [3298/3357] Built Nonadditivity.Net (9.3s)
✔ [3299/3357] Built Nonadditivity.Linearization (14s)
✔ [3300/3357] Built Nonadditivity.StateEnsembles (7.1s)
✔ [3301/3359] Built Nonadditivity.EntropyProducts (7.6s)
✔ [3303/3359] Built Nonadditivity.BlockScalars (6.5s)
✔ [3304/3359] Built Nonadditivity.AdjointPurity (8.6s)
✔ [3305/3359] Built Nonadditivity.Channels (12s)
✔ [3306/3359] Built Nonadditivity.QuantitativeNet (6.3s)
✔ [3307/3363] Built Nonadditivity.Quantitative (25s)
✔ [3310/3363] Built Nonadditivity.ConditionalStates (4.2s)
✔ [3311/3363] Built Nonadditivity.EntropyMixtures (7.2s)
✔ [3312/3363] Built Nonadditivity.Weyl (7.0s)
✔ [3313/3363] Built Nonadditivity.PositiveLinearization (16s)
✔ [3314/3363] Built Nonadditivity.ChannelExtensions (6.4s)
✔ [3315/3363] Built Nonadditivity.ConjugateChannel (3.6s)
✔ [3316/3365] Built Nonadditivity.ChannelReindex (4.1s)
✔ [3317/3365] Built Nonadditivity.QuantumHolevo (3.3s)
✔ [3318/3367] Built Nonadditivity.PureChannelEntropy (3.9s)
✔ [3319/3367] Built Nonadditivity.FreeModel (21s)
✔ [3320/3367] Built Nonadditivity.MatrixNormReindex (6.0s)
✔ [3322/3367] Built Nonadditivity.WeylTensor (7.1s)
✔ [3323/3367] Built Nonadditivity.ChannelEntropy (7.1s)
✔ [3324/3367] Built Nonadditivity.ChannelTensorControl (8.2s)
✔ [3325/3367] Built Nonadditivity.TensorPowers (4.6s)
✔ [3326/3367] Built Nonadditivity.BellOutput (6.9s)
✔ [3327/3367] Built Nonadditivity.StructuredCostBounds (22s)
✔ [3328/3367] Built Nonadditivity.FiniteRealization (20s)
✔ [3329/3367] Built Nonadditivity.ShiftNorm (12s)
✔ [3330/3367] Built Nonadditivity.RegularRestriction (13s)
✔ [3331/3367] Built Nonadditivity.SwitchChannel (4.3s)
✔ [3332/3367] Built Nonadditivity.BlockBell (4.1s)
✔ [3333/3367] Built Nonadditivity.RegularCoefficientEnergy (19s)
✔ [3334/3390] Built Nonadditivity.ObservableDimension (9.3s)
✔ [3341/3390] Built Nonadditivity.Conversion (6.6s)
✔ [3342/3390] Built Nonadditivity.BlockConstruction (6.6s)
✔ [3343/3391] Built Nonadditivity.HaarMomentConstants (8.2s)
✔ [3344/3391] Built Nonadditivity.MatrixRegularRestriction (13s)
✔ [3345/3391] Built Nonadditivity.FreeCreation (27s)
✔ [3346/3396] Built Nonadditivity.FiniteChannelRealization (3.6s)
✔ [3347/3396] Built Nonadditivity.FreeBridge (3.5s)
✔ [3348/3396] Built Nonadditivity.ComplementaryAdjoint (4.9s)
✔ [3349/3396] Built Nonadditivity.HaarTensorConstants (4.0s)
✔ [3350/3396] Built Nonadditivity.FiniteRegularMatrix (4.7s)
✔ [3351/3396] Built Nonadditivity.Qualitative (6.2s)
✔ [3352/3399] Built Nonadditivity.HaarModel (9.4s)
✔ [3353/3399] Built Nonadditivity.PrescribedTest (18s)
✔ [3354/3399] Built Nonadditivity.HaarMomentTail (7.9s)
✔ [3355/3401] Built Nonadditivity.Scalar (4.6s)
✔ [3356/3409] Built Nonadditivity.RegularDilation (30s)
✔ [3358/3409] Built Nonadditivity.CollinsYoun (30s)
✔ [3359/3409] Built Nonadditivity.HaarMomentExpectation (3.9s)
✔ [3360/3410] Built Nonadditivity.HolevoBits (4.1s)
✔ [3362/3410] Built Nonadditivity.Asymptotics (6.2s)
✔ [3363/3410] Built Nonadditivity.PositiveHolevo (6.2s)
✔ [3364/3415] Built Nonadditivity.HolevoTensorSuperadditivity (8.5s)
✔ [3365/3415] Built Nonadditivity.FiniteSetFactorization (25s)
✔ [3366/3415] Built Nonadditivity.RegularShiftedDilation (27s)
✔ [3367/3415] Built Nonadditivity.ActualConsequences (5.4s)
✔ [3368/3415] Built Nonadditivity.HaarMomentSlack (5.0s)
✔ [3369/3415] Built Nonadditivity.RegularizedHolevo (4.7s)
✔ [3370/3434] Built Nonadditivity.HaarEncodingSlack (7.1s)
✔ [3499/3558] Built Nonadditivity.HolevoRateLimit (7.0s)
✔ [3500/3558] Built Nonadditivity.HaarPathProfiles (5.7s)
✔ [3501/3562] Built Nonadditivity.HaarPathInvolution (5.1s)
✔ [3502/3562] Built Nonadditivity.HaarPathMultiplicity (7.4s)
✔ [3503/3562] Built Nonadditivity.NoncommutativeCS (20s)
✔ [3504/3569] Built Nonadditivity.FreeGroupCut (3.8s)
✔ [3505/3569] Built Nonadditivity.HaarPathGraph (8.3s)
✔ [3506/3571] Built Nonadditivity.CollinsYounTensor (67s)
✔ [3507/3571] Built Nonadditivity.HaarCoefficientBounds (10s)
✔ [3508/3571] Built Nonadditivity.HaarTimeCompositions (6.0s)
✔ [3509/3571] Built Nonadditivity.HaarPathChains (7.9s)
✔ [3510/3571] Built Nonadditivity.ProductHaagerupCreation (25s)
✔ [3511/3571] Built Nonadditivity.HaarCoefficientRows (18s)
✔ [3512/3571] Built Nonadditivity.HaarPathDecomposition (6.4s)
✔ [3513/3571] Built Nonadditivity.HaarPathChainCount (6.8s)
✔ [3514/3571] Built Nonadditivity.RegularFubini (39s)
✔ [3515/3571] Built Nonadditivity.HaarPathChainPartition (4.0s)
✔ [3516/3572] Built Nonadditivity.RegularFactorization (100s)
✔ [3517/3572] Built Nonadditivity.HaarNonbacktracking (26s)
✔ [3518/3572] Built Nonadditivity.HaarPathChainProfiles (4.4s)
✔ [3519/3572] Built Nonadditivity.ProductHaagerupWords (30s)
✔ [3520/3573] Built Nonadditivity.CollinsYounProduct (15s)
⚠ [3521/3573] Built Nonadditivity.HaarPathExploration (5.5s)
warning: Nonadditivity/HaarPathExploration.lean:56:0: automatically included section variable(s) unused in theorem `Nonadditivity.HaarPathGraph.Path.firstVisit_terminal_ne_root`:
  [DecidableEq V]
consider restructuring your `variable` declarations so that the variables are not in scope or explicitly omit them:
  omit [DecidableEq V] in theorem ...

Note: This linter can be disabled with `set_option linter.unusedSectionVars false`
warning: Nonadditivity/HaarPathExploration.lean:118:0: automatically included section variable(s) unused in theorem `Nonadditivity.HaarPathGraph.Path.firstVisit_edge_not_earlier`:
  [DecidableEq V]
consider restructuring your `variable` declarations so that the variables are not in scope or explicitly omit them:
  omit [DecidableEq V] in theorem ...

Note: This linter can be disabled with `set_option linter.unusedSectionVars false`
✔ [3522/3573] Built Nonadditivity.HaarPathProfileReverse (6.1s)
✔ [3523/3573] Built Nonadditivity.HaarConsequences (4.0s)
✔ [3524/3573] Built Nonadditivity.ProductHaagerupHomogeneous (9.9s)
✔ [3526/3573] Built Nonadditivity.PolynomialReduction (13s)
✔ [3527/3573] Built Nonadditivity.FiniteFreeModel (6.2s)
✔ [3528/3573] Built Nonadditivity.ProductHaagerupBall (7.6s)
✔ [3529/3610] Built Nonadditivity.FiniteMomentMatching (13s)
✔ [3559/3611] Built Nonadditivity.ProductHaagerupIndex (5.4s)
✔ [3560/3611] Built Nonadditivity.HaarPathTree (6.7s)
✔ [3561/3615] Built Nonadditivity.ProductPolynomialReduction (10s)
✔ [3562/3615] Built Nonadditivity.HaarPathInternalColors (5.2s)
✔ [3563/3615] Built Nonadditivity.HaarPathClasses (5.2s)
✔ [3564/3615] Built Nonadditivity.ProductHaagerupProduct (16s)
✔ [3565/3616] Built Nonadditivity.WordBallReduction (15s)
✔ [3566/3616] Built Nonadditivity.TensorPartitionReduction (13s)
✔ [3567/3619] Built Nonadditivity.PolynomialDilation (4.0s)
⚠ [3568/3623] Built Nonadditivity.HaarPathVertexFibre (5.1s)
warning: Nonadditivity/HaarPathVertexFibre.lean:77:0: automatically included section variable(s) unused in theorem `Nonadditivity.HaarPathVertexFibre.normalize_samePattern`:
  [Fintype V]
consider restructuring your `variable` declarations so that the variables are not in scope or explicitly omit them:
  omit [Fintype V] in theorem ...

Note: This linter can be disabled with `set_option linter.unusedSectionVars false`
warning: Nonadditivity/HaarPathVertexFibre.lean:88:8: automatically included section variable(s) unused in theorem `Nonadditivity.HaarPathVertexFibre.labels_apply`:
  [Fintype V]
consider restructuring your `variable` declarations so that the variables are not in scope or explicitly omit them:
  omit [Fintype V] in theorem ...

Note: This linter can be disabled with `set_option linter.unusedSectionVars false`
warning: Nonadditivity/HaarPathVertexFibre.lean:99:0: automatically included section variable(s) unused in theorem `Nonadditivity.HaarPathVertexFibre.reconstruct_samePattern`:
  [Fintype V]
consider restructuring your `variable` declarations so that the variables are not in scope or explicitly omit them:
  omit [Fintype V] in theorem ...

Note: This linter can be disabled with `set_option linter.unusedSectionVars false`
⚠ [3569/3623] Built Nonadditivity.HaarPathClassData (4.5s)
warning: Nonadditivity/HaarPathClassData.lean:33:0: automatically included section variable(s) unused in theorem `Nonadditivity.HaarPathClasses.SamePattern.incidenceVertex_iff`:
  [DecidableEq V]
consider restructuring your `variable` declarations so that the variables are not in scope or explicitly omit them:
  omit [DecidableEq V] in theorem ...

Note: This linter can be disabled with `set_option linter.unusedSectionVars false`
warning: Nonadditivity/HaarPathClassData.lean:38:0: automatically included section variable(s) unused in theorem `Nonadditivity.HaarPathClasses.SamePattern.firstVisit_iff`:
  [DecidableEq V]
consider restructuring your `variable` declarations so that the variables are not in scope or explicitly omit them:
  omit [DecidableEq V] in theorem ...

Note: This linter can be disabled with `set_option linter.unusedSectionVars false`
warning: Nonadditivity/HaarPathClassData.lean:51:0: automatically included section variable(s) unused in theorem `Nonadditivity.HaarPathClasses.SamePattern.edgeAt_eq_iff`:
  [DecidableEq V]
consider restructuring your `variable` declarations so that the variables are not in scope or explicitly omit them:
  omit [DecidableEq V] in theorem ...

Note: This linter can be disabled with `set_option linter.unusedSectionVars false`
✔ [3570/3626] Built Nonadditivity.StructuredReductionCosts (6.1s)
⚠ [3571/3629] Built Nonadditivity.HaarPathFreshRuns (5.2s)
warning: Nonadditivity/HaarPathFreshRuns.lean:59:0: automatically included section variable(s) unused in theorem `Nonadditivity.HaarPathClasses.prefixSamePattern_extend_firstVisit`:
  [DecidableEq V]
consider restructuring your `variable` declarations so that the variables are not in scope or explicitly omit them:
  omit [DecidableEq V] in theorem ...

Note: This linter can be disabled with `set_option linter.unusedSectionVars false`
warning: Nonadditivity/HaarPathFreshRuns.lean:113:0: automatically included section variable(s) unused in theorem `Nonadditivity.HaarPathClasses.incidence_at_fresh_vertex_unique`:
  [DecidableEq V]
consider restructuring your `variable` declarations so that the variables are not in scope or explicitly omit them:
  omit [DecidableEq V] in theorem ...

Note: This linter can be disabled with `set_option linter.unusedSectionVars false`
✔ [3573/3629] Built Nonadditivity.HaarPathExplorationBlocks (5.8s)
✔ [3574/3629] Built Nonadditivity.HaarPathColorNormalization (4.6s)
⚠ [3575/3636] Built Nonadditivity.HaarPathTransport (5.6s)
warning: Nonadditivity/HaarPathTransport.lean:23:8: automatically included section variable(s) unused in theorem `Nonadditivity.HaarPathClasses.source_incidenceDart`:
  [Fintype V]
  [DecidableEq V]
consider restructuring your `variable` declarations so that the variables are not in scope or explicitly omit them:
  omit [Fintype V] [DecidableEq V] in theorem ...

Note: This linter can be disabled with `set_option linter.unusedSectionVars false`
warning: Nonadditivity/HaarPathTransport.lean:28:8: automatically included section variable(s) unused in theorem `Nonadditivity.HaarPathClasses.color_incidenceDart`:
  [Fintype V]
  [DecidableEq V]
consider restructuring your `variable` declarations so that the variables are not in scope or explicitly omit them:
  omit [Fintype V] [DecidableEq V] in theorem ...

Note: This linter can be disabled with `set_option linter.unusedSectionVars false`
warning: Nonadditivity/HaarPathTransport.lean:33:8: automatically included section variable(s) unused in theorem `Nonadditivity.HaarPathClasses.incidenceDart_flip`:
  [Fintype V]
  [DecidableEq V]
consider restructuring your `variable` declarations so that the variables are not in scope or explicitly omit them:
  omit [Fintype V] [DecidableEq V] in theorem ...

Note: This linter can be disabled with `set_option linter.unusedSectionVars false`
warning: Nonadditivity/HaarPathTransport.lean:38:0: automatically included section variable(s) unused in theorem `Nonadditivity.HaarPathClasses.dart_eq_iff_source_color_target`:
  [Fintype V]
  [DecidableEq V]
consider restructuring your `variable` declarations so that the variables are not in scope or explicitly omit them:
  omit [Fintype V] [DecidableEq V] in theorem ...

Note: This linter can be disabled with `set_option linter.unusedSectionVars false`
warning: Nonadditivity/HaarPathTransport.lean:42:69: Used `tac1 <;> tac2` where `(tac1; tac2)` would suffice

Note: This linter can be disabled with `set_option linter.unnecessarySeqFocus false`
warning: Nonadditivity/HaarPathTransport.lean:44:0: automatically included section variable(s) unused in theorem `Nonadditivity.HaarPathClasses.incidenceDart_mem`:
  [Fintype V]
consider restructuring your `variable` declarations so that the variables are not in scope or explicitly omit them:
  omit [Fintype V] in theorem ...

Note: This linter can be disabled with `set_option linter.unusedSectionVars false`
warning: Nonadditivity/HaarPathTransport.lean:50:0: automatically included section variable(s) unused in theorem `Nonadditivity.HaarPathClasses.exists_incidenceDart`:
  [Fintype V]
consider restructuring your `variable` declarations so that the variables are not in scope or explicitly omit them:
  omit [Fintype V] in theorem ...

Note: This linter can be disabled with `set_option linter.unusedSectionVars false`
warning: Nonadditivity/HaarPathTransport.lean:86:8: automatically included section variable(s) unused in theorem `Nonadditivity.HaarPathClasses.SamePattern.vertexPerm_apply`:
  [DecidableEq V]
consider restructuring your `variable` declarations so that the variables are not in scope or explicitly omit them:
  omit [DecidableEq V] in theorem ...

Note: This linter can be disabled with `set_option linter.unusedSectionVars false`
warning: Nonadditivity/HaarPathTransport.lean:187:0: automatically included section variable(s) unused in theorem `Nonadditivity.HaarPathClasses.SamePattern.symm`:
  [Fintype V]
  [DecidableEq V]
consider restructuring your `variable` declarations so that the variables are not in scope or explicitly omit them:
  omit [Fintype V] [DecidableEq V] in theorem ...

Note: This linter can be disabled with `set_option linter.unusedSectionVars false`
✔ [3576/3636] Built Nonadditivity.HaarPathCodes (4.6s)
⚠ [3577/3636] Built Nonadditivity.HaarPathVertexNames (4.3s)
warning: Nonadditivity/HaarPathVertexNames.lean:30:4: try 'simp' instead of 'simpa'

Note: This linter can be disabled with `set_option linter.unnecessarySimpa false`
warning: Nonadditivity/HaarPathVertexNames.lean:24:0: automatically included section variable(s) unused in theorem `Nonadditivity.HaarPathGraph.Path.earlier_occurrence`:
  [DecidableEq V]
consider restructuring your `variable` declarations so that the variables are not in scope or explicitly omit them:
  omit [DecidableEq V] in theorem ...

Note: This linter can be disabled with `set_option linter.unusedSectionVars false`
✔ [3579/3636] Built Nonadditivity.HaarPathRecoloring (4.3s)
⚠ [3580/3636] Built Nonadditivity.HaarPathRefined (4.0s)
warning: Nonadditivity/HaarPathRefined.lean:23:0: automatically included section variable(s) unused in theorem `Nonadditivity.HaarPathClasses.SamePattern.refl`:
  [Fintype V]
  [DecidableEq V]
consider restructuring your `variable` declarations so that the variables are not in scope or explicitly omit them:
  omit [Fintype V] [DecidableEq V] in theorem ...

Note: This linter can be disabled with `set_option linter.unusedSectionVars false`
warning: Nonadditivity/HaarPathRefined.lean:25:0: automatically included section variable(s) unused in theorem `Nonadditivity.HaarPathClasses.SamePattern.trans`:
  [Fintype V]
  [DecidableEq V]
consider restructuring your `variable` declarations so that the variables are not in scope or explicitly omit them:
  omit [Fintype V] [DecidableEq V] in theorem ...

Note: This linter can be disabled with `set_option linter.unusedSectionVars false`
warning: Nonadditivity/HaarPathRefined.lean:68:0: automatically included section variable(s) unused in theorem `Nonadditivity.HaarPathClasses.coreChainProfile_eq_of_colorList_eq`:
  [Fintype V]
consider restructuring your `variable` declarations so that the variables are not in scope or explicitly omit them:
  omit [Fintype V] in theorem ...

Note: This linter can be disabled with `set_option linter.unusedSectionVars false`
✔ [3581/3638] Built Nonadditivity.HaarPathNormalizedFresh (3.8s)
✔ [3582/3638] Built Nonadditivity.HaarPathMarks (3.6s)
⚠ [3583/3638] Built Nonadditivity.HaarPathTreeSegment (4.1s)
warning: Nonadditivity/HaarPathTreeSegment.lean:60:0: automatically included section variable(s) unused in theorem `Nonadditivity.HaarPathGraph.Path.firstVisit_unoriented_injective`:
  [DecidableEq V]
consider restructuring your `variable` declarations so that the variables are not in scope or explicitly omit them:
  omit [DecidableEq V] in theorem ...

Note: This linter can be disabled with `set_option linter.unusedSectionVars false`
warning: Nonadditivity/HaarPathTreeSegment.lean:74:0: automatically included section variable(s) unused in theorem `Nonadditivity.HaarPathGraph.Path.edgeAt_eq_unoriented`:
  [DecidableEq V]
consider restructuring your `variable` declarations so that the variables are not in scope or explicitly omit them:
  omit [DecidableEq V] in theorem ...

Note: This linter can be disabled with `set_option linter.unusedSectionVars false`
warning: Nonadditivity/HaarPathTreeSegment.lean:111:5: unused variable `hai`

Note: This linter can be disabled with `set_option linter.unusedVariables false`
warning: Nonadditivity/HaarPathTreeSegment.lean:131:8: automatically included section variable(s) unused in theorem `Nonadditivity.HaarPathGraph.Path.vertexAt_fin`:
  [DecidableEq V]
consider restructuring your `variable` declarations so that the variables are not in scope or explicitly omit them:
  omit [DecidableEq V] in theorem ...

Note: This linter can be disabled with `set_option linter.unusedSectionVars false`
warning: Nonadditivity/HaarPathTreeSegment.lean:137:0: automatically included section variable(s) unused in theorem `Nonadditivity.HaarPathGraph.Path.vertexAt_eq`:
  [DecidableEq V]
consider restructuring your `variable` declarations so that the variables are not in scope or explicitly omit them:
  omit [DecidableEq V] in theorem ...

Note: This linter can be disabled with `set_option linter.unusedSectionVars false`
⚠ [3584/3642] Built Nonadditivity.HaarRefinedVertexFibre (4.0s)
warning: Nonadditivity/HaarRefinedVertexFibre.lean:85:0: automatically included section variable(s) unused in theorem `Nonadditivity.HaarRefinedVertexFibre.range_vertex_eq`:
  [Fintype V]
consider restructuring your `variable` declarations so that the variables are not in scope or explicitly omit them:
  omit [Fintype V] in theorem ...

Note: This linter can be disabled with `set_option linter.unusedSectionVars false`
✔ [3585/3642] Built Nonadditivity.HaarPathReconstruction (3.5s)
✔ [3586/3642] Built Nonadditivity.HaarPathNormalizedTree (3.9s)
✔ [3587/3642] Built Nonadditivity.HaarMatchingFibers (2.3s)
✔ [3588/3642] Built Nonadditivity.HaarMatchingSingletons (3.5s)
✔ [3589/3657] Built Nonadditivity.HaarPathReconstructionFresh (3.7s)
⚠ [3604/3661] Built Nonadditivity.HaarPathNormalizedTreeColors (3.7s)
warning: Nonadditivity/HaarPathNormalizedTreeColors.lean:43:48: unused variable `hab`

Note: This linter can be disabled with `set_option linter.unusedVariables false`
warning: Nonadditivity/HaarPathNormalizedTreeColors.lean:43:62: unused variable `hbm`

Note: This linter can be disabled with `set_option linter.unusedVariables false`
✔ [3605/3661] Built Nonadditivity.HaarMatchingCount (4.2s)
✔ [3608/3665] Built Nonadditivity.HaarPathReconstructionTree (3.7s)
✔ [3610/3668] Built Nonadditivity.HaarMoments (5.8s)
✔ [3611/3668] Built Nonadditivity.HaarMatchingSharp (4.4s)
✔ [3612/3668] Built Nonadditivity.HaarPathCounting (4.2s)
✔ [3614/3673] Built Nonadditivity.HaarAveraging (6.2s)
✔ [3615/3678] Built Nonadditivity.HaarFourthMoments (7.5s)
⚠ [3616/3682] Built Nonadditivity.HaarPathRefinedCounting (5.3s)
warning: Nonadditivity/HaarPathRefinedCounting.lean:54:0: automatically included section variable(s) unused in theorem `Nonadditivity.HaarPathClasses.orientation_cases`:
  [Fintype V]
consider restructuring your `variable` declarations so that the variables are not in scope or explicitly omit them:
  omit [Fintype V] in theorem ...

Note: This linter can be disabled with `set_option linter.unusedSectionVars false`
✔ [3617/3698] Built Nonadditivity.HaarPermutationSupport (3.6s)
✔ [3618/3701] Built Nonadditivity.WeightedMatrixInverse (4.8s)
✔ [3619/3702] Built Nonadditivity.HaarColumnMoments (9.9s)
✔ [3620/3704] Built Nonadditivity.HaarWeingartenInverseSum (5.4s)
✔ [3621/3704] Built Nonadditivity.NetPolynomial (94s)
✔ [3622/3704] Built Nonadditivity.HaarPathRuns (3.0s)
✔ [3623/3707] Built Nonadditivity.HaarMixedMoments (4.8s)
✔ [3624/3709] Built Nonadditivity.NoncommutativeCSMemory (15s)
✔ [3625/3709] Built Nonadditivity.HaarMarkedCompositions (4.1s)
✔ [3626/3711] Built Nonadditivity.NetPolynomialSupport (5.3s)
✔ [3628/3712] Built Nonadditivity.HaarWordPhase (9.2s)
✔ [3629/3714] Built Nonadditivity.HaarInvariantTensor (7.0s)
✔ [3630/3714] Built Nonadditivity.NoncommutativeCSPaths (9.9s)
✔ [3631/3714] Built Nonadditivity.HaarTimeCompositionReverse (4.2s)
✔ [3632/3717] Built Nonadditivity.HaarWeingartenGram (5.7s)
✔ [3633/3717] Built Nonadditivity.HaarInvariantCommutant (7.4s)
✔ [3634/3719] Built Nonadditivity.HaarWeingartenCycles (6.6s)
⚠ [3635/3720] Built Nonadditivity.NoncommutativeCSAssignments (13s)
warning: Nonadditivity/NoncommutativeCSAssignments.lean:27:0: automatically included section variable(s) unused in theorem `Nonadditivity.NoncommutativeCS.sum_assignment_insert`:
  [DecidableEq J]
consider restructuring your `variable` declarations so that the variables are not in scope or explicitly omit them:
  omit [DecidableEq J] in theorem ...

Note: This linter can be disabled with `set_option linter.unusedSectionVars false`
warning: Nonadditivity/NoncommutativeCSAssignments.lean:91:0: automatically included section variable(s) unused in theorem `Nonadditivity.NoncommutativeCS.AssignmentProgram.assignmentSum_open`:
  [CompleteSpace E]
consider restructuring your `variable` declarations so that the variables are not in scope or explicitly omit them:
  omit [CompleteSpace E] in theorem ...

Note: This linter can be disabled with `set_option linter.unusedSectionVars false`
warning: Nonadditivity/NoncommutativeCSAssignments.lean:99:21: This simp argument is unused:
  variableCount

Hint: Omit it from the simp argument list.
  simp [coefficient,̵ ̵v̵a̵r̵i̵a̵b̵l̵e̵C̵o̵u̵n̵t̵]

Note: This linter can be disabled with `set_option linter.unusedSimpArgs false`
warning: Nonadditivity/NoncommutativeCSAssignments.lean:101:0: automatically included section variable(s) unused in theorem `Nonadditivity.NoncommutativeCS.AssignmentProgram.assignmentSum_close`:
  [CompleteSpace E]
consider restructuring your `variable` declarations so that the variables are not in scope or explicitly omit them:
  omit [CompleteSpace E] in theorem ...

Note: This linter can be disabled with `set_option linter.unusedSectionVars false`
warning: Nonadditivity/NoncommutativeCSAssignments.lean:108:0: automatically included section variable(s) unused in theorem `Nonadditivity.NoncommutativeCS.AssignmentProgram.assignmentSum_middle`:
  [CompleteSpace E]
consider restructuring your `variable` declarations so that the variables are not in scope or explicitly omit them:
  omit [CompleteSpace E] in theorem ...

Note: This linter can be disabled with `set_option linter.unusedSectionVars false`
warning: Nonadditivity/NoncommutativeCSAssignments.lean:114:0: automatically included section variable(s) unused in theorem `Nonadditivity.NoncommutativeCS.AssignmentProgram.assignmentSum_singleton`:
  [CompleteSpace E]
consider restructuring your `variable` declarations so that the variables are not in scope or explicitly omit them:
  omit [CompleteSpace E] in theorem ...

Note: This linter can be disabled with `set_option linter.unusedSectionVars false`
warning: Nonadditivity/NoncommutativeCSAssignments.lean:121:21: This simp argument is unused:
  variableCount

Hint: Omit it from the simp argument list.
  simp [coefficient,̵ ̵v̵a̵r̵i̵a̵b̵l̵e̵C̵o̵u̵n̵t̵]

Note: This linter can be disabled with `set_option linter.unusedSimpArgs false`
warning: Nonadditivity/NoncommutativeCSAssignments.lean:129:58: This simp argument is unused:
  ite_apply

Hint: Omit it from the simp argument list.
  simp [Contraction.kernel_open, Fin.removeNth_insertNth, i̵t̵e̵_̵apply,̵ ̵a̵p̵p̵l̵y̵_ite]

Note: This linter can be disabled with `set_option linter.unusedSimpArgs false`
warning: Nonadditivity/NoncommutativeCSAssignments.lean:137:34: This simp argument is unused:
  ite_apply

Hint: Omit it from the simp argument list.
  simp [Contraction.kernel_close, i̵t̵e̵_̵a̵p̵p̵l̵y̵,̵ ̵apply_ite]

Note: This linter can be disabled with `set_option linter.unusedSimpArgs false`
warning: Nonadditivity/NoncommutativeCSAssignments.lean:144:37: This simp argument is unused:
  ite_apply

Hint: Omit it from the simp argument list.
  simp [Contraction.kernel_diagonal, i̵t̵e̵_̵a̵p̵p̵l̵y̵,̵ ̵apply_ite]

Note: This linter can be disabled with `set_option linter.unusedSimpArgs false`
warning: Nonadditivity/NoncommutativeCSAssignments.lean:151:37: This simp argument is unused:
  ite_apply

Hint: Omit it from the simp argument list.
  simp [Contraction.kernel_diagonal, i̵t̵e̵_̵a̵p̵p̵l̵y̵,̵ ̵apply_ite, map_sum]

Note: This linter can be disabled with `set_option linter.unusedSimpArgs false`
✔ [3636/3720] Built Nonadditivity.HaarInvariantSpanning (9.2s)
✔ [3637/3720] Built Nonadditivity.HaarWeingartenInverse (10.0s)
⚠ [3638/3723] Built Nonadditivity.HaarPathScalarSummation (9.1s)
warning: Nonadditivity/HaarPathScalarSummation.lean:69:20: Used `tac1 <;> tac2` where `(tac1; tac2)` would suffice

Note: This linter can be disabled with `set_option linter.unnecessarySeqFocus false`
warning: Nonadditivity/HaarPathScalarSummation.lean:77:20: Used `tac1 <;> tac2` where `(tac1; tac2)` would suffice

Note: This linter can be disabled with `set_option linter.unnecessarySeqFocus false`
warning: Nonadditivity/HaarPathScalarSummation.lean:102:56: Used `tac1 <;> tac2` where `(tac1; tac2)` would suffice

Note: This linter can be disabled with `set_option linter.unnecessarySeqFocus false`
✔ [3639/3724] Built Nonadditivity.HaarWeingartenSymmetry (7.1s)
✔ [3640/3724] Built Nonadditivity.NoncommutativeCSAssignmentProducts (11s)
✔ [3641/3724] Built Nonadditivity.HaarCoreChainMultiplicity (5.1s)
✔ [3643/3730] Built Nonadditivity.HaarWeingartenMomentBound (4.6s)
⚠ [3644/3730] Built Nonadditivity.HaarProfilePermutations (7.6s)
warning: Nonadditivity/HaarProfilePermutations.lean:25:0: automatically included section variable(s) unused in theorem `Nonadditivity.HaarProfilePermutations.labelEquiv_map`:
  [DecidableEq I]
consider restructuring your `variable` declarations so that the variables are not in scope or explicitly omit them:
  omit [DecidableEq I] in theorem ...

Note: This linter can be disabled with `set_option linter.unusedSectionVars false`
warning: Nonadditivity/HaarProfilePermutations.lean:85:0: automatically included section variable(s) unused in theorem `Nonadditivity.HaarProfilePermutations.coreChainProfile_count`:
  [Fintype V]
consider restructuring your `variable` declarations so that the variables are not in scope or explicitly omit them:
  omit [Fintype V] in theorem ...

Note: This linter can be disabled with `set_option linter.unusedSectionVars false`
warning: Nonadditivity/HaarProfilePermutations.lean:90:0: automatically included section variable(s) unused in theorem `Nonadditivity.HaarProfilePermutations.coreChainProfile_first`:
  [Fintype V]
consider restructuring your `variable` declarations so that the variables are not in scope or explicitly omit them:
  omit [Fintype V] in theorem ...

Note: This linter can be disabled with `set_option linter.unusedSectionVars false`
warning: Nonadditivity/HaarProfilePermutations.lean:93:0: automatically included section variable(s) unused in theorem `Nonadditivity.HaarProfilePermutations.coreChainProfile_last`:
  [Fintype V]
consider restructuring your `variable` declarations so that the variables are not in scope or explicitly omit them:
  omit [Fintype V] in theorem ...

Note: This linter can be disabled with `set_option linter.unusedSectionVars false`
✔ [3645/3730] Built Nonadditivity.HaarEntryBound (8.1s)
✔ [3646/3730] Built Nonadditivity.NoncommutativeCSEndpointTrace (11s)
✔ [3647/3730] Built Nonadditivity.HaarPathColorRelabel (5.5s)
✔ [3648/3730] Built Nonadditivity.HaarPairEntryBound (4.7s)
✔ [3649/3730] Built Nonadditivity.NoncommutativeCSEndpointSkeleton (5.1s)
⚠ [3650/3730] Built Nonadditivity.NoncommutativeCSSingletons (6.8s)
warning: Nonadditivity/NoncommutativeCSSingletons.lean:105:14: unused variable `q`

Note: This linter can be disabled with `set_option linter.unusedVariables false`
warning: Nonadditivity/NoncommutativeCSSingletons.lean:115:14: unused variable `q`

Note: This linter can be disabled with `set_option linter.unusedVariables false`
✔ [3651/3730] Built Nonadditivity.HaarPathWeights (10s)
✔ [3652/3730] Built Nonadditivity.HaarPathRelabel (3.9s)
✔ [3653/3730] Built Nonadditivity.InitialNetReduction (70s)
✔ [3654/3730] Built Nonadditivity.HaarPathLocalPhase (8.4s)
✔ [3655/3730] Built Nonadditivity.HaarPathExpansion (6.2s)
⚠ [3656/3730] Built Nonadditivity.HaarPathWeightTransport (4.6s)
warning: Nonadditivity/HaarPathWeightTransport.lean:145:37: Used `tac1 <;> tac2` where `(tac1; tac2)` would suffice

Note: This linter can be disabled with `set_option linter.unnecessarySeqFocus false`
warning: Nonadditivity/HaarPathWeightTransport.lean:145:66: Used `tac1 <;> tac2` where `(tac1; tac2)` would suffice

Note: This linter can be disabled with `set_option linter.unnecessarySeqFocus false`
✔ [3657/3730] Built Nonadditivity.NoncommutativeCSSkeletonDecoration (24s)
⚠ [3658/3730] Built Nonadditivity.HaarPathBalance (4.4s)
warning: Nonadditivity/HaarPathBalance.lean:35:40: This simp argument is unused:
  visitCount

Hint: Omit it from the simp argument list.
  simp [v̵i̵s̵i̵t̵C̵o̵u̵n̵t̵,̵hi]

Note: This linter can be disabled with `set_option linter.unusedSimpArgs false`
warning: Nonadditivity/HaarPathBalance.lean:63:42: This simp argument is unused:
  incomingCount

Hint: Omit it from the simp argument list.
  simp [i̵n̵c̵o̵m̵i̵n̵g̵C̵o̵u̵n̵t̵,̵hjv]

Note: This linter can be disabled with `set_option linter.unusedSimpArgs false`
✔ [3659/3730] Built Nonadditivity.StructuredFiniteChannel (10s)
⚠ [3660/3730] Built Nonadditivity.NoncommutativeCSBlocks (4.9s)
warning: Nonadditivity/NoncommutativeCSBlocks.lean:127:54: This simp argument is unused:
  Nat.add_assoc

Hint: Omit it from the simp argument list.
  simp_all [blocks, blockFactors, List.mapIdx_cons, Nat.add_a̵s̵s̵o̵c̵,̵
  ̵ ̵ ̵ ̵ ̵ ̵ ̵N̵a̵t̵.̵a̵d̵d̵_̵left_comm, Nat.add_comm]

Note: This linter can be disabled with `set_option linter.unusedSimpArgs false`
⚠ [3661/3730] Built Nonadditivity.HaarPathSupport (4.1s)
warning: Nonadditivity/HaarPathSupport.lean:25:51: Used `tac1 <;> tac2` where `(tac1; tac2)` would suffice

Note: This linter can be disabled with `set_option linter.unnecessarySeqFocus false`
warning: Nonadditivity/HaarPathSupport.lean:26:13: Used `tac1 <;> tac2` where `(tac1; tac2)` would suffice

Note: This linter can be disabled with `set_option linter.unnecessarySeqFocus false`
warning: Nonadditivity/HaarPathSupport.lean:26:49: Used `tac1 <;> tac2` where `(tac1; tac2)` would suffice

Note: This linter can be disabled with `set_option linter.unnecessarySeqFocus false`
warning: Nonadditivity/HaarPathSupport.lean:33:51: Used `tac1 <;> tac2` where `(tac1; tac2)` would suffice

Note: This linter can be disabled with `set_option linter.unnecessarySeqFocus false`
warning: Nonadditivity/HaarPathSupport.lean:34:13: Used `tac1 <;> tac2` where `(tac1; tac2)` would suffice

Note: This linter can be disabled with `set_option linter.unnecessarySeqFocus false`
warning: Nonadditivity/HaarPathSupport.lean:34:49: Used `tac1 <;> tac2` where `(tac1; tac2)` would suffice

Note: This linter can be disabled with `set_option linter.unnecessarySeqFocus false`
warning: Nonadditivity/HaarPathSupport.lean:41:51: Used `tac1 <;> tac2` where `(tac1; tac2)` would suffice

Note: This linter can be disabled with `set_option linter.unnecessarySeqFocus false`
warning: Nonadditivity/HaarPathSupport.lean:42:13: Used `tac1 <;> tac2` where `(tac1; tac2)` would suffice

Note: This linter can be disabled with `set_option linter.unnecessarySeqFocus false`
warning: Nonadditivity/HaarPathSupport.lean:42:49: Used `tac1 <;> tac2` where `(tac1; tac2)` would suffice

Note: This linter can be disabled with `set_option linter.unnecessarySeqFocus false`
warning: Nonadditivity/HaarPathSupport.lean:49:51: Used `tac1 <;> tac2` where `(tac1; tac2)` would suffice

Note: This linter can be disabled with `set_option linter.unnecessarySeqFocus false`
warning: Nonadditivity/HaarPathSupport.lean:50:13: Used `tac1 <;> tac2` where `(tac1; tac2)` would suffice

Note: This linter can be disabled with `set_option linter.unnecessarySeqFocus false`
warning: Nonadditivity/HaarPathSupport.lean:50:49: Used `tac1 <;> tac2` where `(tac1; tac2)` would suffice

Note: This linter can be disabled with `set_option linter.unnecessarySeqFocus false`
✔ [3662/3730] Built Nonadditivity.StructuredLinearization (16s)
✔ [3663/3730] Built Nonadditivity.StructuredHaarModel (3.6s)
✔ [3664/3730] Built Nonadditivity.FiniteBlockModel (6.6s)
✔ [3665/3730] Built Nonadditivity.StructuredHaarConsequences (7.0s)
✔ [3666/3730] Built Nonadditivity.HaarWordExpansion (10s)
✔ [3667/3730] Built Nonadditivity.HaarFiniteFaithfulness (3.7s)
✔ [3668/3730] Built Nonadditivity.HaarNonbacktrackingRenewal (13s)
⚠ [3669/3730] Built Nonadditivity.HaarNonbacktrackingLastReturn (3.0s)
warning: Nonadditivity/HaarNonbacktrackingLastReturn.lean:67:0: automatically included section variable(s) unused in theorem `Nonadditivity.HaarNonbacktracking.last_return_polynomial_decomposition`:
  [DecidableEq G]
consider restructuring your `variable` declarations so that the variables are not in scope or explicitly omit them:
  omit [DecidableEq G] in theorem ...

Note: This linter can be disabled with `set_option linter.unusedSectionVars false`
warning: Nonadditivity/HaarNonbacktrackingLastReturn.lean:107:0: automatically included section variable(s) unused in theorem `Nonadditivity.HaarNonbacktracking.last_visit_polynomial_decomposition`:
  [DecidableEq G]
consider restructuring your `variable` declarations so that the variables are not in scope or explicitly omit them:
  omit [DecidableEq G] in theorem ...

Note: This linter can be disabled with `set_option linter.unusedSectionVars false`
✔ [3670/3730] Built Nonadditivity.ProductMomentBridge (19s)
✔ [3671/3730] Built Nonadditivity.HaarNonbacktrackingSupport (3.2s)
⚠ [3672/3730] Built Nonadditivity.HaarNonbacktrackingFirstStep (4.7s)
warning: Nonadditivity/HaarNonbacktrackingFirstStep.lean:47:0: automatically included section variable(s) unused in theorem `Nonadditivity.HaarNonbacktracking.killedPolynomial_sum_source`:
  [DecidableEq G]
consider restructuring your `variable` declarations so that the variables are not in scope or explicitly omit them:
  omit [DecidableEq G] in theorem ...

Note: This linter can be disabled with `set_option linter.unusedSectionVars false`
✔ [3673/3730] Built Nonadditivity.HaarNonbacktrackingSegmentation (3.0s)
⚠ [3674/3730] Built Nonadditivity.HaarTensorReplacement (10s)
warning: Nonadditivity/HaarTensorReplacement.lean:44:32: This simp argument is unused:
  Matrix.one_mul

Hint: Omit it from the simp argument list.
  simp only [MonoidAlgebra.single_mul_single, one_mul, mul_one, ← Matrix.mul_kronecker_mul,
  ̲  ̲ ̲ ̲M̵a̵t̵r̵i̵x̵.̵o̵n̵e̵_̵m̵u̵l̵,̵ ̵Matrix.mul_one]

Note: This linter can be disabled with `set_option linter.unusedSimpArgs false`
warning: Nonadditivity/HaarTensorReplacement.lean:44:48: This simp argument is unused:
  Matrix.mul_one

Hint: Omit it from the simp argument list.
  simp only [MonoidAlgebra.single_mul_single, one_mul, mul_one, ← Matrix.mul_kronecker_mul,
  ̲  ̲ ̲ ̲M̵a̵t̵r̵i̵x̵.̵o̵n̵e̵_̵m̵u̵l̵,̵ ̵M̵a̵t̵r̵i̵x̵.̵m̵u̵l̵_̵o̵n̵e̵]̵M̲a̲t̲r̲i̲x̲.̲o̲n̲e̲_̲m̲u̲l̲]̲

Note: This linter can be disabled with `set_option linter.unusedSimpArgs false`
warning: Nonadditivity/HaarTensorReplacement.lean:58:48: This simp argument is unused:
  Matrix.one_mul

Hint: Omit it from the simp argument list.
  simp only [MonoidAlgebra.single_mul_single, one_mul, ← Matrix.mul_kronecker_mul, M̵a̵t̵r̵i̵x̵.̵m̵u̵l̵_̵o̵n̵e̵,̵ ̵M̵a̵t̵r̵i̵x̵.̵o̵n̵e̵_̵m̵u̵l̵]̵M̲a̲t̲r̲i̲x̲.̲m̲u̲l̲_̲o̲n̲e̲]̲

Note: This linter can be disabled with `set_option linter.unusedSimpArgs false`
✔ [3675/3730] Built Nonadditivity.HaarReducedChunks (3.7s)
✔ [3676/3730] Built Nonadditivity.HaarNonbacktrackingListSegmentation (4.4s)
✔ [3677/3730] Built Nonadditivity.HaarFiniteSymmetry (5.3s)
⚠ [3678/3730] Built Nonadditivity.HaarOperatorPolynomial (18s)
warning: Nonadditivity/HaarOperatorPolynomial.lean:77:0: automatically included section variable(s) unused in theorem `Nonadditivity.HaarOperatorPolynomial.regular_vacuum`:
  [CompleteSpace E]
consider restructuring your `variable` declarations so that the variables are not in scope or explicitly omit them:
  omit [CompleteSpace E] in theorem ...

Note: This linter can be disabled with `set_option linter.unusedSectionVars false`
✔ [3679/3730] Built Nonadditivity.HaarMixedWordExpansion (6.7s)
⚠ [3680/3730] Built Nonadditivity.HaarTensorEvaluation (13s)
warning: Nonadditivity/HaarTensorEvaluation.lean:93:10: This simp argument is unused:
  Matrix.kronecker_apply

Hint: Omit it from the simp argument list.
  simp ̵[̵M̵a̵t̵r̵i̵x̵.̵k̵r̵o̵n̵e̵c̵k̵e̵r̵_̵a̵p̵p̵l̵y̵]̵

Note: This linter can be disabled with `set_option linter.unusedSimpArgs false`
✔ [3681/3730] Built Nonadditivity.HaarHybridMoments (12s)
✔ [3682/3730] Built Nonadditivity.HaarOperatorCurry (14s)
✔ [3683/3730] Built Nonadditivity.HaarOperatorCoefficient (13s)
✔ [3684/3730] Built Nonadditivity.HaarIteratedMoments (10s)
✔ [3685/3730] Built Nonadditivity.HaarVacuumFunctional (7.6s)
⚠ [3686/3730] Built Nonadditivity.HaarProfileCoefficient (5.9s)
warning: Nonadditivity/HaarProfileCoefficient.lean:85:0: automatically included section variable(s) unused in theorem `Nonadditivity.HaarProfileCoefficient.returningCoefficients_eq_firstStep`:
  [CompleteSpace E]
consider restructuring your `variable` declarations so that the variables are not in scope or explicitly omit them:
  omit [CompleteSpace E] in theorem ...

Note: This linter can be disabled with `set_option linter.unusedSectionVars false`
✔ [3687/3730] Built Nonadditivity.HaarOnePairAssembly (5.2s)
⚠ [3688/3730] Built Nonadditivity.HaarProfileOrientation (5.5s)
warning: Nonadditivity/HaarProfileOrientation.lean:64:0: automatically included section variable(s) unused in theorem `Nonadditivity.HaarProfileCoefficient.orientedCoefficients_eq_firstStep`:
  [CompleteSpace E]
consider restructuring your `variable` declarations so that the variables are not in scope or explicitly omit them:
  omit [CompleteSpace E] in theorem ...

Note: This linter can be disabled with `set_option linter.unusedSectionVars false`
⚠ [3689/3730] Built Nonadditivity.HaarProfilePadding (5.8s)
warning: Nonadditivity/HaarProfilePadding.lean:62:0: automatically included section variable(s) unused in theorem `Nonadditivity.HaarProfilePadding.norm_extend_zero_le`:
  [Fintype J]
  [CompleteSpace E]
consider restructuring your `variable` declarations so that the variables are not in scope or explicitly omit them:
  omit [Fintype J] [CompleteSpace E] in theorem ...

Note: This linter can be disabled with `set_option linter.unusedSectionVars false`
✔ [3690/3730] Built Nonadditivity.HaarPathCoefficientWords (4.0s)
✔ [3691/3730] Built Nonadditivity.HaarIteratedExpectation (10s)
✔ [3692/3730] Built Nonadditivity.HaarCoreChainLabels (4.5s)
⚠ [3693/3730] Built Nonadditivity.HaarOperatorPathBridge (5.8s)
warning: Nonadditivity/HaarOperatorPathBridge.lean:132:11: unused variable `z`

Note: This linter can be disabled with `set_option linter.unusedVariables false`
warning: Nonadditivity/HaarOperatorPathBridge.lean:133:12: unused variable `P`

Note: This linter can be disabled with `set_option linter.unusedVariables false`
✔ [3694/3730] Built Nonadditivity.HaarProfileBlockCoefficients (8.9s)
✔ [3695/3730] Built Nonadditivity.HaarChainMultiplicity (4.1s)
⚠ [3696/3730] Built Nonadditivity.HaarRecursiveSample (7.5s)
warning: Nonadditivity/HaarRecursiveSample.lean:93:35: `MeasureTheory.measureReal_univ_eq_one` has been deprecated: Use `MeasureTheory.probReal_univ` instead
✔ [3697/3730] Built Nonadditivity.HaarCoreChainAddress (3.5s)
✔ [3698/3730] Built Nonadditivity.HaarCoreChainWords (10s)
⚠ [3699/3730] Built Nonadditivity.HaarProfilePatternBound (9.5s)
warning: Nonadditivity/HaarProfilePatternBound.lean:95:45: Used `tac1 <;> tac2` where `(tac1; tac2)` would suffice

Note: This linter can be disabled with `set_option linter.unnecessarySeqFocus false`
✔ [3700/3730] Built Nonadditivity.HaarOperatorPathSum (11s)
✔ [3701/3730] Built Nonadditivity.HaarCoreChainReverseAddress (4.5s)
⚠ [3702/3730] Built Nonadditivity.HaarCanonicalTransport (10s)
warning: Nonadditivity/HaarCanonicalTransport.lean:61:79: This simp argument is unused:
  Matrix.one_apply

Hint: Omit it from the simp argument list.
  simp [recursiveRepresentation, tensorTupleEquiv,̵ ̵M̵a̵t̵r̵i̵x̵.̵o̵n̵e̵_̵a̵p̵p̵l̵y̵]

Note: This linter can be disabled with `set_option linter.unusedSimpArgs false`
warning: Nonadditivity/HaarCanonicalTransport.lean:76:78: This simp argument is unused:
  Matrix.one_apply

Hint: Omit it from the simp argument list.
  simp [StructuredHaarModel.tensorRepresentation,̵ ̵M̵a̵t̵r̵i̵x̵.̵o̵n̵e̵_̵a̵p̵p̵l̵y̵]

Note: This linter can be disabled with `set_option linter.unusedSimpArgs false`
⚠ [3703/3730] Built Nonadditivity.HaarProfileAssignmentBound (5.6s)
warning: Nonadditivity/HaarProfileAssignmentBound.lean:63:12: Try `simp at hi` instead of `simpa using hi`

Note: This linter can be disabled with `set_option linter.unnecessarySimpa false`
warning: Nonadditivity/HaarProfileAssignmentBound.lean:69:8: try 'simp' instead of 'simpa'

Note: This linter can be disabled with `set_option linter.unnecessarySimpa false`
warning: Nonadditivity/HaarProfileAssignmentBound.lean:72:6: try 'simp' instead of 'simpa'

Note: This linter can be disabled with `set_option linter.unnecessarySimpa false`
warning: Nonadditivity/HaarProfileAssignmentBound.lean:75:6: try 'simp' instead of 'simpa'

Note: This linter can be disabled with `set_option linter.unnecessarySimpa false`
warning: Nonadditivity/HaarProfileAssignmentBound.lean:82:8: try 'simp' instead of 'simpa'

Note: This linter can be disabled with `set_option linter.unnecessarySimpa false`
✔ [3704/3730] Built Nonadditivity.HaarProfileSingletonWeight (4.5s)
✔ [3705/3730] Built Nonadditivity.HaarPathClassStats (4.3s)
⚠ [3706/3730] Built Nonadditivity.HaarPathWeightBudget (4.5s)
warning: Nonadditivity/HaarPathWeightBudget.lean:49:47: unused variable `hs`

Note: This linter can be disabled with `set_option linter.unusedVariables false`
✔ [3707/3730] Built Nonadditivity.HaarPathClassSums (4.6s)
✔ [3708/3730] Built Nonadditivity.HaarProfileWordReverse (3.6s)
✔ [3709/3730] Built Nonadditivity.HaarCoreChainEndpoints (3.4s)
✔ [3710/3730] Built Nonadditivity.HaarRepresentativePositions (3.7s)
✔ [3711/3730] Built Nonadditivity.HaarProfileDecodedCoefficients (4.0s)
✔ [3712/3730] Built Nonadditivity.HaarChainColoring (5.1s)
⚠ [3713/3730] Built Nonadditivity.HaarExpectationFromMoment (5.0s)
warning: Nonadditivity/HaarExpectationFromMoment.lean:89:53: This simp argument is unused:
  Pi.inv_apply

Hint: Omit it from the simp argument list.
  simp only [ProductPolynomialReduction.generator, P̵i̵.̵i̵n̵v̵_̵a̵p̵p̵l̵y̵,̵ ̵FreeGroup.norm_inv_eq,
       ̵ ̵apply_ite FreeGroup.norm, FreeGroup.norm_of, FreeGroup.norm_one]

Note: This linter can be disabled with `set_option linter.unusedSimpArgs false`
warning: Nonadditivity/HaarExpectationFromMoment.lean:89:67: This simp argument is unused:
  FreeGroup.norm_inv_eq

Hint: Omit it from the simp argument list.
  simp only [ProductPolynomialReduction.generator, Pi.inv_apply, F̵r̵e̵e̵G̵r̵o̵u̵p̵.̵n̵o̵r̵m̵_̵i̵n̵v̵_̵e̵q̵,̵apply_ite FreeGroup.norm,
  ̲  ̲ ̲ ̲FreeGroup.norm_of, FreeGroup.norm_one]

Note: This linter can be disabled with `set_option linter.unusedSimpArgs false`
✔ [3714/3730] Built Nonadditivity.HaarProfileCompositionBound (4.9s)
✔ [3715/3730] Built Nonadditivity.HaarChainReindex (3.7s)
⚠ [3716/3730] Built Nonadditivity.HaarChainColoringPath (3.8s)
warning: Nonadditivity/HaarChainColoringPath.lean:26:8: automatically included section variable(s) unused in theorem `Nonadditivity.HaarPathGraph.Path.ChainColoring.path_vertex`:
  [Fintype V]
consider restructuring your `variable` declarations so that the variables are not in scope or explicitly omit them:
  omit [Fintype V] in theorem ...

Note: This linter can be disabled with `set_option linter.unusedSectionVars false`
warning: Nonadditivity/HaarChainColoringPath.lean:27:8: automatically included section variable(s) unused in theorem `Nonadditivity.HaarPathGraph.Path.ChainColoring.path_colors`:
  [Fintype V]
consider restructuring your `variable` declarations so that the variables are not in scope or explicitly omit them:
  omit [Fintype V] in theorem ...

Note: This linter can be disabled with `set_option linter.unusedSectionVars false`
⚠ [3717/3730] Built Nonadditivity.HaarSkeletonSegmentation (4.3s)
warning: Nonadditivity/HaarSkeletonSegmentation.lean:45:46: This simp argument is unused:
  List.append_assoc

Hint: Omit it from the simp argument list.
  simp [reverseFactors, ih,̵ ̵L̵i̵s̵t̵.̵a̵p̵p̵e̵n̵d̵_̵a̵s̵s̵o̵c̵]

Note: This linter can be disabled with `set_option linter.unusedSimpArgs false`
✔ [3718/3730] Built Nonadditivity.HaarChainColoringPalettes (4.4s)
✔ [3719/3730] Built Nonadditivity.HaarPrescribedDimension (3.6s)
⚠ [3720/3730] Built Nonadditivity.HaarRefinedWeight (4.2s)
warning: Nonadditivity/HaarRefinedWeight.lean:31:67: try 'simp' instead of 'simpa'

Note: This linter can be disabled with `set_option linter.unnecessarySimpa false`
⚠ [3721/3730] Built Nonadditivity.HaarChainColoringFibre (3.7s)
warning: Nonadditivity/HaarChainColoringFibre.lean:62:7: automatically included section variable(s) unused in theorem `Nonadditivity.HaarPathGraph.Path.ChainColoring.ext_value`:
  [Fintype V]
consider restructuring your `variable` declarations so that the variables are not in scope or explicitly omit them:
  omit [Fintype V] in theorem ...

Note: This linter can be disabled with `set_option linter.unusedSectionVars false`
⚠ [3722/3730] Built Nonadditivity.HaarDecodedCoefficientBound (4.2s)
warning: Nonadditivity/HaarDecodedCoefficientBound.lean:29:0: automatically included section variable(s) unused in theorem `Nonadditivity.HaarDecodedCoefficientBound.blockFactors_segmentedListProduct`:
  [Fintype I]
consider restructuring your `variable` declarations so that the variables are not in scope or explicitly omit them:
  omit [Fintype I] in theorem ...

Note: This linter can be disabled with `set_option linter.unusedSectionVars false`
✔ [3723/3730] Built Nonadditivity.HaarPaletteDecoder (3.9s)
⚠ [3724/3730] Built ComparatorChallenges.A_PrescribedDimensions (2.0s)
warning: ComparatorChallenges/A_PrescribedDimensions.lean:13:8: declaration uses `sorry`
✔ [3725/3730] Built Nonadditivity.HaarRefinedPaletteFibre (3.2s)
✔ [3726/3730] Built Nonadditivity.HaarPathClassAssembly (4.3s)
⚠ [3727/3730] Built Nonadditivity.HaarActualScanWords (2.7s)
warning: Nonadditivity/HaarActualScanWords.lean:29:0: automatically included section variable(s) unused in theorem `Nonadditivity.HaarActualScanWords.scanWords_eq_actual_chunks`:
  [Fintype V]
consider restructuring your `variable` declarations so that the variables are not in scope or explicitly omit them:
  omit [Fintype V] in theorem ...

Note: This linter can be disabled with `set_option linter.unusedSectionVars false`
✔ [3728/3730] Built Nonadditivity.HaarRefinedCoefficientFibre (2.0s)
✔ [3729/3730] Built Nonadditivity.HaarRefinedCoefficientBound (3.1s)
✔ [3730/3730] Built Nonadditivity.HaarPrescribedBound (3.2s)
Build completed successfully (3730 jobs).
Exporting challenge: ComparatorChallenges.A_PrescribedDimensions
+ lake env /home/runner/work/Holevo-Additivity-Gap/Holevo-Additivity-Gap/.verify-work/comparator/.lake/packages/lean4export/.lake/build/bin/lean4export ComparatorChallenges.A_PrescribedDimensions -- Nonadditivity.HaarPrescribedDimension.exists_prescribed_channel_with_lower_bound propext Quot.sound Classical.choice Nat.add Nat.sub Nat.mul Nat.pow Nat.gcd Nat.div Nat.mod Nat.beq Nat.ble Nat.land Nat.lor Nat.xor Nat.shiftLeft Nat.shiftRight String.ofList
Exporting solution: Nonadditivity.HaarPrescribedBound
+ lake env /home/runner/work/Holevo-Additivity-Gap/Holevo-Additivity-Gap/.verify-work/comparator/.lake/packages/lean4export/.lake/build/bin/lean4export Nonadditivity.HaarPrescribedBound -- Nonadditivity.HaarPrescribedDimension.exists_prescribed_channel_with_lower_bound propext Quot.sound Classical.choice Nat.add Nat.sub Nat.mul Nat.pow Nat.gcd Nat.div Nat.mod Nat.beq Nat.ble Nat.land Nat.lor Nat.xor Nat.shiftLeft Nat.shiftRight String.ofList
+ lake env lean --run /home/runner/work/Holevo-Additivity-Gap/Holevo-Additivity-Gap/verification/comparator/ReplayExports.lean /home/runner/work/Holevo-Additivity-Gap/Holevo-Additivity-Gap/ComparatorChallenges/A_PrescribedDimensions.json /tmp/holevo-comparator-p6wksrgy/challenge.export /tmp/holevo-comparator-p6wksrgy/solution.export
UNSANDBOXED diagnostic: parsing exports. Nanoda is disabled.
Pinned Comparator: statements and referenced constants match.
Pinned Comparator: solution axiom closure accepted.
Lean kernel replay accepted. UNSANDBOXED diagnostic only.
LOCAL DIAGNOSTIC PASSED: ComparatorChallenges/A_PrescribedDimensions.json
+ lake build ComparatorChallenges.B_OperationalCoding Nonadditivity.OperationalCodingTheorem
✔ [3457/3471] Built Nonadditivity.QuantumCodingSpectral (5.4s)
✔ [3458/3471] Built Nonadditivity.OperationalConverse (5.6s)
✔ [3459/3471] Built Nonadditivity.QuantumCodingTypicality (5.4s)
✔ [3460/3471] Built Nonadditivity.QuantumCodingSampling (5.6s)
✔ [3461/3471] Built Nonadditivity.QuantumCodingFamilySpectrum (3.8s)
✔ [3462/3471] Built Nonadditivity.QuantumCodingTensorSpectrum (4.3s)
✔ [3463/3478] Built Nonadditivity.QuantumCodingSequential (5.1s)
✔ [3467/3480] Built Nonadditivity.OperationalCapacity (5.2s)
✔ [3468/3482] Built Nonadditivity.QuantumCodingConditionalTypicality (3.0s)
✔ [3469/3482] Built Nonadditivity.QuantumCodingTypicalProjectors (3.6s)
⚠ [3470/3482] Built ComparatorChallenges.B_OperationalCoding (3.1s)
warning: ComparatorChallenges/B_OperationalCoding.lean:16:8: declaration uses `sorry`
✔ [3471/3482] Built Nonadditivity.QuantumCodingUnion (4.8s)
✔ [3472/3482] Built Nonadditivity.OperationalReindex (3.8s)
✔ [3473/3489] Built Nonadditivity.QuantumCodingRates (3.9s)
✔ [3476/3489] Built Nonadditivity.QuantumCodingPackingAverages (3.4s)
✔ [3478/3490] Built Nonadditivity.QuantumCodingChannelWords (4.5s)
✔ [3479/3490] Built Nonadditivity.QuantumCodingEnsembleTypicality (4.3s)
✔ [3480/3493] Built Nonadditivity.OperationalBlockRates (4.9s)
✔ [3481/3495] Built Nonadditivity.QuantumCodingTraceUnion (7.4s)
✔ [3482/3495] Built Nonadditivity.OperationalBlockingCodes (4.4s)
✔ [3484/3498] Built Nonadditivity.QuantumCodingTypicalTests (5.1s)
✔ [3485/3498] Built Nonadditivity.OperationalNaimark (6.3s)
✔ [3486/3498] Built Nonadditivity.QuantumCodingContinuity (6.6s)
✔ [3487/3498] Built Nonadditivity.OperationalFlaggedEntropy (5.3s)
✔ [3488/3498] Built Nonadditivity.OperationalBlockingFlatten (4.7s)
✔ [3489/3498] Built Nonadditivity.QuantumCodingTraceDistance (4.4s)
✔ [3490/3498] Built Nonadditivity.QuantumCodingDecoderBound (8.1s)
✔ [3491/3498] Built Nonadditivity.OperationalBlocking (4.4s)
✔ [3492/3498] Built Nonadditivity.QuantumCodingPacking (5.1s)
✔ [3493/3498] Built Nonadditivity.OperationalHolevoConverse (5.4s)
✔ [3494/3498] Built Nonadditivity.OperationalProjectedCode (2.2s)
✔ [3495/3498] Built Nonadditivity.QuantumCodingHSW (3.4s)
✔ [3496/3498] Built Nonadditivity.QuantumCodingGentle (9.1s)
✔ [3497/3498] Built Nonadditivity.OperationalWeakConverse (2.9s)
✔ [3498/3498] Built Nonadditivity.OperationalCodingTheorem (2.2s)
Build completed successfully (3498 jobs).
Exporting challenge: ComparatorChallenges.B_OperationalCoding
+ lake env /home/runner/work/Holevo-Additivity-Gap/Holevo-Additivity-Gap/.verify-work/comparator/.lake/packages/lean4export/.lake/build/bin/lean4export ComparatorChallenges.B_OperationalCoding -- Nonadditivity.Operational.operationalCapacity_eq_regularizedHolevoSupremum propext Quot.sound Classical.choice Nat.add Nat.sub Nat.mul Nat.pow Nat.gcd Nat.div Nat.mod Nat.beq Nat.ble Nat.land Nat.lor Nat.xor Nat.shiftLeft Nat.shiftRight String.ofList
Exporting solution: Nonadditivity.OperationalCodingTheorem
+ lake env /home/runner/work/Holevo-Additivity-Gap/Holevo-Additivity-Gap/.verify-work/comparator/.lake/packages/lean4export/.lake/build/bin/lean4export Nonadditivity.OperationalCodingTheorem -- Nonadditivity.Operational.operationalCapacity_eq_regularizedHolevoSupremum propext Quot.sound Classical.choice Nat.add Nat.sub Nat.mul Nat.pow Nat.gcd Nat.div Nat.mod Nat.beq Nat.ble Nat.land Nat.lor Nat.xor Nat.shiftLeft Nat.shiftRight String.ofList
+ lake env lean --run /home/runner/work/Holevo-Additivity-Gap/Holevo-Additivity-Gap/verification/comparator/ReplayExports.lean /home/runner/work/Holevo-Additivity-Gap/Holevo-Additivity-Gap/ComparatorChallenges/B_OperationalCoding.json /tmp/holevo-comparator-_cupvkce/challenge.export /tmp/holevo-comparator-_cupvkce/solution.export
UNSANDBOXED diagnostic: parsing exports. Nanoda is disabled.
Pinned Comparator: statements and referenced constants match.
Pinned Comparator: solution axiom closure accepted.
Lean kernel replay accepted. UNSANDBOXED diagnostic only.
LOCAL DIAGNOSTIC PASSED: ComparatorChallenges/B_OperationalCoding.json
+ lake build ComparatorChallenges.C_SmallInformationSeparation Nonadditivity.OperationalConsequences
⚠ [3542/3551] Built ComparatorChallenges.C_SmallInformationSeparation (3.4s)
warning: ComparatorChallenges/C_SmallInformationSeparation.lean:13:8: declaration uses `sorry`
✔ [3544/3554] Built Nonadditivity.CanonicalBlockBell (5.2s)
✔ [3545/3558] Built Nonadditivity.GaussianNormalization (6.6s)
✔ [3546/3558] Built Nonadditivity.DampedChannel (7.4s)
✔ [3547/3558] Built Nonadditivity.EntropyContinuity (7.6s)
✔ [3548/3558] Built Nonadditivity.GeneralBell (8.4s)
✔ [3549/3558] Built Nonadditivity.StrictEntropy (6.5s)
✔ [3550/3638] Built Nonadditivity.SpectralDamping (8.3s)
⚠ [3563/3638] Replayed Nonadditivity.HaarNonbacktrackingLastReturn
warning: Nonadditivity/HaarNonbacktrackingLastReturn.lean:67:0: automatically included section variable(s) unused in theorem `Nonadditivity.HaarNonbacktracking.last_return_polynomial_decomposition`:
  [DecidableEq G]
consider restructuring your `variable` declarations so that the variables are not in scope or explicitly omit them:
  omit [DecidableEq G] in theorem ...

Note: This linter can be disabled with `set_option linter.unusedSectionVars false`
warning: Nonadditivity/HaarNonbacktrackingLastReturn.lean:107:0: automatically included section variable(s) unused in theorem `Nonadditivity.HaarNonbacktracking.last_visit_polynomial_decomposition`:
  [DecidableEq G]
consider restructuring your `variable` declarations so that the variables are not in scope or explicitly omit them:
  omit [DecidableEq G] in theorem ...

Note: This linter can be disabled with `set_option linter.unusedSectionVars false`
⚠ [3564/3638] Replayed Nonadditivity.HaarOperatorPolynomial
warning: Nonadditivity/HaarOperatorPolynomial.lean:77:0: automatically included section variable(s) unused in theorem `Nonadditivity.HaarOperatorPolynomial.regular_vacuum`:
  [CompleteSpace E]
consider restructuring your `variable` declarations so that the variables are not in scope or explicitly omit them:
  omit [CompleteSpace E] in theorem ...

Note: This linter can be disabled with `set_option linter.unusedSectionVars false`
⚠ [3568/3638] Replayed Nonadditivity.HaarNonbacktrackingFirstStep
warning: Nonadditivity/HaarNonbacktrackingFirstStep.lean:47:0: automatically included section variable(s) unused in theorem `Nonadditivity.HaarNonbacktracking.killedPolynomial_sum_source`:
  [DecidableEq G]
consider restructuring your `variable` declarations so that the variables are not in scope or explicitly omit them:
  omit [DecidableEq G] in theorem ...

Note: This linter can be disabled with `set_option linter.unusedSectionVars false`
⚠ [3569/3638] Replayed Nonadditivity.HaarProfileCoefficient
warning: Nonadditivity/HaarProfileCoefficient.lean:85:0: automatically included section variable(s) unused in theorem `Nonadditivity.HaarProfileCoefficient.returningCoefficients_eq_firstStep`:
  [CompleteSpace E]
consider restructuring your `variable` declarations so that the variables are not in scope or explicitly omit them:
  omit [CompleteSpace E] in theorem ...

Note: This linter can be disabled with `set_option linter.unusedSectionVars false`
⚠ [3579/3638] Replayed Nonadditivity.HaarPathExploration
warning: Nonadditivity/HaarPathExploration.lean:56:0: automatically included section variable(s) unused in theorem `Nonadditivity.HaarPathGraph.Path.firstVisit_terminal_ne_root`:
  [DecidableEq V]
consider restructuring your `variable` declarations so that the variables are not in scope or explicitly omit them:
  omit [DecidableEq V] in theorem ...

Note: This linter can be disabled with `set_option linter.unusedSectionVars false`
warning: Nonadditivity/HaarPathExploration.lean:118:0: automatically included section variable(s) unused in theorem `Nonadditivity.HaarPathGraph.Path.firstVisit_edge_not_earlier`:
  [DecidableEq V]
consider restructuring your `variable` declarations so that the variables are not in scope or explicitly omit them:
  omit [DecidableEq V] in theorem ...

Note: This linter can be disabled with `set_option linter.unusedSectionVars false`
⚠ [3612/3638] Replayed Nonadditivity.HaarPathClassData
warning: Nonadditivity/HaarPathClassData.lean:33:0: automatically included section variable(s) unused in theorem `Nonadditivity.HaarPathClasses.SamePattern.incidenceVertex_iff`:
  [DecidableEq V]
consider restructuring your `variable` declarations so that the variables are not in scope or explicitly omit them:
  omit [DecidableEq V] in theorem ...

Note: This linter can be disabled with `set_option linter.unusedSectionVars false`
warning: Nonadditivity/HaarPathClassData.lean:38:0: automatically included section variable(s) unused in theorem `Nonadditivity.HaarPathClasses.SamePattern.firstVisit_iff`:
  [DecidableEq V]
consider restructuring your `variable` declarations so that the variables are not in scope or explicitly omit them:
  omit [DecidableEq V] in theorem ...

Note: This linter can be disabled with `set_option linter.unusedSectionVars false`
warning: Nonadditivity/HaarPathClassData.lean:51:0: automatically included section variable(s) unused in theorem `Nonadditivity.HaarPathClasses.SamePattern.edgeAt_eq_iff`:
  [DecidableEq V]
consider restructuring your `variable` declarations so that the variables are not in scope or explicitly omit them:
  omit [DecidableEq V] in theorem ...

Note: This linter can be disabled with `set_option linter.unusedSectionVars false`
⚠ [3613/3638] Replayed Nonadditivity.HaarPathTransport
warning: Nonadditivity/HaarPathTransport.lean:23:8: automatically included section variable(s) unused in theorem `Nonadditivity.HaarPathClasses.source_incidenceDart`:
  [Fintype V]
  [DecidableEq V]
consider restructuring your `variable` declarations so that the variables are not in scope or explicitly omit them:
  omit [Fintype V] [DecidableEq V] in theorem ...

Note: This linter can be disabled with `set_option linter.unusedSectionVars false`
warning: Nonadditivity/HaarPathTransport.lean:28:8: automatically included section variable(s) unused in theorem `Nonadditivity.HaarPathClasses.color_incidenceDart`:
  [Fintype V]
  [DecidableEq V]
consider restructuring your `variable` declarations so that the variables are not in scope or explicitly omit them:
  omit [Fintype V] [DecidableEq V] in theorem ...

Note: This linter can be disabled with `set_option linter.unusedSectionVars false`
warning: Nonadditivity/HaarPathTransport.lean:33:8: automatically included section variable(s) unused in theorem `Nonadditivity.HaarPathClasses.incidenceDart_flip`:
  [Fintype V]
  [DecidableEq V]
consider restructuring your `variable` declarations so that the variables are not in scope or explicitly omit them:
  omit [Fintype V] [DecidableEq V] in theorem ...

Note: This linter can be disabled with `set_option linter.unusedSectionVars false`
warning: Nonadditivity/HaarPathTransport.lean:38:0: automatically included section variable(s) unused in theorem `Nonadditivity.HaarPathClasses.dart_eq_iff_source_color_target`:
  [Fintype V]
  [DecidableEq V]
consider restructuring your `variable` declarations so that the variables are not in scope or explicitly omit them:
  omit [Fintype V] [DecidableEq V] in theorem ...

Note: This linter can be disabled with `set_option linter.unusedSectionVars false`
warning: Nonadditivity/HaarPathTransport.lean:42:69: Used `tac1 <;> tac2` where `(tac1; tac2)` would suffice

Note: This linter can be disabled with `set_option linter.unnecessarySeqFocus false`
warning: Nonadditivity/HaarPathTransport.lean:44:0: automatically included section variable(s) unused in theorem `Nonadditivity.HaarPathClasses.incidenceDart_mem`:
  [Fintype V]
consider restructuring your `variable` declarations so that the variables are not in scope or explicitly omit them:
  omit [Fintype V] in theorem ...

Note: This linter can be disabled with `set_option linter.unusedSectionVars false`
warning: Nonadditivity/HaarPathTransport.lean:50:0: automatically included section variable(s) unused in theorem `Nonadditivity.HaarPathClasses.exists_incidenceDart`:
  [Fintype V]
consider restructuring your `variable` declarations so that the variables are not in scope or explicitly omit them:
  omit [Fintype V] in theorem ...

Note: This linter can be disabled with `set_option linter.unusedSectionVars false`
warning: Nonadditivity/HaarPathTransport.lean:86:8: automatically included section variable(s) unused in theorem `Nonadditivity.HaarPathClasses.SamePattern.vertexPerm_apply`:
  [DecidableEq V]
consider restructuring your `variable` declarations so that the variables are not in scope or explicitly omit them:
  omit [DecidableEq V] in theorem ...

Note: This linter can be disabled with `set_option linter.unusedSectionVars false`
warning: Nonadditivity/HaarPathTransport.lean:187:0: automatically included section variable(s) unused in theorem `Nonadditivity.HaarPathClasses.SamePattern.symm`:
  [Fintype V]
  [DecidableEq V]
consider restructuring your `variable` declarations so that the variables are not in scope or explicitly omit them:
  omit [Fintype V] [DecidableEq V] in theorem ...

Note: This linter can be disabled with `set_option linter.unusedSectionVars false`
⚠ [3614/3638] Replayed Nonadditivity.HaarPathRefined
warning: Nonadditivity/HaarPathRefined.lean:23:0: automatically included section variable(s) unused in theorem `Nonadditivity.HaarPathClasses.SamePattern.refl`:
  [Fintype V]
  [DecidableEq V]
consider restructuring your `variable` declarations so that the variables are not in scope or explicitly omit them:
  omit [Fintype V] [DecidableEq V] in theorem ...

Note: This linter can be disabled with `set_option linter.unusedSectionVars false`
warning: Nonadditivity/HaarPathRefined.lean:25:0: automatically included section variable(s) unused in theorem `Nonadditivity.HaarPathClasses.SamePattern.trans`:
  [Fintype V]
  [DecidableEq V]
consider restructuring your `variable` declarations so that the variables are not in scope or explicitly omit them:
  omit [Fintype V] [DecidableEq V] in theorem ...

Note: This linter can be disabled with `set_option linter.unusedSectionVars false`
warning: Nonadditivity/HaarPathRefined.lean:68:0: automatically included section variable(s) unused in theorem `Nonadditivity.HaarPathClasses.coreChainProfile_eq_of_colorList_eq`:
  [Fintype V]
consider restructuring your `variable` declarations so that the variables are not in scope or explicitly omit them:
  omit [Fintype V] in theorem ...

Note: This linter can be disabled with `set_option linter.unusedSectionVars false`
⚠ [3619/3638] Replayed Nonadditivity.HaarPathVertexFibre
warning: Nonadditivity/HaarPathVertexFibre.lean:77:0: automatically included section variable(s) unused in theorem `Nonadditivity.HaarPathVertexFibre.normalize_samePattern`:
  [Fintype V]
consider restructuring your `variable` declarations so that the variables are not in scope or explicitly omit them:
  omit [Fintype V] in theorem ...

Note: This linter can be disabled with `set_option linter.unusedSectionVars false`
warning: Nonadditivity/HaarPathVertexFibre.lean:88:8: automatically included section variable(s) unused in theorem `Nonadditivity.HaarPathVertexFibre.labels_apply`:
  [Fintype V]
consider restructuring your `variable` declarations so that the variables are not in scope or explicitly omit them:
  omit [Fintype V] in theorem ...

Note: This linter can be disabled with `set_option linter.unusedSectionVars false`
warning: Nonadditivity/HaarPathVertexFibre.lean:99:0: automatically included section variable(s) unused in theorem `Nonadditivity.HaarPathVertexFibre.reconstruct_samePattern`:
  [Fintype V]
consider restructuring your `variable` declarations so that the variables are not in scope or explicitly omit them:
  omit [Fintype V] in theorem ...

Note: This linter can be disabled with `set_option linter.unusedSectionVars false`
⚠ [3620/3638] Replayed Nonadditivity.HaarRefinedVertexFibre
warning: Nonadditivity/HaarRefinedVertexFibre.lean:85:0: automatically included section variable(s) unused in theorem `Nonadditivity.HaarRefinedVertexFibre.range_vertex_eq`:
  [Fintype V]
consider restructuring your `variable` declarations so that the variables are not in scope or explicitly omit them:
  omit [Fintype V] in theorem ...

Note: This linter can be disabled with `set_option linter.unusedSectionVars false`
⚠ [3621/3638] Replayed Nonadditivity.HaarChainColoringPath
warning: Nonadditivity/HaarChainColoringPath.lean:26:8: automatically included section variable(s) unused in theorem `Nonadditivity.HaarPathGraph.Path.ChainColoring.path_vertex`:
  [Fintype V]
consider restructuring your `variable` declarations so that the variables are not in scope or explicitly omit them:
  omit [Fintype V] in theorem ...

Note: This linter can be disabled with `set_option linter.unusedSectionVars false`
warning: Nonadditivity/HaarChainColoringPath.lean:27:8: automatically included section variable(s) unused in theorem `Nonadditivity.HaarPathGraph.Path.ChainColoring.path_colors`:
  [Fintype V]
consider restructuring your `variable` declarations so that the variables are not in scope or explicitly omit them:
  omit [Fintype V] in theorem ...

Note: This linter can be disabled with `set_option linter.unusedSectionVars false`
⚠ [3622/3638] Replayed Nonadditivity.HaarChainColoringFibre
warning: Nonadditivity/HaarChainColoringFibre.lean:62:7: automatically included section variable(s) unused in theorem `Nonadditivity.HaarPathGraph.Path.ChainColoring.ext_value`:
  [Fintype V]
consider restructuring your `variable` declarations so that the variables are not in scope or explicitly omit them:
  omit [Fintype V] in theorem ...

Note: This linter can be disabled with `set_option linter.unusedSectionVars false`
⚠ [3627/3638] Replayed Nonadditivity.HaarPathFreshRuns
warning: Nonadditivity/HaarPathFreshRuns.lean:59:0: automatically included section variable(s) unused in theorem `Nonadditivity.HaarPathClasses.prefixSamePattern_extend_firstVisit`:
  [DecidableEq V]
consider restructuring your `variable` declarations so that the variables are not in scope or explicitly omit them:
  omit [DecidableEq V] in theorem ...

Note: This linter can be disabled with `set_option linter.unusedSectionVars false`
warning: Nonadditivity/HaarPathFreshRuns.lean:113:0: automatically included section variable(s) unused in theorem `Nonadditivity.HaarPathClasses.incidence_at_fresh_vertex_unique`:
  [DecidableEq V]
consider restructuring your `variable` declarations so that the variables are not in scope or explicitly omit them:
  omit [DecidableEq V] in theorem ...

Note: This linter can be disabled with `set_option linter.unusedSectionVars false`
⚠ [3629/3638] Replayed Nonadditivity.HaarPathVertexNames
warning: Nonadditivity/HaarPathVertexNames.lean:30:4: try 'simp' instead of 'simpa'

Note: This linter can be disabled with `set_option linter.unnecessarySimpa false`
warning: Nonadditivity/HaarPathVertexNames.lean:24:0: automatically included section variable(s) unused in theorem `Nonadditivity.HaarPathGraph.Path.earlier_occurrence`:
  [DecidableEq V]
consider restructuring your `variable` declarations so that the variables are not in scope or explicitly omit them:
  omit [DecidableEq V] in theorem ...

Note: This linter can be disabled with `set_option linter.unusedSectionVars false`
⚠ [3638/3780] Replayed Nonadditivity.HaarPathTreeSegment
warning: Nonadditivity/HaarPathTreeSegment.lean:60:0: automatically included section variable(s) unused in theorem `Nonadditivity.HaarPathGraph.Path.firstVisit_unoriented_injective`:
  [DecidableEq V]
consider restructuring your `variable` declarations so that the variables are not in scope or explicitly omit them:
  omit [DecidableEq V] in theorem ...

Note: This linter can be disabled with `set_option linter.unusedSectionVars false`
warning: Nonadditivity/HaarPathTreeSegment.lean:74:0: automatically included section variable(s) unused in theorem `Nonadditivity.HaarPathGraph.Path.edgeAt_eq_unoriented`:
  [DecidableEq V]
consider restructuring your `variable` declarations so that the variables are not in scope or explicitly omit them:
  omit [DecidableEq V] in theorem ...

Note: This linter can be disabled with `set_option linter.unusedSectionVars false`
warning: Nonadditivity/HaarPathTreeSegment.lean:111:5: unused variable `hai`

Note: This linter can be disabled with `set_option linter.unusedVariables false`
warning: Nonadditivity/HaarPathTreeSegment.lean:131:8: automatically included section variable(s) unused in theorem `Nonadditivity.HaarPathGraph.Path.vertexAt_fin`:
  [DecidableEq V]
consider restructuring your `variable` declarations so that the variables are not in scope or explicitly omit them:
  omit [DecidableEq V] in theorem ...

Note: This linter can be disabled with `set_option linter.unusedSectionVars false`
warning: Nonadditivity/HaarPathTreeSegment.lean:137:0: automatically included section variable(s) unused in theorem `Nonadditivity.HaarPathGraph.Path.vertexAt_eq`:
  [DecidableEq V]
consider restructuring your `variable` declarations so that the variables are not in scope or explicitly omit them:
  omit [DecidableEq V] in theorem ...

Note: This linter can be disabled with `set_option linter.unusedSectionVars false`
⚠ [3640/3780] Replayed Nonadditivity.HaarPathNormalizedTreeColors
warning: Nonadditivity/HaarPathNormalizedTreeColors.lean:43:48: unused variable `hab`

Note: This linter can be disabled with `set_option linter.unusedVariables false`
warning: Nonadditivity/HaarPathNormalizedTreeColors.lean:43:62: unused variable `hbm`

Note: This linter can be disabled with `set_option linter.unusedVariables false`
⚠ [3643/3780] Replayed Nonadditivity.HaarPathRefinedCounting
warning: Nonadditivity/HaarPathRefinedCounting.lean:54:0: automatically included section variable(s) unused in theorem `Nonadditivity.HaarPathClasses.orientation_cases`:
  [Fintype V]
consider restructuring your `variable` declarations so that the variables are not in scope or explicitly omit them:
  omit [Fintype V] in theorem ...

Note: This linter can be disabled with `set_option linter.unusedSectionVars false`
⚠ [3651/3780] Replayed Nonadditivity.HaarTensorReplacement
warning: Nonadditivity/HaarTensorReplacement.lean:44:32: This simp argument is unused:
  Matrix.one_mul

Hint: Omit it from the simp argument list.
  simp only [MonoidAlgebra.single_mul_single, one_mul, mul_one, ← Matrix.mul_kronecker_mul,
  ̲  ̲ ̲ ̲M̵a̵t̵r̵i̵x̵.̵o̵n̵e̵_̵m̵u̵l̵,̵ ̵Matrix.mul_one]

Note: This linter can be disabled with `set_option linter.unusedSimpArgs false`
warning: Nonadditivity/HaarTensorReplacement.lean:44:48: This simp argument is unused:
  Matrix.mul_one

Hint: Omit it from the simp argument list.
  simp only [MonoidAlgebra.single_mul_single, one_mul, mul_one, ← Matrix.mul_kronecker_mul,
  ̲  ̲ ̲ ̲M̵a̵t̵r̵i̵x̵.̵o̵n̵e̵_̵m̵u̵l̵,̵ ̵M̵a̵t̵r̵i̵x̵.̵m̵u̵l̵_̵o̵n̵e̵]̵M̲a̲t̲r̲i̲x̲.̲o̲n̲e̲_̲m̲u̲l̲]̲

Note: This linter can be disabled with `set_option linter.unusedSimpArgs false`
warning: Nonadditivity/HaarTensorReplacement.lean:58:48: This simp argument is unused:
  Matrix.one_mul

Hint: Omit it from the simp argument list.
  simp only [MonoidAlgebra.single_mul_single, one_mul, ← Matrix.mul_kronecker_mul, M̵a̵t̵r̵i̵x̵.̵m̵u̵l̵_̵o̵n̵e̵,̵ ̵M̵a̵t̵r̵i̵x̵.̵o̵n̵e̵_̵m̵u̵l̵]̵M̲a̲t̲r̲i̲x̲.̲m̲u̲l̲_̲o̲n̲e̲]̲

Note: This linter can be disabled with `set_option linter.unusedSimpArgs false`
⚠ [3712/3780] Replayed Nonadditivity.HaarOperatorPathBridge
warning: Nonadditivity/HaarOperatorPathBridge.lean:132:11: unused variable `z`

Note: This linter can be disabled with `set_option linter.unusedVariables false`
warning: Nonadditivity/HaarOperatorPathBridge.lean:133:12: unused variable `P`

Note: This linter can be disabled with `set_option linter.unusedVariables false`
⚠ [3713/3780] Replayed Nonadditivity.HaarPathBalance
warning: Nonadditivity/HaarPathBalance.lean:35:40: This simp argument is unused:
  visitCount

Hint: Omit it from the simp argument list.
  simp [v̵i̵s̵i̵t̵C̵o̵u̵n̵t̵,̵hi]

Note: This linter can be disabled with `set_option linter.unusedSimpArgs false`
warning: Nonadditivity/HaarPathBalance.lean:63:42: This simp argument is unused:
  incomingCount

Hint: Omit it from the simp argument list.
  simp [i̵n̵c̵o̵m̵i̵n̵g̵C̵o̵u̵n̵t̵,̵hjv]

Note: This linter can be disabled with `set_option linter.unusedSimpArgs false`
⚠ [3715/3780] Replayed Nonadditivity.HaarPathSupport
warning: Nonadditivity/HaarPathSupport.lean:25:51: Used `tac1 <;> tac2` where `(tac1; tac2)` would suffice

Note: This linter can be disabled with `set_option linter.unnecessarySeqFocus false`
warning: Nonadditivity/HaarPathSupport.lean:26:13: Used `tac1 <;> tac2` where `(tac1; tac2)` would suffice

Note: This linter can be disabled with `set_option linter.unnecessarySeqFocus false`
warning: Nonadditivity/HaarPathSupport.lean:26:49: Used `tac1 <;> tac2` where `(tac1; tac2)` would suffice

Note: This linter can be disabled with `set_option linter.unnecessarySeqFocus false`
warning: Nonadditivity/HaarPathSupport.lean:33:51: Used `tac1 <;> tac2` where `(tac1; tac2)` would suffice

Note: This linter can be disabled with `set_option linter.unnecessarySeqFocus false`
warning: Nonadditivity/HaarPathSupport.lean:34:13: Used `tac1 <;> tac2` where `(tac1; tac2)` would suffice

Note: This linter can be disabled with `set_option linter.unnecessarySeqFocus false`
warning: Nonadditivity/HaarPathSupport.lean:34:49: Used `tac1 <;> tac2` where `(tac1; tac2)` would suffice

Note: This linter can be disabled with `set_option linter.unnecessarySeqFocus false`
warning: Nonadditivity/HaarPathSupport.lean:41:51: Used `tac1 <;> tac2` where `(tac1; tac2)` would suffice

Note: This linter can be disabled with `set_option linter.unnecessarySeqFocus false`
warning: Nonadditivity/HaarPathSupport.lean:42:13: Used `tac1 <;> tac2` where `(tac1; tac2)` would suffice

Note: This linter can be disabled with `set_option linter.unnecessarySeqFocus false`
warning: Nonadditivity/HaarPathSupport.lean:42:49: Used `tac1 <;> tac2` where `(tac1; tac2)` would suffice

Note: This linter can be disabled with `set_option linter.unnecessarySeqFocus false`
warning: Nonadditivity/HaarPathSupport.lean:49:51: Used `tac1 <;> tac2` where `(tac1; tac2)` would suffice

Note: This linter can be disabled with `set_option linter.unnecessarySeqFocus false`
warning: Nonadditivity/HaarPathSupport.lean:50:13: Used `tac1 <;> tac2` where `(tac1; tac2)` would suffice

Note: This linter can be disabled with `set_option linter.unnecessarySeqFocus false`
warning: Nonadditivity/HaarPathSupport.lean:50:49: Used `tac1 <;> tac2` where `(tac1; tac2)` would suffice

Note: This linter can be disabled with `set_option linter.unnecessarySeqFocus false`
⚠ [3719/3780] Replayed Nonadditivity.HaarProfileOrientation
warning: Nonadditivity/HaarProfileOrientation.lean:64:0: automatically included section variable(s) unused in theorem `Nonadditivity.HaarProfileCoefficient.orientedCoefficients_eq_firstStep`:
  [CompleteSpace E]
consider restructuring your `variable` declarations so that the variables are not in scope or explicitly omit them:
  omit [CompleteSpace E] in theorem ...

Note: This linter can be disabled with `set_option linter.unusedSectionVars false`
⚠ [3720/3780] Replayed Nonadditivity.HaarProfilePadding
warning: Nonadditivity/HaarProfilePadding.lean:62:0: automatically included section variable(s) unused in theorem `Nonadditivity.HaarProfilePadding.norm_extend_zero_le`:
  [Fintype J]
  [CompleteSpace E]
consider restructuring your `variable` declarations so that the variables are not in scope or explicitly omit them:
  omit [Fintype J] [CompleteSpace E] in theorem ...

Note: This linter can be disabled with `set_option linter.unusedSectionVars false`
⚠ [3724/3780] Replayed Nonadditivity.NoncommutativeCSAssignments
warning: Nonadditivity/NoncommutativeCSAssignments.lean:27:0: automatically included section variable(s) unused in theorem `Nonadditivity.NoncommutativeCS.sum_assignment_insert`:
  [DecidableEq J]
consider restructuring your `variable` declarations so that the variables are not in scope or explicitly omit them:
  omit [DecidableEq J] in theorem ...

Note: This linter can be disabled with `set_option linter.unusedSectionVars false`
warning: Nonadditivity/NoncommutativeCSAssignments.lean:91:0: automatically included section variable(s) unused in theorem `Nonadditivity.NoncommutativeCS.AssignmentProgram.assignmentSum_open`:
  [CompleteSpace E]
consider restructuring your `variable` declarations so that the variables are not in scope or explicitly omit them:
  omit [CompleteSpace E] in theorem ...

Note: This linter can be disabled with `set_option linter.unusedSectionVars false`
warning: Nonadditivity/NoncommutativeCSAssignments.lean:99:21: This simp argument is unused:
  variableCount

Hint: Omit it from the simp argument list.
  simp [coefficient,̵ ̵v̵a̵r̵i̵a̵b̵l̵e̵C̵o̵u̵n̵t̵]

Note: This linter can be disabled with `set_option linter.unusedSimpArgs false`
warning: Nonadditivity/NoncommutativeCSAssignments.lean:101:0: automatically included section variable(s) unused in theorem `Nonadditivity.NoncommutativeCS.AssignmentProgram.assignmentSum_close`:
  [CompleteSpace E]
consider restructuring your `variable` declarations so that the variables are not in scope or explicitly omit them:
  omit [CompleteSpace E] in theorem ...

Note: This linter can be disabled with `set_option linter.unusedSectionVars false`
warning: Nonadditivity/NoncommutativeCSAssignments.lean:108:0: automatically included section variable(s) unused in theorem `Nonadditivity.NoncommutativeCS.AssignmentProgram.assignmentSum_middle`:
  [CompleteSpace E]
consider restructuring your `variable` declarations so that the variables are not in scope or explicitly omit them:
  omit [CompleteSpace E] in theorem ...

Note: This linter can be disabled with `set_option linter.unusedSectionVars false`
warning: Nonadditivity/NoncommutativeCSAssignments.lean:114:0: automatically included section variable(s) unused in theorem `Nonadditivity.NoncommutativeCS.AssignmentProgram.assignmentSum_singleton`:
  [CompleteSpace E]
consider restructuring your `variable` declarations so that the variables are not in scope or explicitly omit them:
  omit [CompleteSpace E] in theorem ...

Note: This linter can be disabled with `set_option linter.unusedSectionVars false`
warning: Nonadditivity/NoncommutativeCSAssignments.lean:121:21: This simp argument is unused:
  variableCount

Hint: Omit it from the simp argument list.
  simp [coefficient,̵ ̵v̵a̵r̵i̵a̵b̵l̵e̵C̵o̵u̵n̵t̵]

Note: This linter can be disabled with `set_option linter.unusedSimpArgs false`
warning: Nonadditivity/NoncommutativeCSAssignments.lean:129:58: This simp argument is unused:
  ite_apply

Hint: Omit it from the simp argument list.
  simp [Contraction.kernel_open, Fin.removeNth_insertNth, i̵t̵e̵_̵apply,̵ ̵a̵p̵p̵l̵y̵_ite]

Note: This linter can be disabled with `set_option linter.unusedSimpArgs false`
warning: Nonadditivity/NoncommutativeCSAssignments.lean:137:34: This simp argument is unused:
  ite_apply

Hint: Omit it from the simp argument list.
  simp [Contraction.kernel_close, i̵t̵e̵_̵a̵p̵p̵l̵y̵,̵ ̵apply_ite]

Note: This linter can be disabled with `set_option linter.unusedSimpArgs false`
warning: Nonadditivity/NoncommutativeCSAssignments.lean:144:37: This simp argument is unused:
  ite_apply

Hint: Omit it from the simp argument list.
  simp [Contraction.kernel_diagonal, i̵t̵e̵_̵a̵p̵p̵l̵y̵,̵ ̵apply_ite]

Note: This linter can be disabled with `set_option linter.unusedSimpArgs false`
warning: Nonadditivity/NoncommutativeCSAssignments.lean:151:37: This simp argument is unused:
  ite_apply

Hint: Omit it from the simp argument list.
  simp [Contraction.kernel_diagonal, i̵t̵e̵_̵a̵p̵p̵l̵y̵,̵ ̵apply_ite, map_sum]

Note: This linter can be disabled with `set_option linter.unusedSimpArgs false`
⚠ [3731/3780] Replayed Nonadditivity.HaarProfilePatternBound
warning: Nonadditivity/HaarProfilePatternBound.lean:95:45: Used `tac1 <;> tac2` where `(tac1; tac2)` would suffice

Note: This linter can be disabled with `set_option linter.unnecessarySeqFocus false`
⚠ [3732/3780] Replayed Nonadditivity.NoncommutativeCSSingletons
warning: Nonadditivity/NoncommutativeCSSingletons.lean:105:14: unused variable `q`

Note: This linter can be disabled with `set_option linter.unusedVariables false`
warning: Nonadditivity/NoncommutativeCSSingletons.lean:115:14: unused variable `q`

Note: This linter can be disabled with `set_option linter.unusedVariables false`
⚠ [3735/3780] Replayed Nonadditivity.HaarProfileAssignmentBound
warning: Nonadditivity/HaarProfileAssignmentBound.lean:63:12: Try `simp at hi` instead of `simpa using hi`

Note: This linter can be disabled with `set_option linter.unnecessarySimpa false`
warning: Nonadditivity/HaarProfileAssignmentBound.lean:69:8: try 'simp' instead of 'simpa'

Note: This linter can be disabled with `set_option linter.unnecessarySimpa false`
warning: Nonadditivity/HaarProfileAssignmentBound.lean:72:6: try 'simp' instead of 'simpa'

Note: This linter can be disabled with `set_option linter.unnecessarySimpa false`
warning: Nonadditivity/HaarProfileAssignmentBound.lean:75:6: try 'simp' instead of 'simpa'

Note: This linter can be disabled with `set_option linter.unnecessarySimpa false`
warning: Nonadditivity/HaarProfileAssignmentBound.lean:82:8: try 'simp' instead of 'simpa'

Note: This linter can be disabled with `set_option linter.unnecessarySimpa false`
⚠ [3739/3780] Replayed Nonadditivity.NoncommutativeCSBlocks
warning: Nonadditivity/NoncommutativeCSBlocks.lean:127:54: This simp argument is unused:
  Nat.add_assoc

Hint: Omit it from the simp argument list.
  simp_all [blocks, blockFactors, List.mapIdx_cons, Nat.add_a̵s̵s̵o̵c̵,̵
  ̵ ̵ ̵ ̵ ̵ ̵ ̵N̵a̵t̵.̵a̵d̵d̵_̵left_comm, Nat.add_comm]

Note: This linter can be disabled with `set_option linter.unusedSimpArgs false`
⚠ [3741/3780] Replayed Nonadditivity.HaarSkeletonSegmentation
warning: Nonadditivity/HaarSkeletonSegmentation.lean:45:46: This simp argument is unused:
  List.append_assoc

Hint: Omit it from the simp argument list.
  simp [reverseFactors, ih,̵ ̵L̵i̵s̵t̵.̵a̵p̵p̵e̵n̵d̵_̵a̵s̵s̵o̵c̵]

Note: This linter can be disabled with `set_option linter.unusedSimpArgs false`
⚠ [3744/3780] Replayed Nonadditivity.HaarActualScanWords
warning: Nonadditivity/HaarActualScanWords.lean:29:0: automatically included section variable(s) unused in theorem `Nonadditivity.HaarActualScanWords.scanWords_eq_actual_chunks`:
  [Fintype V]
consider restructuring your `variable` declarations so that the variables are not in scope or explicitly omit them:
  omit [Fintype V] in theorem ...

Note: This linter can be disabled with `set_option linter.unusedSectionVars false`
⚠ [3746/3780] Replayed Nonadditivity.HaarDecodedCoefficientBound
warning: Nonadditivity/HaarDecodedCoefficientBound.lean:29:0: automatically included section variable(s) unused in theorem `Nonadditivity.HaarDecodedCoefficientBound.blockFactors_segmentedListProduct`:
  [Fintype I]
consider restructuring your `variable` declarations so that the variables are not in scope or explicitly omit them:
  omit [Fintype I] in theorem ...

Note: This linter can be disabled with `set_option linter.unusedSectionVars false`
⚠ [3748/3780] Replayed Nonadditivity.HaarPathScalarSummation
warning: Nonadditivity/HaarPathScalarSummation.lean:69:20: Used `tac1 <;> tac2` where `(tac1; tac2)` would suffice

Note: This linter can be disabled with `set_option linter.unnecessarySeqFocus false`
warning: Nonadditivity/HaarPathScalarSummation.lean:77:20: Used `tac1 <;> tac2` where `(tac1; tac2)` would suffice

Note: This linter can be disabled with `set_option linter.unnecessarySeqFocus false`
warning: Nonadditivity/HaarPathScalarSummation.lean:102:56: Used `tac1 <;> tac2` where `(tac1; tac2)` would suffice

Note: This linter can be disabled with `set_option linter.unnecessarySeqFocus false`
⚠ [3750/3780] Replayed Nonadditivity.HaarPathWeightBudget
warning: Nonadditivity/HaarPathWeightBudget.lean:49:47: unused variable `hs`

Note: This linter can be disabled with `set_option linter.unusedVariables false`
⚠ [3754/3780] Replayed Nonadditivity.HaarProfilePermutations
warning: Nonadditivity/HaarProfilePermutations.lean:25:0: automatically included section variable(s) unused in theorem `Nonadditivity.HaarProfilePermutations.labelEquiv_map`:
  [DecidableEq I]
consider restructuring your `variable` declarations so that the variables are not in scope or explicitly omit them:
  omit [DecidableEq I] in theorem ...

Note: This linter can be disabled with `set_option linter.unusedSectionVars false`
warning: Nonadditivity/HaarProfilePermutations.lean:85:0: automatically included section variable(s) unused in theorem `Nonadditivity.HaarProfilePermutations.coreChainProfile_count`:
  [Fintype V]
consider restructuring your `variable` declarations so that the variables are not in scope or explicitly omit them:
  omit [Fintype V] in theorem ...

Note: This linter can be disabled with `set_option linter.unusedSectionVars false`
warning: Nonadditivity/HaarProfilePermutations.lean:90:0: automatically included section variable(s) unused in theorem `Nonadditivity.HaarProfilePermutations.coreChainProfile_first`:
  [Fintype V]
consider restructuring your `variable` declarations so that the variables are not in scope or explicitly omit them:
  omit [Fintype V] in theorem ...

Note: This linter can be disabled with `set_option linter.unusedSectionVars false`
warning: Nonadditivity/HaarProfilePermutations.lean:93:0: automatically included section variable(s) unused in theorem `Nonadditivity.HaarProfilePermutations.coreChainProfile_last`:
  [Fintype V]
consider restructuring your `variable` declarations so that the variables are not in scope or explicitly omit them:
  omit [Fintype V] in theorem ...

Note: This linter can be disabled with `set_option linter.unusedSectionVars false`
⚠ [3757/3780] Replayed Nonadditivity.HaarPathWeightTransport
warning: Nonadditivity/HaarPathWeightTransport.lean:145:37: Used `tac1 <;> tac2` where `(tac1; tac2)` would suffice

Note: This linter can be disabled with `set_option linter.unnecessarySeqFocus false`
warning: Nonadditivity/HaarPathWeightTransport.lean:145:66: Used `tac1 <;> tac2` where `(tac1; tac2)` would suffice

Note: This linter can be disabled with `set_option linter.unnecessarySeqFocus false`
⚠ [3758/3780] Replayed Nonadditivity.HaarRefinedWeight
warning: Nonadditivity/HaarRefinedWeight.lean:31:67: try 'simp' instead of 'simpa'

Note: This linter can be disabled with `set_option linter.unnecessarySimpa false`
⚠ [3761/3780] Replayed Nonadditivity.HaarTensorEvaluation
warning: Nonadditivity/HaarTensorEvaluation.lean:93:10: This simp argument is unused:
  Matrix.kronecker_apply

Hint: Omit it from the simp argument list.
  simp ̵[̵M̵a̵t̵r̵i̵x̵.̵k̵r̵o̵n̵e̵c̵k̵e̵r̵_̵a̵p̵p̵l̵y̵]̵

Note: This linter can be disabled with `set_option linter.unusedSimpArgs false`
⚠ [3762/3780] Replayed Nonadditivity.HaarRecursiveSample
warning: Nonadditivity/HaarRecursiveSample.lean:93:35: `MeasureTheory.measureReal_univ_eq_one` has been deprecated: Use `MeasureTheory.probReal_univ` instead
⚠ [3763/3780] Replayed Nonadditivity.HaarCanonicalTransport
warning: Nonadditivity/HaarCanonicalTransport.lean:61:79: This simp argument is unused:
  Matrix.one_apply

Hint: Omit it from the simp argument list.
  simp [recursiveRepresentation, tensorTupleEquiv,̵ ̵M̵a̵t̵r̵i̵x̵.̵o̵n̵e̵_̵a̵p̵p̵l̵y̵]

Note: This linter can be disabled with `set_option linter.unusedSimpArgs false`
warning: Nonadditivity/HaarCanonicalTransport.lean:76:78: This simp argument is unused:
  Matrix.one_apply

Hint: Omit it from the simp argument list.
  simp [StructuredHaarModel.tensorRepresentation,̵ ̵M̵a̵t̵r̵i̵x̵.̵o̵n̵e̵_̵a̵p̵p̵l̵y̵]

Note: This linter can be disabled with `set_option linter.unusedSimpArgs false`
⚠ [3768/3780] Replayed Nonadditivity.HaarExpectationFromMoment
warning: Nonadditivity/HaarExpectationFromMoment.lean:89:53: This simp argument is unused:
  Pi.inv_apply

Hint: Omit it from the simp argument list.
  simp only [ProductPolynomialReduction.generator, P̵i̵.̵i̵n̵v̵_̵a̵p̵p̵l̵y̵,̵ ̵FreeGroup.norm_inv_eq,
       ̵ ̵apply_ite FreeGroup.norm, FreeGroup.norm_of, FreeGroup.norm_one]

Note: This linter can be disabled with `set_option linter.unusedSimpArgs false`
warning: Nonadditivity/HaarExpectationFromMoment.lean:89:67: This simp argument is unused:
  FreeGroup.norm_inv_eq

Hint: Omit it from the simp argument list.
  simp only [ProductPolynomialReduction.generator, Pi.inv_apply, F̵r̵e̵e̵G̵r̵o̵u̵p̵.̵n̵o̵r̵m̵_̵i̵n̵v̵_̵e̵q̵,̵apply_ite FreeGroup.norm,
  ̲  ̲ ̲ ̲FreeGroup.norm_of, FreeGroup.norm_one]

Note: This linter can be disabled with `set_option linter.unusedSimpArgs false`
✔ [3771/3780] Built Nonadditivity.DampingNet (4.5s)
✔ [3772/3781] Built Nonadditivity.Dimensions (3.6s)
✔ [3773/3783] Built Nonadditivity.DampedPositivity (5.8s)
✔ [3775/3787] Built Nonadditivity.DampedBellStability (8.2s)
✔ [3776/3787] Built Nonadditivity.DampedRealization (6.6s)
✔ [3777/3787] Built Nonadditivity.HaarPrescribedConsequences (4.7s)
✔ [3778/3787] Built Nonadditivity.WeylPowersIndex (3.7s)
✔ [3779/3787] Built Nonadditivity.WeylPowersControl (3.2s)
✔ [3780/3787] Built Nonadditivity.EntropyStability (3.2s)
✔ [3781/3787] Built Nonadditivity.DeterministicQualitative (4.5s)
✔ [3782/3787] Built Nonadditivity.WeylPowersTwirl (7.5s)
✔ [3783/3787] Built Nonadditivity.WeylPowersChannels (7.3s)
✔ [3784/3787] Built Nonadditivity.DeterministicConsequences (3.1s)
✔ [3785/3787] Built Nonadditivity.WeylPowersEntropy (2.4s)
✔ [3786/3787] Built Nonadditivity.WeylPowersRegularized (2.3s)
✔ [3787/3787] Built Nonadditivity.OperationalConsequences (2.3s)
Build completed successfully (3787 jobs).
Exporting challenge: ComparatorChallenges.C_SmallInformationSeparation
+ lake env /home/runner/work/Holevo-Additivity-Gap/Holevo-Additivity-Gap/.verify-work/comparator/.lake/packages/lean4export/.lake/build/bin/lean4export ComparatorChallenges.C_SmallInformationSeparation -- Nonadditivity.OperationalConsequences.exists_small_chi_large_capacity_gain_and_two_use_ratio propext Quot.sound Classical.choice Nat.add Nat.sub Nat.mul Nat.pow Nat.gcd Nat.div Nat.mod Nat.beq Nat.ble Nat.land Nat.lor Nat.xor Nat.shiftLeft Nat.shiftRight String.ofList
Exporting solution: Nonadditivity.OperationalConsequences
+ lake env /home/runner/work/Holevo-Additivity-Gap/Holevo-Additivity-Gap/.verify-work/comparator/.lake/packages/lean4export/.lake/build/bin/lean4export Nonadditivity.OperationalConsequences -- Nonadditivity.OperationalConsequences.exists_small_chi_large_capacity_gain_and_two_use_ratio propext Quot.sound Classical.choice Nat.add Nat.sub Nat.mul Nat.pow Nat.gcd Nat.div Nat.mod Nat.beq Nat.ble Nat.land Nat.lor Nat.xor Nat.shiftLeft Nat.shiftRight String.ofList
+ lake env lean --run /home/runner/work/Holevo-Additivity-Gap/Holevo-Additivity-Gap/verification/comparator/ReplayExports.lean /home/runner/work/Holevo-Additivity-Gap/Holevo-Additivity-Gap/ComparatorChallenges/C_SmallInformationSeparation.json /tmp/holevo-comparator-z5g55ze0/challenge.export /tmp/holevo-comparator-z5g55ze0/solution.export
UNSANDBOXED diagnostic: parsing exports. Nanoda is disabled.
Pinned Comparator: statements and referenced constants match.
Pinned Comparator: solution axiom closure accepted.
Lean kernel replay accepted. UNSANDBOXED diagnostic only.
LOCAL DIAGNOSTIC PASSED: ComparatorChallenges/C_SmallInformationSeparation.json
+ lake build ComparatorChallenges.D_WeylAllUses Nonadditivity.WeylPowersEntropy
⚠ [3336/3336] Built ComparatorChallenges.D_WeylAllUses (2.0s)
warning: ComparatorChallenges/D_WeylAllUses.lean:16:8: declaration uses `sorry`
Build completed successfully (3336 jobs).
Exporting challenge: ComparatorChallenges.D_WeylAllUses
+ lake env /home/runner/work/Holevo-Additivity-Gap/Holevo-Additivity-Gap/.verify-work/comparator/.lake/packages/lean4export/.lake/build/bin/lean4export ComparatorChallenges.D_WeylAllUses -- Nonadditivity.WeylPowers.positiveTensorPower_weylExtension_holevoBits propext Quot.sound Classical.choice Nat.add Nat.sub Nat.mul Nat.pow Nat.gcd Nat.div Nat.mod Nat.beq Nat.ble Nat.land Nat.lor Nat.xor Nat.shiftLeft Nat.shiftRight String.ofList
Exporting solution: Nonadditivity.WeylPowersEntropy
+ lake env /home/runner/work/Holevo-Additivity-Gap/Holevo-Additivity-Gap/.verify-work/comparator/.lake/packages/lean4export/.lake/build/bin/lean4export Nonadditivity.WeylPowersEntropy -- Nonadditivity.WeylPowers.positiveTensorPower_weylExtension_holevoBits propext Quot.sound Classical.choice Nat.add Nat.sub Nat.mul Nat.pow Nat.gcd Nat.div Nat.mod Nat.beq Nat.ble Nat.land Nat.lor Nat.xor Nat.shiftLeft Nat.shiftRight String.ofList
+ lake env lean --run /home/runner/work/Holevo-Additivity-Gap/Holevo-Additivity-Gap/verification/comparator/ReplayExports.lean /home/runner/work/Holevo-Additivity-Gap/Holevo-Additivity-Gap/ComparatorChallenges/D_WeylAllUses.json /tmp/holevo-comparator-phg5r7zs/challenge.export /tmp/holevo-comparator-phg5r7zs/solution.export
UNSANDBOXED diagnostic: parsing exports. Nanoda is disabled.
Pinned Comparator: statements and referenced constants match.
Pinned Comparator: solution axiom closure accepted.
Lean kernel replay accepted. UNSANDBOXED diagnostic only.
LOCAL DIAGNOSTIC PASSED: ComparatorChallenges/D_WeylAllUses.json
+ lake build ComparatorChallenges.E_InputCost Nonadditivity.PrescribedCostCapacity
⚠ [3507/3714] Replayed Nonadditivity.HaarNonbacktrackingLastReturn
warning: Nonadditivity/HaarNonbacktrackingLastReturn.lean:67:0: automatically included section variable(s) unused in theorem `Nonadditivity.HaarNonbacktracking.last_return_polynomial_decomposition`:
  [DecidableEq G]
consider restructuring your `variable` declarations so that the variables are not in scope or explicitly omit them:
  omit [DecidableEq G] in theorem ...

Note: This linter can be disabled with `set_option linter.unusedSectionVars false`
warning: Nonadditivity/HaarNonbacktrackingLastReturn.lean:107:0: automatically included section variable(s) unused in theorem `Nonadditivity.HaarNonbacktracking.last_visit_polynomial_decomposition`:
  [DecidableEq G]
consider restructuring your `variable` declarations so that the variables are not in scope or explicitly omit them:
  omit [DecidableEq G] in theorem ...

Note: This linter can be disabled with `set_option linter.unusedSectionVars false`
⚠ [3508/3714] Replayed Nonadditivity.HaarOperatorPolynomial
warning: Nonadditivity/HaarOperatorPolynomial.lean:77:0: automatically included section variable(s) unused in theorem `Nonadditivity.HaarOperatorPolynomial.regular_vacuum`:
  [CompleteSpace E]
consider restructuring your `variable` declarations so that the variables are not in scope or explicitly omit them:
  omit [CompleteSpace E] in theorem ...

Note: This linter can be disabled with `set_option linter.unusedSectionVars false`
⚠ [3512/3714] Replayed Nonadditivity.HaarNonbacktrackingFirstStep
warning: Nonadditivity/HaarNonbacktrackingFirstStep.lean:47:0: automatically included section variable(s) unused in theorem `Nonadditivity.HaarNonbacktracking.killedPolynomial_sum_source`:
  [DecidableEq G]
consider restructuring your `variable` declarations so that the variables are not in scope or explicitly omit them:
  omit [DecidableEq G] in theorem ...

Note: This linter can be disabled with `set_option linter.unusedSectionVars false`
⚠ [3513/3714] Replayed Nonadditivity.HaarProfileCoefficient
warning: Nonadditivity/HaarProfileCoefficient.lean:85:0: automatically included section variable(s) unused in theorem `Nonadditivity.HaarProfileCoefficient.returningCoefficients_eq_firstStep`:
  [CompleteSpace E]
consider restructuring your `variable` declarations so that the variables are not in scope or explicitly omit them:
  omit [CompleteSpace E] in theorem ...

Note: This linter can be disabled with `set_option linter.unusedSectionVars false`
⚠ [3523/3714] Replayed Nonadditivity.HaarPathExploration
warning: Nonadditivity/HaarPathExploration.lean:56:0: automatically included section variable(s) unused in theorem `Nonadditivity.HaarPathGraph.Path.firstVisit_terminal_ne_root`:
  [DecidableEq V]
consider restructuring your `variable` declarations so that the variables are not in scope or explicitly omit them:
  omit [DecidableEq V] in theorem ...

Note: This linter can be disabled with `set_option linter.unusedSectionVars false`
warning: Nonadditivity/HaarPathExploration.lean:118:0: automatically included section variable(s) unused in theorem `Nonadditivity.HaarPathGraph.Path.firstVisit_edge_not_earlier`:
  [DecidableEq V]
consider restructuring your `variable` declarations so that the variables are not in scope or explicitly omit them:
  omit [DecidableEq V] in theorem ...

Note: This linter can be disabled with `set_option linter.unusedSectionVars false`
⚠ [3556/3714] Replayed Nonadditivity.HaarPathClassData
warning: Nonadditivity/HaarPathClassData.lean:33:0: automatically included section variable(s) unused in theorem `Nonadditivity.HaarPathClasses.SamePattern.incidenceVertex_iff`:
  [DecidableEq V]
consider restructuring your `variable` declarations so that the variables are not in scope or explicitly omit them:
  omit [DecidableEq V] in theorem ...

Note: This linter can be disabled with `set_option linter.unusedSectionVars false`
warning: Nonadditivity/HaarPathClassData.lean:38:0: automatically included section variable(s) unused in theorem `Nonadditivity.HaarPathClasses.SamePattern.firstVisit_iff`:
  [DecidableEq V]
consider restructuring your `variable` declarations so that the variables are not in scope or explicitly omit them:
  omit [DecidableEq V] in theorem ...

Note: This linter can be disabled with `set_option linter.unusedSectionVars false`
warning: Nonadditivity/HaarPathClassData.lean:51:0: automatically included section variable(s) unused in theorem `Nonadditivity.HaarPathClasses.SamePattern.edgeAt_eq_iff`:
  [DecidableEq V]
consider restructuring your `variable` declarations so that the variables are not in scope or explicitly omit them:
  omit [DecidableEq V] in theorem ...

Note: This linter can be disabled with `set_option linter.unusedSectionVars false`
⚠ [3557/3714] Replayed Nonadditivity.HaarPathTransport
warning: Nonadditivity/HaarPathTransport.lean:23:8: automatically included section variable(s) unused in theorem `Nonadditivity.HaarPathClasses.source_incidenceDart`:
  [Fintype V]
  [DecidableEq V]
consider restructuring your `variable` declarations so that the variables are not in scope or explicitly omit them:
  omit [Fintype V] [DecidableEq V] in theorem ...

Note: This linter can be disabled with `set_option linter.unusedSectionVars false`
warning: Nonadditivity/HaarPathTransport.lean:28:8: automatically included section variable(s) unused in theorem `Nonadditivity.HaarPathClasses.color_incidenceDart`:
  [Fintype V]
  [DecidableEq V]
consider restructuring your `variable` declarations so that the variables are not in scope or explicitly omit them:
  omit [Fintype V] [DecidableEq V] in theorem ...

Note: This linter can be disabled with `set_option linter.unusedSectionVars false`
warning: Nonadditivity/HaarPathTransport.lean:33:8: automatically included section variable(s) unused in theorem `Nonadditivity.HaarPathClasses.incidenceDart_flip`:
  [Fintype V]
  [DecidableEq V]
consider restructuring your `variable` declarations so that the variables are not in scope or explicitly omit them:
  omit [Fintype V] [DecidableEq V] in theorem ...

Note: This linter can be disabled with `set_option linter.unusedSectionVars false`
warning: Nonadditivity/HaarPathTransport.lean:38:0: automatically included section variable(s) unused in theorem `Nonadditivity.HaarPathClasses.dart_eq_iff_source_color_target`:
  [Fintype V]
  [DecidableEq V]
consider restructuring your `variable` declarations so that the variables are not in scope or explicitly omit them:
  omit [Fintype V] [DecidableEq V] in theorem ...

Note: This linter can be disabled with `set_option linter.unusedSectionVars false`
warning: Nonadditivity/HaarPathTransport.lean:42:69: Used `tac1 <;> tac2` where `(tac1; tac2)` would suffice

Note: This linter can be disabled with `set_option linter.unnecessarySeqFocus false`
warning: Nonadditivity/HaarPathTransport.lean:44:0: automatically included section variable(s) unused in theorem `Nonadditivity.HaarPathClasses.incidenceDart_mem`:
  [Fintype V]
consider restructuring your `variable` declarations so that the variables are not in scope or explicitly omit them:
  omit [Fintype V] in theorem ...

Note: This linter can be disabled with `set_option linter.unusedSectionVars false`
warning: Nonadditivity/HaarPathTransport.lean:50:0: automatically included section variable(s) unused in theorem `Nonadditivity.HaarPathClasses.exists_incidenceDart`:
  [Fintype V]
consider restructuring your `variable` declarations so that the variables are not in scope or explicitly omit them:
  omit [Fintype V] in theorem ...

Note: This linter can be disabled with `set_option linter.unusedSectionVars false`
warning: Nonadditivity/HaarPathTransport.lean:86:8: automatically included section variable(s) unused in theorem `Nonadditivity.HaarPathClasses.SamePattern.vertexPerm_apply`:
  [DecidableEq V]
consider restructuring your `variable` declarations so that the variables are not in scope or explicitly omit them:
  omit [DecidableEq V] in theorem ...

Note: This linter can be disabled with `set_option linter.unusedSectionVars false`
warning: Nonadditivity/HaarPathTransport.lean:187:0: automatically included section variable(s) unused in theorem `Nonadditivity.HaarPathClasses.SamePattern.symm`:
  [Fintype V]
  [DecidableEq V]
consider restructuring your `variable` declarations so that the variables are not in scope or explicitly omit them:
  omit [Fintype V] [DecidableEq V] in theorem ...

Note: This linter can be disabled with `set_option linter.unusedSectionVars false`
⚠ [3558/3714] Replayed Nonadditivity.HaarPathRefined
warning: Nonadditivity/HaarPathRefined.lean:23:0: automatically included section variable(s) unused in theorem `Nonadditivity.HaarPathClasses.SamePattern.refl`:
  [Fintype V]
  [DecidableEq V]
consider restructuring your `variable` declarations so that the variables are not in scope or explicitly omit them:
  omit [Fintype V] [DecidableEq V] in theorem ...

Note: This linter can be disabled with `set_option linter.unusedSectionVars false`
warning: Nonadditivity/HaarPathRefined.lean:25:0: automatically included section variable(s) unused in theorem `Nonadditivity.HaarPathClasses.SamePattern.trans`:
  [Fintype V]
  [DecidableEq V]
consider restructuring your `variable` declarations so that the variables are not in scope or explicitly omit them:
  omit [Fintype V] [DecidableEq V] in theorem ...

Note: This linter can be disabled with `set_option linter.unusedSectionVars false`
warning: Nonadditivity/HaarPathRefined.lean:68:0: automatically included section variable(s) unused in theorem `Nonadditivity.HaarPathClasses.coreChainProfile_eq_of_colorList_eq`:
  [Fintype V]
consider restructuring your `variable` declarations so that the variables are not in scope or explicitly omit them:
  omit [Fintype V] in theorem ...

Note: This linter can be disabled with `set_option linter.unusedSectionVars false`
⚠ [3563/3714] Replayed Nonadditivity.HaarPathVertexFibre
warning: Nonadditivity/HaarPathVertexFibre.lean:77:0: automatically included section variable(s) unused in theorem `Nonadditivity.HaarPathVertexFibre.normalize_samePattern`:
  [Fintype V]
consider restructuring your `variable` declarations so that the variables are not in scope or explicitly omit them:
  omit [Fintype V] in theorem ...

Note: This linter can be disabled with `set_option linter.unusedSectionVars false`
warning: Nonadditivity/HaarPathVertexFibre.lean:88:8: automatically included section variable(s) unused in theorem `Nonadditivity.HaarPathVertexFibre.labels_apply`:
  [Fintype V]
consider restructuring your `variable` declarations so that the variables are not in scope or explicitly omit them:
  omit [Fintype V] in theorem ...

Note: This linter can be disabled with `set_option linter.unusedSectionVars false`
warning: Nonadditivity/HaarPathVertexFibre.lean:99:0: automatically included section variable(s) unused in theorem `Nonadditivity.HaarPathVertexFibre.reconstruct_samePattern`:
  [Fintype V]
consider restructuring your `variable` declarations so that the variables are not in scope or explicitly omit them:
  omit [Fintype V] in theorem ...

Note: This linter can be disabled with `set_option linter.unusedSectionVars false`
⚠ [3564/3714] Replayed Nonadditivity.HaarRefinedVertexFibre
warning: Nonadditivity/HaarRefinedVertexFibre.lean:85:0: automatically included section variable(s) unused in theorem `Nonadditivity.HaarRefinedVertexFibre.range_vertex_eq`:
  [Fintype V]
consider restructuring your `variable` declarations so that the variables are not in scope or explicitly omit them:
  omit [Fintype V] in theorem ...

Note: This linter can be disabled with `set_option linter.unusedSectionVars false`
⚠ [3565/3714] Replayed Nonadditivity.HaarChainColoringPath
warning: Nonadditivity/HaarChainColoringPath.lean:26:8: automatically included section variable(s) unused in theorem `Nonadditivity.HaarPathGraph.Path.ChainColoring.path_vertex`:
  [Fintype V]
consider restructuring your `variable` declarations so that the variables are not in scope or explicitly omit them:
  omit [Fintype V] in theorem ...

Note: This linter can be disabled with `set_option linter.unusedSectionVars false`
warning: Nonadditivity/HaarChainColoringPath.lean:27:8: automatically included section variable(s) unused in theorem `Nonadditivity.HaarPathGraph.Path.ChainColoring.path_colors`:
  [Fintype V]
consider restructuring your `variable` declarations so that the variables are not in scope or explicitly omit them:
  omit [Fintype V] in theorem ...

Note: This linter can be disabled with `set_option linter.unusedSectionVars false`
⚠ [3566/3714] Replayed Nonadditivity.HaarChainColoringFibre
warning: Nonadditivity/HaarChainColoringFibre.lean:62:7: automatically included section variable(s) unused in theorem `Nonadditivity.HaarPathGraph.Path.ChainColoring.ext_value`:
  [Fintype V]
consider restructuring your `variable` declarations so that the variables are not in scope or explicitly omit them:
  omit [Fintype V] in theorem ...

Note: This linter can be disabled with `set_option linter.unusedSectionVars false`
⚠ [3571/3714] Replayed Nonadditivity.HaarPathFreshRuns
warning: Nonadditivity/HaarPathFreshRuns.lean:59:0: automatically included section variable(s) unused in theorem `Nonadditivity.HaarPathClasses.prefixSamePattern_extend_firstVisit`:
  [DecidableEq V]
consider restructuring your `variable` declarations so that the variables are not in scope or explicitly omit them:
  omit [DecidableEq V] in theorem ...

Note: This linter can be disabled with `set_option linter.unusedSectionVars false`
warning: Nonadditivity/HaarPathFreshRuns.lean:113:0: automatically included section variable(s) unused in theorem `Nonadditivity.HaarPathClasses.incidence_at_fresh_vertex_unique`:
  [DecidableEq V]
consider restructuring your `variable` declarations so that the variables are not in scope or explicitly omit them:
  omit [DecidableEq V] in theorem ...

Note: This linter can be disabled with `set_option linter.unusedSectionVars false`
⚠ [3573/3714] Replayed Nonadditivity.HaarPathVertexNames
warning: Nonadditivity/HaarPathVertexNames.lean:30:4: try 'simp' instead of 'simpa'

Note: This linter can be disabled with `set_option linter.unnecessarySimpa false`
warning: Nonadditivity/HaarPathVertexNames.lean:24:0: automatically included section variable(s) unused in theorem `Nonadditivity.HaarPathGraph.Path.earlier_occurrence`:
  [DecidableEq V]
consider restructuring your `variable` declarations so that the variables are not in scope or explicitly omit them:
  omit [DecidableEq V] in theorem ...

Note: This linter can be disabled with `set_option linter.unusedSectionVars false`
⚠ [3582/3714] Replayed Nonadditivity.HaarPathTreeSegment
warning: Nonadditivity/HaarPathTreeSegment.lean:60:0: automatically included section variable(s) unused in theorem `Nonadditivity.HaarPathGraph.Path.firstVisit_unoriented_injective`:
  [DecidableEq V]
consider restructuring your `variable` declarations so that the variables are not in scope or explicitly omit them:
  omit [DecidableEq V] in theorem ...

Note: This linter can be disabled with `set_option linter.unusedSectionVars false`
warning: Nonadditivity/HaarPathTreeSegment.lean:74:0: automatically included section variable(s) unused in theorem `Nonadditivity.HaarPathGraph.Path.edgeAt_eq_unoriented`:
  [DecidableEq V]
consider restructuring your `variable` declarations so that the variables are not in scope or explicitly omit them:
  omit [DecidableEq V] in theorem ...

Note: This linter can be disabled with `set_option linter.unusedSectionVars false`
warning: Nonadditivity/HaarPathTreeSegment.lean:111:5: unused variable `hai`

Note: This linter can be disabled with `set_option linter.unusedVariables false`
warning: Nonadditivity/HaarPathTreeSegment.lean:131:8: automatically included section variable(s) unused in theorem `Nonadditivity.HaarPathGraph.Path.vertexAt_fin`:
  [DecidableEq V]
consider restructuring your `variable` declarations so that the variables are not in scope or explicitly omit them:
  omit [DecidableEq V] in theorem ...

Note: This linter can be disabled with `set_option linter.unusedSectionVars false`
warning: Nonadditivity/HaarPathTreeSegment.lean:137:0: automatically included section variable(s) unused in theorem `Nonadditivity.HaarPathGraph.Path.vertexAt_eq`:
  [DecidableEq V]
consider restructuring your `variable` declarations so that the variables are not in scope or explicitly omit them:
  omit [DecidableEq V] in theorem ...

Note: This linter can be disabled with `set_option linter.unusedSectionVars false`
⚠ [3584/3714] Replayed Nonadditivity.HaarPathNormalizedTreeColors
warning: Nonadditivity/HaarPathNormalizedTreeColors.lean:43:48: unused variable `hab`

Note: This linter can be disabled with `set_option linter.unusedVariables false`
warning: Nonadditivity/HaarPathNormalizedTreeColors.lean:43:62: unused variable `hbm`

Note: This linter can be disabled with `set_option linter.unusedVariables false`
⚠ [3587/3714] Replayed Nonadditivity.HaarPathRefinedCounting
warning: Nonadditivity/HaarPathRefinedCounting.lean:54:0: automatically included section variable(s) unused in theorem `Nonadditivity.HaarPathClasses.orientation_cases`:
  [Fintype V]
consider restructuring your `variable` declarations so that the variables are not in scope or explicitly omit them:
  omit [Fintype V] in theorem ...

Note: This linter can be disabled with `set_option linter.unusedSectionVars false`
⚠ [3595/3714] Replayed Nonadditivity.HaarTensorReplacement
warning: Nonadditivity/HaarTensorReplacement.lean:44:32: This simp argument is unused:
  Matrix.one_mul

Hint: Omit it from the simp argument list.
  simp only [MonoidAlgebra.single_mul_single, one_mul, mul_one, ← Matrix.mul_kronecker_mul,
  ̲  ̲ ̲ ̲M̵a̵t̵r̵i̵x̵.̵o̵n̵e̵_̵m̵u̵l̵,̵ ̵Matrix.mul_one]

Note: This linter can be disabled with `set_option linter.unusedSimpArgs false`
warning: Nonadditivity/HaarTensorReplacement.lean:44:48: This simp argument is unused:
  Matrix.mul_one

Hint: Omit it from the simp argument list.
  simp only [MonoidAlgebra.single_mul_single, one_mul, mul_one, ← Matrix.mul_kronecker_mul,
  ̲  ̲ ̲ ̲M̵a̵t̵r̵i̵x̵.̵o̵n̵e̵_̵m̵u̵l̵,̵ ̵M̵a̵t̵r̵i̵x̵.̵m̵u̵l̵_̵o̵n̵e̵]̵M̲a̲t̲r̲i̲x̲.̲o̲n̲e̲_̲m̲u̲l̲]̲

Note: This linter can be disabled with `set_option linter.unusedSimpArgs false`
warning: Nonadditivity/HaarTensorReplacement.lean:58:48: This simp argument is unused:
  Matrix.one_mul

Hint: Omit it from the simp argument list.
  simp only [MonoidAlgebra.single_mul_single, one_mul, ← Matrix.mul_kronecker_mul, M̵a̵t̵r̵i̵x̵.̵m̵u̵l̵_̵o̵n̵e̵,̵ ̵M̵a̵t̵r̵i̵x̵.̵o̵n̵e̵_̵m̵u̵l̵]̵M̲a̲t̲r̲i̲x̲.̲m̲u̲l̲_̲o̲n̲e̲]̲

Note: This linter can be disabled with `set_option linter.unusedSimpArgs false`
⚠ [3656/3714] Replayed Nonadditivity.HaarOperatorPathBridge
warning: Nonadditivity/HaarOperatorPathBridge.lean:132:11: unused variable `z`

Note: This linter can be disabled with `set_option linter.unusedVariables false`
warning: Nonadditivity/HaarOperatorPathBridge.lean:133:12: unused variable `P`

Note: This linter can be disabled with `set_option linter.unusedVariables false`
⚠ [3657/3714] Replayed Nonadditivity.HaarPathBalance
warning: Nonadditivity/HaarPathBalance.lean:35:40: This simp argument is unused:
  visitCount

Hint: Omit it from the simp argument list.
  simp [v̵i̵s̵i̵t̵C̵o̵u̵n̵t̵,̵hi]

Note: This linter can be disabled with `set_option linter.unusedSimpArgs false`
warning: Nonadditivity/HaarPathBalance.lean:63:42: This simp argument is unused:
  incomingCount

Hint: Omit it from the simp argument list.
  simp [i̵n̵c̵o̵m̵i̵n̵g̵C̵o̵u̵n̵t̵,̵hjv]

Note: This linter can be disabled with `set_option linter.unusedSimpArgs false`
⚠ [3659/3714] Replayed Nonadditivity.HaarPathSupport
warning: Nonadditivity/HaarPathSupport.lean:25:51: Used `tac1 <;> tac2` where `(tac1; tac2)` would suffice

Note: This linter can be disabled with `set_option linter.unnecessarySeqFocus false`
warning: Nonadditivity/HaarPathSupport.lean:26:13: Used `tac1 <;> tac2` where `(tac1; tac2)` would suffice

Note: This linter can be disabled with `set_option linter.unnecessarySeqFocus false`
warning: Nonadditivity/HaarPathSupport.lean:26:49: Used `tac1 <;> tac2` where `(tac1; tac2)` would suffice

Note: This linter can be disabled with `set_option linter.unnecessarySeqFocus false`
warning: Nonadditivity/HaarPathSupport.lean:33:51: Used `tac1 <;> tac2` where `(tac1; tac2)` would suffice

Note: This linter can be disabled with `set_option linter.unnecessarySeqFocus false`
warning: Nonadditivity/HaarPathSupport.lean:34:13: Used `tac1 <;> tac2` where `(tac1; tac2)` would suffice

Note: This linter can be disabled with `set_option linter.unnecessarySeqFocus false`
warning: Nonadditivity/HaarPathSupport.lean:34:49: Used `tac1 <;> tac2` where `(tac1; tac2)` would suffice

Note: This linter can be disabled with `set_option linter.unnecessarySeqFocus false`
warning: Nonadditivity/HaarPathSupport.lean:41:51: Used `tac1 <;> tac2` where `(tac1; tac2)` would suffice

Note: This linter can be disabled with `set_option linter.unnecessarySeqFocus false`
warning: Nonadditivity/HaarPathSupport.lean:42:13: Used `tac1 <;> tac2` where `(tac1; tac2)` would suffice

Note: This linter can be disabled with `set_option linter.unnecessarySeqFocus false`
warning: Nonadditivity/HaarPathSupport.lean:42:49: Used `tac1 <;> tac2` where `(tac1; tac2)` would suffice

Note: This linter can be disabled with `set_option linter.unnecessarySeqFocus false`
warning: Nonadditivity/HaarPathSupport.lean:49:51: Used `tac1 <;> tac2` where `(tac1; tac2)` would suffice

Note: This linter can be disabled with `set_option linter.unnecessarySeqFocus false`
warning: Nonadditivity/HaarPathSupport.lean:50:13: Used `tac1 <;> tac2` where `(tac1; tac2)` would suffice

Note: This linter can be disabled with `set_option linter.unnecessarySeqFocus false`
warning: Nonadditivity/HaarPathSupport.lean:50:49: Used `tac1 <;> tac2` where `(tac1; tac2)` would suffice

Note: This linter can be disabled with `set_option linter.unnecessarySeqFocus false`
⚠ [3663/3714] Replayed Nonadditivity.HaarProfileOrientation
warning: Nonadditivity/HaarProfileOrientation.lean:64:0: automatically included section variable(s) unused in theorem `Nonadditivity.HaarProfileCoefficient.orientedCoefficients_eq_firstStep`:
  [CompleteSpace E]
consider restructuring your `variable` declarations so that the variables are not in scope or explicitly omit them:
  omit [CompleteSpace E] in theorem ...

Note: This linter can be disabled with `set_option linter.unusedSectionVars false`
⚠ [3664/3714] Replayed Nonadditivity.HaarProfilePadding
warning: Nonadditivity/HaarProfilePadding.lean:62:0: automatically included section variable(s) unused in theorem `Nonadditivity.HaarProfilePadding.norm_extend_zero_le`:
  [Fintype J]
  [CompleteSpace E]
consider restructuring your `variable` declarations so that the variables are not in scope or explicitly omit them:
  omit [Fintype J] [CompleteSpace E] in theorem ...

Note: This linter can be disabled with `set_option linter.unusedSectionVars false`
⚠ [3668/3714] Replayed Nonadditivity.NoncommutativeCSAssignments
warning: Nonadditivity/NoncommutativeCSAssignments.lean:27:0: automatically included section variable(s) unused in theorem `Nonadditivity.NoncommutativeCS.sum_assignment_insert`:
  [DecidableEq J]
consider restructuring your `variable` declarations so that the variables are not in scope or explicitly omit them:
  omit [DecidableEq J] in theorem ...

Note: This linter can be disabled with `set_option linter.unusedSectionVars false`
warning: Nonadditivity/NoncommutativeCSAssignments.lean:91:0: automatically included section variable(s) unused in theorem `Nonadditivity.NoncommutativeCS.AssignmentProgram.assignmentSum_open`:
  [CompleteSpace E]
consider restructuring your `variable` declarations so that the variables are not in scope or explicitly omit them:
  omit [CompleteSpace E] in theorem ...

Note: This linter can be disabled with `set_option linter.unusedSectionVars false`
warning: Nonadditivity/NoncommutativeCSAssignments.lean:99:21: This simp argument is unused:
  variableCount

Hint: Omit it from the simp argument list.
  simp [coefficient,̵ ̵v̵a̵r̵i̵a̵b̵l̵e̵C̵o̵u̵n̵t̵]

Note: This linter can be disabled with `set_option linter.unusedSimpArgs false`
warning: Nonadditivity/NoncommutativeCSAssignments.lean:101:0: automatically included section variable(s) unused in theorem `Nonadditivity.NoncommutativeCS.AssignmentProgram.assignmentSum_close`:
  [CompleteSpace E]
consider restructuring your `variable` declarations so that the variables are not in scope or explicitly omit them:
  omit [CompleteSpace E] in theorem ...

Note: This linter can be disabled with `set_option linter.unusedSectionVars false`
warning: Nonadditivity/NoncommutativeCSAssignments.lean:108:0: automatically included section variable(s) unused in theorem `Nonadditivity.NoncommutativeCS.AssignmentProgram.assignmentSum_middle`:
  [CompleteSpace E]
consider restructuring your `variable` declarations so that the variables are not in scope or explicitly omit them:
  omit [CompleteSpace E] in theorem ...

Note: This linter can be disabled with `set_option linter.unusedSectionVars false`
warning: Nonadditivity/NoncommutativeCSAssignments.lean:114:0: automatically included section variable(s) unused in theorem `Nonadditivity.NoncommutativeCS.AssignmentProgram.assignmentSum_singleton`:
  [CompleteSpace E]
consider restructuring your `variable` declarations so that the variables are not in scope or explicitly omit them:
  omit [CompleteSpace E] in theorem ...

Note: This linter can be disabled with `set_option linter.unusedSectionVars false`
warning: Nonadditivity/NoncommutativeCSAssignments.lean:121:21: This simp argument is unused:
  variableCount

Hint: Omit it from the simp argument list.
  simp [coefficient,̵ ̵v̵a̵r̵i̵a̵b̵l̵e̵C̵o̵u̵n̵t̵]

Note: This linter can be disabled with `set_option linter.unusedSimpArgs false`
warning: Nonadditivity/NoncommutativeCSAssignments.lean:129:58: This simp argument is unused:
  ite_apply

Hint: Omit it from the simp argument list.
  simp [Contraction.kernel_open, Fin.removeNth_insertNth, i̵t̵e̵_̵apply,̵ ̵a̵p̵p̵l̵y̵_ite]

Note: This linter can be disabled with `set_option linter.unusedSimpArgs false`
warning: Nonadditivity/NoncommutativeCSAssignments.lean:137:34: This simp argument is unused:
  ite_apply

Hint: Omit it from the simp argument list.
  simp [Contraction.kernel_close, i̵t̵e̵_̵a̵p̵p̵l̵y̵,̵ ̵apply_ite]

Note: This linter can be disabled with `set_option linter.unusedSimpArgs false`
warning: Nonadditivity/NoncommutativeCSAssignments.lean:144:37: This simp argument is unused:
  ite_apply

Hint: Omit it from the simp argument list.
  simp [Contraction.kernel_diagonal, i̵t̵e̵_̵a̵p̵p̵l̵y̵,̵ ̵apply_ite]

Note: This linter can be disabled with `set_option linter.unusedSimpArgs false`
warning: Nonadditivity/NoncommutativeCSAssignments.lean:151:37: This simp argument is unused:
  ite_apply

Hint: Omit it from the simp argument list.
  simp [Contraction.kernel_diagonal, i̵t̵e̵_̵a̵p̵p̵l̵y̵,̵ ̵apply_ite, map_sum]

Note: This linter can be disabled with `set_option linter.unusedSimpArgs false`
⚠ [3675/3714] Replayed Nonadditivity.HaarProfilePatternBound
warning: Nonadditivity/HaarProfilePatternBound.lean:95:45: Used `tac1 <;> tac2` where `(tac1; tac2)` would suffice

Note: This linter can be disabled with `set_option linter.unnecessarySeqFocus false`
⚠ [3676/3714] Replayed Nonadditivity.NoncommutativeCSSingletons
warning: Nonadditivity/NoncommutativeCSSingletons.lean:105:14: unused variable `q`

Note: This linter can be disabled with `set_option linter.unusedVariables false`
warning: Nonadditivity/NoncommutativeCSSingletons.lean:115:14: unused variable `q`

Note: This linter can be disabled with `set_option linter.unusedVariables false`
⚠ [3679/3714] Replayed Nonadditivity.HaarProfileAssignmentBound
warning: Nonadditivity/HaarProfileAssignmentBound.lean:63:12: Try `simp at hi` instead of `simpa using hi`

Note: This linter can be disabled with `set_option linter.unnecessarySimpa false`
warning: Nonadditivity/HaarProfileAssignmentBound.lean:69:8: try 'simp' instead of 'simpa'

Note: This linter can be disabled with `set_option linter.unnecessarySimpa false`
warning: Nonadditivity/HaarProfileAssignmentBound.lean:72:6: try 'simp' instead of 'simpa'

Note: This linter can be disabled with `set_option linter.unnecessarySimpa false`
warning: Nonadditivity/HaarProfileAssignmentBound.lean:75:6: try 'simp' instead of 'simpa'

Note: This linter can be disabled with `set_option linter.unnecessarySimpa false`
warning: Nonadditivity/HaarProfileAssignmentBound.lean:82:8: try 'simp' instead of 'simpa'

Note: This linter can be disabled with `set_option linter.unnecessarySimpa false`
⚠ [3683/3714] Replayed Nonadditivity.NoncommutativeCSBlocks
warning: Nonadditivity/NoncommutativeCSBlocks.lean:127:54: This simp argument is unused:
  Nat.add_assoc

Hint: Omit it from the simp argument list.
  simp_all [blocks, blockFactors, List.mapIdx_cons, Nat.add_a̵s̵s̵o̵c̵,̵
  ̵ ̵ ̵ ̵ ̵ ̵ ̵N̵a̵t̵.̵a̵d̵d̵_̵left_comm, Nat.add_comm]

Note: This linter can be disabled with `set_option linter.unusedSimpArgs false`
⚠ [3685/3714] Replayed Nonadditivity.HaarSkeletonSegmentation
warning: Nonadditivity/HaarSkeletonSegmentation.lean:45:46: This simp argument is unused:
  List.append_assoc

Hint: Omit it from the simp argument list.
  simp [reverseFactors, ih,̵ ̵L̵i̵s̵t̵.̵a̵p̵p̵e̵n̵d̵_̵a̵s̵s̵o̵c̵]

Note: This linter can be disabled with `set_option linter.unusedSimpArgs false`
⚠ [3688/3714] Replayed Nonadditivity.HaarActualScanWords
warning: Nonadditivity/HaarActualScanWords.lean:29:0: automatically included section variable(s) unused in theorem `Nonadditivity.HaarActualScanWords.scanWords_eq_actual_chunks`:
  [Fintype V]
consider restructuring your `variable` declarations so that the variables are not in scope or explicitly omit them:
  omit [Fintype V] in theorem ...

Note: This linter can be disabled with `set_option linter.unusedSectionVars false`
⚠ [3690/3714] Replayed Nonadditivity.HaarDecodedCoefficientBound
warning: Nonadditivity/HaarDecodedCoefficientBound.lean:29:0: automatically included section variable(s) unused in theorem `Nonadditivity.HaarDecodedCoefficientBound.blockFactors_segmentedListProduct`:
  [Fintype I]
consider restructuring your `variable` declarations so that the variables are not in scope or explicitly omit them:
  omit [Fintype I] in theorem ...

Note: This linter can be disabled with `set_option linter.unusedSectionVars false`
⚠ [3692/3714] Replayed Nonadditivity.HaarPathScalarSummation
warning: Nonadditivity/HaarPathScalarSummation.lean:69:20: Used `tac1 <;> tac2` where `(tac1; tac2)` would suffice

Note: This linter can be disabled with `set_option linter.unnecessarySeqFocus false`
warning: Nonadditivity/HaarPathScalarSummation.lean:77:20: Used `tac1 <;> tac2` where `(tac1; tac2)` would suffice

Note: This linter can be disabled with `set_option linter.unnecessarySeqFocus false`
warning: Nonadditivity/HaarPathScalarSummation.lean:102:56: Used `tac1 <;> tac2` where `(tac1; tac2)` would suffice

Note: This linter can be disabled with `set_option linter.unnecessarySeqFocus false`
⚠ [3694/3714] Replayed Nonadditivity.HaarPathWeightBudget
warning: Nonadditivity/HaarPathWeightBudget.lean:49:47: unused variable `hs`

Note: This linter can be disabled with `set_option linter.unusedVariables false`
⚠ [3698/3714] Replayed Nonadditivity.HaarProfilePermutations
warning: Nonadditivity/HaarProfilePermutations.lean:25:0: automatically included section variable(s) unused in theorem `Nonadditivity.HaarProfilePermutations.labelEquiv_map`:
  [DecidableEq I]
consider restructuring your `variable` declarations so that the variables are not in scope or explicitly omit them:
  omit [DecidableEq I] in theorem ...

Note: This linter can be disabled with `set_option linter.unusedSectionVars false`
warning: Nonadditivity/HaarProfilePermutations.lean:85:0: automatically included section variable(s) unused in theorem `Nonadditivity.HaarProfilePermutations.coreChainProfile_count`:
  [Fintype V]
consider restructuring your `variable` declarations so that the variables are not in scope or explicitly omit them:
  omit [Fintype V] in theorem ...

Note: This linter can be disabled with `set_option linter.unusedSectionVars false`
warning: Nonadditivity/HaarProfilePermutations.lean:90:0: automatically included section variable(s) unused in theorem `Nonadditivity.HaarProfilePermutations.coreChainProfile_first`:
  [Fintype V]
consider restructuring your `variable` declarations so that the variables are not in scope or explicitly omit them:
  omit [Fintype V] in theorem ...

Note: This linter can be disabled with `set_option linter.unusedSectionVars false`
warning: Nonadditivity/HaarProfilePermutations.lean:93:0: automatically included section variable(s) unused in theorem `Nonadditivity.HaarProfilePermutations.coreChainProfile_last`:
  [Fintype V]
consider restructuring your `variable` declarations so that the variables are not in scope or explicitly omit them:
  omit [Fintype V] in theorem ...

Note: This linter can be disabled with `set_option linter.unusedSectionVars false`
⚠ [3701/3714] Replayed Nonadditivity.HaarPathWeightTransport
warning: Nonadditivity/HaarPathWeightTransport.lean:145:37: Used `tac1 <;> tac2` where `(tac1; tac2)` would suffice

Note: This linter can be disabled with `set_option linter.unnecessarySeqFocus false`
warning: Nonadditivity/HaarPathWeightTransport.lean:145:66: Used `tac1 <;> tac2` where `(tac1; tac2)` would suffice

Note: This linter can be disabled with `set_option linter.unnecessarySeqFocus false`
⚠ [3702/3714] Replayed Nonadditivity.HaarRefinedWeight
warning: Nonadditivity/HaarRefinedWeight.lean:31:67: try 'simp' instead of 'simpa'

Note: This linter can be disabled with `set_option linter.unnecessarySimpa false`
⚠ [3705/3714] Replayed Nonadditivity.HaarTensorEvaluation
warning: Nonadditivity/HaarTensorEvaluation.lean:93:10: This simp argument is unused:
  Matrix.kronecker_apply

Hint: Omit it from the simp argument list.
  simp ̵[̵M̵a̵t̵r̵i̵x̵.̵k̵r̵o̵n̵e̵c̵k̵e̵r̵_̵a̵p̵p̵l̵y̵]̵

Note: This linter can be disabled with `set_option linter.unusedSimpArgs false`
⚠ [3706/3714] Replayed Nonadditivity.HaarRecursiveSample
warning: Nonadditivity/HaarRecursiveSample.lean:93:35: `MeasureTheory.measureReal_univ_eq_one` has been deprecated: Use `MeasureTheory.probReal_univ` instead
⚠ [3707/3714] Replayed Nonadditivity.HaarCanonicalTransport
warning: Nonadditivity/HaarCanonicalTransport.lean:61:79: This simp argument is unused:
  Matrix.one_apply

Hint: Omit it from the simp argument list.
  simp [recursiveRepresentation, tensorTupleEquiv,̵ ̵M̵a̵t̵r̵i̵x̵.̵o̵n̵e̵_̵a̵p̵p̵l̵y̵]

Note: This linter can be disabled with `set_option linter.unusedSimpArgs false`
warning: Nonadditivity/HaarCanonicalTransport.lean:76:78: This simp argument is unused:
  Matrix.one_apply

Hint: Omit it from the simp argument list.
  simp [StructuredHaarModel.tensorRepresentation,̵ ̵M̵a̵t̵r̵i̵x̵.̵o̵n̵e̵_̵a̵p̵p̵l̵y̵]

Note: This linter can be disabled with `set_option linter.unusedSimpArgs false`
⚠ [3727/3773] Replayed Nonadditivity.HaarExpectationFromMoment
warning: Nonadditivity/HaarExpectationFromMoment.lean:89:53: This simp argument is unused:
  Pi.inv_apply

Hint: Omit it from the simp argument list.
  simp only [ProductPolynomialReduction.generator, P̵i̵.̵i̵n̵v̵_̵a̵p̵p̵l̵y̵,̵ ̵FreeGroup.norm_inv_eq,
       ̵ ̵apply_ite FreeGroup.norm, FreeGroup.norm_of, FreeGroup.norm_one]

Note: This linter can be disabled with `set_option linter.unusedSimpArgs false`
warning: Nonadditivity/HaarExpectationFromMoment.lean:89:67: This simp argument is unused:
  FreeGroup.norm_inv_eq

Hint: Omit it from the simp argument list.
  simp only [ProductPolynomialReduction.generator, Pi.inv_apply, F̵r̵e̵e̵G̵r̵o̵u̵p̵.̵n̵o̵r̵m̵_̵i̵n̵v̵_̵e̵q̵,̵apply_ite FreeGroup.norm,
  ̲  ̲ ̲ ̲FreeGroup.norm_of, FreeGroup.norm_one]

Note: This linter can be disabled with `set_option linter.unusedSimpArgs false`
✔ [3766/3773] Built Nonadditivity.HaarPrescribedScaling (2.4s)
✔ [3767/3773] Built Nonadditivity.PrescribedCostScalars (2.7s)
✔ [3768/3773] Built Nonadditivity.PrescribedCostDimensions (2.8s)
✔ [3769/3773] Built Nonadditivity.PrescribedCostLogarithms (2.5s)
✔ [3770/3773] Built Nonadditivity.PrescribedCostInformation (3.2s)
⚠ [3771/3773] Built ComparatorChallenges.E_InputCost (2.3s)
warning: ComparatorChallenges/E_InputCost.lean:16:8: declaration uses `sorry`
warning: ComparatorChallenges/E_InputCost.lean:23:8: declaration uses `sorry`
✔ [3772/3773] Built Nonadditivity.PrescribedCostScaling (3.6s)
✔ [3773/3773] Built Nonadditivity.PrescribedCostCapacity (3.0s)
Build completed successfully (3773 jobs).
Exporting challenge: ComparatorChallenges.E_InputCost
+ lake env /home/runner/work/Holevo-Additivity-Gap/Holevo-Additivity-Gap/.verify-work/comparator/.lake/packages/lean4export/.lake/build/bin/lean4export ComparatorChallenges.E_InputCost -- Nonadditivity.PrescribedCost.growingFamily_chi_input_cost_bounds Nonadditivity.PrescribedCost.growingFamily_two_use_input_cost_lower propext Quot.sound Classical.choice Nat.add Nat.sub Nat.mul Nat.pow Nat.gcd Nat.div Nat.mod Nat.beq Nat.ble Nat.land Nat.lor Nat.xor Nat.shiftLeft Nat.shiftRight String.ofList
Exporting solution: Nonadditivity.PrescribedCostCapacity
+ lake env /home/runner/work/Holevo-Additivity-Gap/Holevo-Additivity-Gap/.verify-work/comparator/.lake/packages/lean4export/.lake/build/bin/lean4export Nonadditivity.PrescribedCostCapacity -- Nonadditivity.PrescribedCost.growingFamily_chi_input_cost_bounds Nonadditivity.PrescribedCost.growingFamily_two_use_input_cost_lower propext Quot.sound Classical.choice Nat.add Nat.sub Nat.mul Nat.pow Nat.gcd Nat.div Nat.mod Nat.beq Nat.ble Nat.land Nat.lor Nat.xor Nat.shiftLeft Nat.shiftRight String.ofList
+ lake env lean --run /home/runner/work/Holevo-Additivity-Gap/Holevo-Additivity-Gap/verification/comparator/ReplayExports.lean /home/runner/work/Holevo-Additivity-Gap/Holevo-Additivity-Gap/ComparatorChallenges/E_InputCost.json /tmp/holevo-comparator-6p0n6k2d/challenge.export /tmp/holevo-comparator-6p0n6k2d/solution.export
UNSANDBOXED diagnostic: parsing exports. Nanoda is disabled.
Pinned Comparator: statements and referenced constants match.
Pinned Comparator: solution axiom closure accepted.
Lean kernel replay accepted. UNSANDBOXED diagnostic only.
LOCAL DIAGNOSTIC PASSED: ComparatorChallenges/E_InputCost.json
