
[platform]
Darwin Mac.attlocal.net 27.2.0 Darwin Kernel Version 27.2.0: Tue Sep 29 21:45:37 PDT 2026; root:xnu-13432.40.177.0.3~56/RELEASE_ARM64_T8112 arm64

[python-version]
Python 3.11.13

[elan-version]
elan 4.2.4 (227caca13 2026-08-25)

[python-environment]

[validator-dependencies]
Collecting PyYAML==6.0.2 (from -r requirements-validation.txt (line 3))
  Using cached PyYAML-6.0.2-cp311-cp311-macosx_11_0_arm64.whl.metadata (2.1 kB)
Collecting jsonschema==4.23.0 (from -r requirements-validation.txt (line 4))
  Using cached jsonschema-4.23.0-py3-none-any.whl.metadata (7.9 kB)
Collecting attrs>=22.2.0 (from jsonschema==4.23.0->-r requirements-validation.txt (line 4))
  Using cached attrs-26.1.0-py3-none-any.whl.metadata (8.8 kB)
Collecting jsonschema-specifications>=2023.03.6 (from jsonschema==4.23.0->-r requirements-validation.txt (line 4))
  Using cached jsonschema_specifications-2025.9.1-py3-none-any.whl.metadata (2.9 kB)
Collecting referencing>=0.28.4 (from jsonschema==4.23.0->-r requirements-validation.txt (line 4))
  Using cached referencing-0.37.0-py3-none-any.whl.metadata (2.8 kB)
Collecting rpds-py>=0.7.1 (from jsonschema==4.23.0->-r requirements-validation.txt (line 4))
  Downloading rpds_py-2026.9.1-cp311-cp311-macosx_11_0_arm64.whl.metadata (4.1 kB)
Collecting typing-extensions>=4.4.0 (from referencing>=0.28.4->jsonschema==4.23.0->-r requirements-validation.txt (line 4))
  Using cached typing_extensions-4.16.0-py3-none-any.whl.metadata (3.3 kB)
Using cached PyYAML-6.0.2-cp311-cp311-macosx_11_0_arm64.whl (172 kB)
Using cached jsonschema-4.23.0-py3-none-any.whl (88 kB)
Using cached attrs-26.1.0-py3-none-any.whl (67 kB)
Using cached jsonschema_specifications-2025.9.1-py3-none-any.whl (18 kB)
Using cached referencing-0.37.0-py3-none-any.whl (26 kB)
Downloading rpds_py-2026.9.1-cp311-cp311-macosx_11_0_arm64.whl (346 kB)
Using cached typing_extensions-4.16.0-py3-none-any.whl (45 kB)
Installing collected packages: typing-extensions, rpds-py, PyYAML, attrs, referencing, jsonschema-specifications, jsonschema

Successfully installed PyYAML-6.0.2 attrs-26.1.0 jsonschema-4.23.0 jsonschema-specifications-2025.9.1 referencing-0.37.0 rpds-py-2026.9.1 typing-extensions-4.16.0

[notice] A new release of pip is available: 25.1.1 -> 26.2.1
[notice] To update, run: pip install --upgrade pip

[static-release]
STATIC RELEASE CHECKS PASSED: 25 mappings, 49 declarations, 327 unchanged baseline proof bodies.
Source integrity: recorded_rebuild_and_exact_public_types_with_additive_challenge
Lean declarations were not checked; run without --static-only after compiling the proof library.

[install-toolchain]
info: toolchain 'leanprover/lean4:v4.29.0-rc6' is already installed

[lean-version]
Lean (version 4.29.0-rc6, arm64-apple-darwin24.6.0, commit 00659f8e6071d7e46131ed643bf8003b99b044e9, Release)

[dependency-cache]
Current branch: HEAD
Using cache (Azure) from origin: leanprover-community/mathlib4
No files to download
Already decompressed 8159 file(s)

[proof-build-and-audit]
Lean (version 4.29.0-rc6, arm64-apple-darwin24.6.0, commit 00659f8e6071d7e46131ed643bf8003b99b044e9, Release)
Checking Nonadditivity/Entropy.lean
Checking Nonadditivity/Channels.lean
Checking Nonadditivity/EntropyProducts.lean
Checking Nonadditivity/PureChannelEntropy.lean
Checking Nonadditivity/TensorPowers.lean
Checking Nonadditivity/StateEnsembles.lean
Checking Nonadditivity/EntropyMixtures.lean
Checking Nonadditivity/ChannelReindex.lean
Checking Nonadditivity/BellOutput.lean
Checking Nonadditivity/ConjugateChannel.lean
Checking Nonadditivity/BlockBell.lean
Checking Nonadditivity/ChannelExtensions.lean
Checking Nonadditivity/ConditionalStates.lean
Checking Nonadditivity/AdjointPurity.lean
Checking Nonadditivity/QuantumHolevo.lean
Checking Nonadditivity/Weyl.lean
Checking Nonadditivity/ChannelEntropy.lean
Checking Nonadditivity/SwitchChannel.lean
Checking Nonadditivity/ChannelTensorControl.lean
Checking Nonadditivity/WeylTensor.lean
Checking Nonadditivity/Conversion.lean
Checking Nonadditivity/BlockConstruction.lean
Checking Nonadditivity/ComplementaryAdjoint.lean
Checking Nonadditivity/Net.lean
Checking Nonadditivity/BlockScalars.lean
Checking Nonadditivity/FiniteRealization.lean
Checking Nonadditivity/FiniteChannelRealization.lean
Checking Nonadditivity/FreeModel.lean
Checking Nonadditivity/FreeBridge.lean
Checking Nonadditivity/Qualitative.lean
Checking Nonadditivity/HaarModel.lean
Checking Nonadditivity/Scalar.lean
Checking Nonadditivity/HolevoBits.lean
Checking Nonadditivity/PositiveHolevo.lean
Checking Nonadditivity/Asymptotics.lean
Checking Nonadditivity/ActualConsequences.lean
Checking Nonadditivity/CanonicalBlockBell.lean
Checking Nonadditivity/FreeCreation.lean
Checking Nonadditivity/CollinsYoun.lean
Checking Nonadditivity/RegularRestriction.lean
Checking Nonadditivity/CollinsYounOne.lean
Checking Nonadditivity/Linearization.lean
Checking Nonadditivity/PositiveLinearization.lean
Checking Nonadditivity/RegularCoefficientEnergy.lean
Checking Nonadditivity/MatrixRegularRestriction.lean
Checking Nonadditivity/CollinsYounTensor.lean
Checking Nonadditivity/RegularFubini.lean
Checking Nonadditivity/CollinsYounProduct.lean
Checking Nonadditivity/ComplexRealTrace.lean
Checking Nonadditivity/GeneralBell.lean
Checking Nonadditivity/DampedChannel.lean
Checking Nonadditivity/DampedBellStability.lean
Checking Nonadditivity/StrictEntropy.lean
Checking Nonadditivity/DampedPositivity.lean
Checking Nonadditivity/DampingNet.lean
Checking Nonadditivity/HaarMomentTail.lean
Checking Nonadditivity/GaussianNormalization.lean
Checking Nonadditivity/SpectralDamping.lean
Checking Nonadditivity/DampedRealization.lean
Checking Nonadditivity/RegularDilation.lean
Checking Nonadditivity/MatrixNormReindex.lean
Checking Nonadditivity/FiniteSetFactorization.lean
Checking Nonadditivity/RegularShiftedDilation.lean
Checking Nonadditivity/RegularFactorization.lean
Checking Nonadditivity/PolynomialReduction.lean
Checking Nonadditivity/FiniteFreeModel.lean
Checking Nonadditivity/FiniteMomentMatching.lean
Checking Nonadditivity/FiniteRegularMatrix.lean
Checking Nonadditivity/QuantitativeNet.lean
Checking Nonadditivity/ObservableDimension.lean
Checking Nonadditivity/ShiftNorm.lean
Checking Nonadditivity/PrescribedTest.lean
Checking Nonadditivity/NetPolynomial.lean
Checking Nonadditivity/ProductPolynomialReduction.lean
Checking Nonadditivity/PolynomialDilation.lean
Checking Nonadditivity/NetPolynomialSupport.lean
Checking Nonadditivity/FreeEmbedding.lean
Checking Nonadditivity/InitialNetReduction.lean
Checking Nonadditivity/Quantitative.lean
Checking Nonadditivity/StructuredCostBounds.lean
Checking Nonadditivity/TensorPartitionReduction.lean
Checking Nonadditivity/WordBallReduction.lean
Checking Nonadditivity/StructuredReductionCosts.lean
Checking Nonadditivity/StructuredLinearization.lean
Checking Nonadditivity/StructuredHaarModel.lean
Checking Nonadditivity/StructuredFiniteChannel.lean
Checking Nonadditivity/FiniteBlockModel.lean
Checking Nonadditivity/EntropyContinuity.lean
Checking Nonadditivity/EntropyStability.lean
Checking Nonadditivity/DeterministicQualitative.lean
Checking Nonadditivity/HolevoTensorSuperadditivity.lean
Checking Nonadditivity/RegularizedHolevo.lean
Checking Nonadditivity/HolevoRateLimit.lean
Checking Nonadditivity/DeterministicConsequences.lean
Checking Nonadditivity/Dimensions.lean
Checking Nonadditivity/WeightedCertificate.lean
Checking Nonadditivity/WeightedBlock.lean
Checking Nonadditivity/WeightedBellScalar.lean
Checking Nonadditivity/WeightedBell.lean
Checking Nonadditivity/WeightedBlockBell.lean
Checking Nonadditivity/WeightedParameters.lean
Checking Nonadditivity/WeightedPositivity.lean
Checking Nonadditivity/ExactQualitative.lean
Checking Nonadditivity/FreeGroupCut.lean
Checking Nonadditivity/GapFractionAsymptotics.lean
Checking Nonadditivity/GaussianQuadratic.lean
Checking Nonadditivity/GaussianCertificates.lean
Checking Nonadditivity/SmallEnvironment.lean
Checking Nonadditivity/GaussianChannelBounds.lean
Checking Nonadditivity/GaussianRectangular.lean
Checking Nonadditivity/GaussianRectangularAlgebra.lean
Checking Nonadditivity/QuadraticNet.lean
Checking Nonadditivity/GaussianNetRealization.lean
Checking Nonadditivity/GaussianSampleEvaluation.lean
Checking Nonadditivity/GaussianConstruction.lean
Checking Nonadditivity/GaussianScalar.lean
Checking Nonadditivity/GaussianConsequences.lean
Checking Nonadditivity/NoncommutativeCS.lean
Checking Nonadditivity/HaarCoefficientBounds.lean
Checking Nonadditivity/HaarCoefficientRows.lean
Checking Nonadditivity/HaarNonbacktracking.lean
Checking Nonadditivity/HaarWordExpansion.lean
Checking Nonadditivity/HaarNonbacktrackingRenewal.lean
Checking Nonadditivity/HaarNonbacktrackingLastReturn.lean
Nonadditivity/HaarNonbacktrackingLastReturn.lean:67:0: warning: automatically included section variable(s) unused in theorem `Nonadditivity.HaarNonbacktracking.last_return_polynomial_decomposition`:
  [DecidableEq G]
consider restructuring your `variable` declarations so that the variables are not in scope or explicitly omit them:
  omit [DecidableEq G] in theorem ...

Note: This linter can be disabled with `set_option linter.unusedSectionVars false`
Nonadditivity/HaarNonbacktrackingLastReturn.lean:107:0: warning: automatically included section variable(s) unused in theorem `Nonadditivity.HaarNonbacktracking.last_visit_polynomial_decomposition`:
  [DecidableEq G]
consider restructuring your `variable` declarations so that the variables are not in scope or explicitly omit them:
  omit [DecidableEq G] in theorem ...

Note: This linter can be disabled with `set_option linter.unusedSectionVars false`
Checking Nonadditivity/HaarOperatorPolynomial.lean
Nonadditivity/HaarOperatorPolynomial.lean:77:0: warning: automatically included section variable(s) unused in theorem `Nonadditivity.HaarOperatorPolynomial.regular_vacuum`:
  [CompleteSpace E]
consider restructuring your `variable` declarations so that the variables are not in scope or explicitly omit them:
  omit [CompleteSpace E] in theorem ...

Note: This linter can be disabled with `set_option linter.unusedSectionVars false`
Checking Nonadditivity/HaarOperatorCoefficient.lean
Checking Nonadditivity/HaarNonbacktrackingSupport.lean
Checking Nonadditivity/HaarNonbacktrackingFirstStep.lean
Nonadditivity/HaarNonbacktrackingFirstStep.lean:47:0: warning: automatically included section variable(s) unused in theorem `Nonadditivity.HaarNonbacktracking.killedPolynomial_sum_source`:
  [DecidableEq G]
consider restructuring your `variable` declarations so that the variables are not in scope or explicitly omit them:
  omit [DecidableEq G] in theorem ...

Note: This linter can be disabled with `set_option linter.unusedSectionVars false`
Checking Nonadditivity/HaarPathProfiles.lean
Checking Nonadditivity/HaarProfileCoefficient.lean
Nonadditivity/HaarProfileCoefficient.lean:85:0: warning: automatically included section variable(s) unused in theorem `Nonadditivity.HaarProfileCoefficient.returningCoefficients_eq_firstStep`:
  [CompleteSpace E]
consider restructuring your `variable` declarations so that the variables are not in scope or explicitly omit them:
  omit [CompleteSpace E] in theorem ...

Note: This linter can be disabled with `set_option linter.unusedSectionVars false`
Checking Nonadditivity/HaarProfileOrientation.lean
Nonadditivity/HaarProfileOrientation.lean:64:0: warning: automatically included section variable(s) unused in theorem `Nonadditivity.HaarProfileCoefficient.orientedCoefficients_eq_firstStep`:
  [CompleteSpace E]
consider restructuring your `variable` declarations so that the variables are not in scope or explicitly omit them:
  omit [CompleteSpace E] in theorem ...

Note: This linter can be disabled with `set_option linter.unusedSectionVars false`
Checking Nonadditivity/HaarProfilePadding.lean
Nonadditivity/HaarProfilePadding.lean:62:0: warning: automatically included section variable(s) unused in theorem `Nonadditivity.HaarProfilePadding.norm_extend_zero_le`:
  [Fintype J]
  [CompleteSpace E]
consider restructuring your `variable` declarations so that the variables are not in scope or explicitly omit them:
  omit [Fintype J] [CompleteSpace E] in theorem ...

Note: This linter can be disabled with `set_option linter.unusedSectionVars false`
Checking Nonadditivity/HaarProfileBlockCoefficients.lean
Checking Nonadditivity/NoncommutativeCSMemory.lean
Checking Nonadditivity/NoncommutativeCSPaths.lean
Checking Nonadditivity/NoncommutativeCSAssignments.lean
Nonadditivity/NoncommutativeCSAssignments.lean:27:0: warning: automatically included section variable(s) unused in theorem `Nonadditivity.NoncommutativeCS.sum_assignment_insert`:
  [DecidableEq J]
consider restructuring your `variable` declarations so that the variables are not in scope or explicitly omit them:
  omit [DecidableEq J] in theorem ...

Note: This linter can be disabled with `set_option linter.unusedSectionVars false`
Nonadditivity/NoncommutativeCSAssignments.lean:91:0: warning: automatically included section variable(s) unused in theorem `Nonadditivity.NoncommutativeCS.AssignmentProgram.assignmentSum_open`:
  [CompleteSpace E]
consider restructuring your `variable` declarations so that the variables are not in scope or explicitly omit them:
  omit [CompleteSpace E] in theorem ...

Note: This linter can be disabled with `set_option linter.unusedSectionVars false`
Nonadditivity/NoncommutativeCSAssignments.lean:99:21: warning: This simp argument is unused:
  variableCount

Hint: Omit it from the simp argument list.
  simp [coefficient,̵ ̵v̵a̵r̵i̵a̵b̵l̵e̵C̵o̵u̵n̵t̵]

Note: This linter can be disabled with `set_option linter.unusedSimpArgs false`
Nonadditivity/NoncommutativeCSAssignments.lean:101:0: warning: automatically included section variable(s) unused in theorem `Nonadditivity.NoncommutativeCS.AssignmentProgram.assignmentSum_close`:
  [CompleteSpace E]
consider restructuring your `variable` declarations so that the variables are not in scope or explicitly omit them:
  omit [CompleteSpace E] in theorem ...

Note: This linter can be disabled with `set_option linter.unusedSectionVars false`
Nonadditivity/NoncommutativeCSAssignments.lean:108:0: warning: automatically included section variable(s) unused in theorem `Nonadditivity.NoncommutativeCS.AssignmentProgram.assignmentSum_middle`:
  [CompleteSpace E]
consider restructuring your `variable` declarations so that the variables are not in scope or explicitly omit them:
  omit [CompleteSpace E] in theorem ...

Note: This linter can be disabled with `set_option linter.unusedSectionVars false`
Nonadditivity/NoncommutativeCSAssignments.lean:114:0: warning: automatically included section variable(s) unused in theorem `Nonadditivity.NoncommutativeCS.AssignmentProgram.assignmentSum_singleton`:
  [CompleteSpace E]
consider restructuring your `variable` declarations so that the variables are not in scope or explicitly omit them:
  omit [CompleteSpace E] in theorem ...

Note: This linter can be disabled with `set_option linter.unusedSectionVars false`
Nonadditivity/NoncommutativeCSAssignments.lean:121:21: warning: This simp argument is unused:
  variableCount

Hint: Omit it from the simp argument list.
  simp [coefficient,̵ ̵v̵a̵r̵i̵a̵b̵l̵e̵C̵o̵u̵n̵t̵]

Note: This linter can be disabled with `set_option linter.unusedSimpArgs false`
Nonadditivity/NoncommutativeCSAssignments.lean:129:58: warning: This simp argument is unused:
  ite_apply

Hint: Omit it from the simp argument list.
  simp [Contraction.kernel_open, Fin.removeNth_insertNth, i̵t̵e̵_̵apply,̵ ̵a̵p̵p̵l̵y̵_ite]

Note: This linter can be disabled with `set_option linter.unusedSimpArgs false`
Nonadditivity/NoncommutativeCSAssignments.lean:137:34: warning: This simp argument is unused:
  ite_apply

Hint: Omit it from the simp argument list.
  simp [Contraction.kernel_close, i̵t̵e̵_̵a̵p̵p̵l̵y̵,̵ ̵apply_ite]

Note: This linter can be disabled with `set_option linter.unusedSimpArgs false`
Nonadditivity/NoncommutativeCSAssignments.lean:144:37: warning: This simp argument is unused:
  ite_apply

Hint: Omit it from the simp argument list.
  simp [Contraction.kernel_diagonal, i̵t̵e̵_̵a̵p̵p̵l̵y̵,̵ ̵apply_ite]

Note: This linter can be disabled with `set_option linter.unusedSimpArgs false`
Nonadditivity/NoncommutativeCSAssignments.lean:151:37: warning: This simp argument is unused:
  ite_apply

Hint: Omit it from the simp argument list.
  simp [Contraction.kernel_diagonal, i̵t̵e̵_̵a̵p̵p̵l̵y̵,̵ ̵apply_ite, map_sum]

Note: This linter can be disabled with `set_option linter.unusedSimpArgs false`
Checking Nonadditivity/NoncommutativeCSAssignmentProducts.lean
Checking Nonadditivity/NoncommutativeCSEndpointTrace.lean
Checking Nonadditivity/NoncommutativeCSEndpointSkeleton.lean
Checking Nonadditivity/NoncommutativeCSSkeletonDecoration.lean
Checking Nonadditivity/HaarTimeCompositions.lean
Checking Nonadditivity/HaarPathRuns.lean
Checking Nonadditivity/HaarMarkedCompositions.lean
Checking Nonadditivity/HaarProfilePatternBound.lean
Nonadditivity/HaarProfilePatternBound.lean:95:45: warning: Used `tac1 <;> tac2` where `(tac1; tac2)` would suffice

Note: This linter can be disabled with `set_option linter.unnecessarySeqFocus false`
Checking Nonadditivity/HaarProfileAssignmentBound.lean
Nonadditivity/HaarProfileAssignmentBound.lean:63:12: warning: Try `simp at hi` instead of `simpa using hi`

Note: This linter can be disabled with `set_option linter.unnecessarySimpa false`
Nonadditivity/HaarProfileAssignmentBound.lean:69:8: warning: try 'simp' instead of 'simpa'

Note: This linter can be disabled with `set_option linter.unnecessarySimpa false`
Nonadditivity/HaarProfileAssignmentBound.lean:72:6: warning: try 'simp' instead of 'simpa'

Note: This linter can be disabled with `set_option linter.unnecessarySimpa false`
Nonadditivity/HaarProfileAssignmentBound.lean:75:6: warning: try 'simp' instead of 'simpa'

Note: This linter can be disabled with `set_option linter.unnecessarySimpa false`
Nonadditivity/HaarProfileAssignmentBound.lean:82:8: warning: try 'simp' instead of 'simpa'

Note: This linter can be disabled with `set_option linter.unnecessarySimpa false`
Checking Nonadditivity/HaarProfileDecodedCoefficients.lean
Checking Nonadditivity/HaarProfileCompositionBound.lean
Checking Nonadditivity/NoncommutativeCSBlocks.lean
Nonadditivity/NoncommutativeCSBlocks.lean:127:54: warning: This simp argument is unused:
  Nat.add_assoc

Hint: Omit it from the simp argument list.
  simp_all [blocks, blockFactors, List.mapIdx_cons, Nat.add_a̵s̵s̵o̵c̵,̵
  ̵ ̵ ̵ ̵ ̵ ̵ ̵N̵a̵t̵.̵a̵d̵d̵_̵left_comm, Nat.add_comm]

Note: This linter can be disabled with `set_option linter.unusedSimpArgs false`
Checking Nonadditivity/HaarNonbacktrackingSegmentation.lean
Checking Nonadditivity/HaarTimeCompositionReverse.lean
Checking Nonadditivity/HaarSkeletonSegmentation.lean
Nonadditivity/HaarSkeletonSegmentation.lean:45:46: warning: This simp argument is unused:
  List.append_assoc

Hint: Omit it from the simp argument list.
  simp [reverseFactors, ih,̵ ̵L̵i̵s̵t̵.̵a̵p̵p̵e̵n̵d̵_̵a̵s̵s̵o̵c̵]

Note: This linter can be disabled with `set_option linter.unusedSimpArgs false`
Checking Nonadditivity/HaarPathMultiplicity.lean
Checking Nonadditivity/HaarPathGraph.lean
Checking Nonadditivity/HaarPathChains.lean
Checking Nonadditivity/HaarPathInvolution.lean
Checking Nonadditivity/HaarPathChainCount.lean
Checking Nonadditivity/HaarPathChainPartition.lean
Checking Nonadditivity/HaarPathDecomposition.lean
Checking Nonadditivity/HaarPathCoefficientWords.lean
Checking Nonadditivity/HaarCoreChainLabels.lean
Checking Nonadditivity/HaarCoreChainAddress.lean
Checking Nonadditivity/HaarCoreChainReverseAddress.lean
Checking Nonadditivity/HaarPathChainProfiles.lean
Checking Nonadditivity/HaarPathProfileReverse.lean
Checking Nonadditivity/HaarPathExploration.lean
Nonadditivity/HaarPathExploration.lean:56:0: warning: automatically included section variable(s) unused in theorem `Nonadditivity.HaarPathGraph.Path.firstVisit_terminal_ne_root`:
  [DecidableEq V]
consider restructuring your `variable` declarations so that the variables are not in scope or explicitly omit them:
  omit [DecidableEq V] in theorem ...

Note: This linter can be disabled with `set_option linter.unusedSectionVars false`
Nonadditivity/HaarPathExploration.lean:118:0: warning: automatically included section variable(s) unused in theorem `Nonadditivity.HaarPathGraph.Path.firstVisit_edge_not_earlier`:
  [DecidableEq V]
consider restructuring your `variable` declarations so that the variables are not in scope or explicitly omit them:
  omit [DecidableEq V] in theorem ...

Note: This linter can be disabled with `set_option linter.unusedSectionVars false`
Checking Nonadditivity/HaarPathTree.lean
Checking Nonadditivity/HaarPathClasses.lean
Checking Nonadditivity/HaarPathClassData.lean
Nonadditivity/HaarPathClassData.lean:33:0: warning: automatically included section variable(s) unused in theorem `Nonadditivity.HaarPathClasses.SamePattern.incidenceVertex_iff`:
  [DecidableEq V]
consider restructuring your `variable` declarations so that the variables are not in scope or explicitly omit them:
  omit [DecidableEq V] in theorem ...

Note: This linter can be disabled with `set_option linter.unusedSectionVars false`
Nonadditivity/HaarPathClassData.lean:38:0: warning: automatically included section variable(s) unused in theorem `Nonadditivity.HaarPathClasses.SamePattern.firstVisit_iff`:
  [DecidableEq V]
consider restructuring your `variable` declarations so that the variables are not in scope or explicitly omit them:
  omit [DecidableEq V] in theorem ...

Note: This linter can be disabled with `set_option linter.unusedSectionVars false`
Nonadditivity/HaarPathClassData.lean:51:0: warning: automatically included section variable(s) unused in theorem `Nonadditivity.HaarPathClasses.SamePattern.edgeAt_eq_iff`:
  [DecidableEq V]
consider restructuring your `variable` declarations so that the variables are not in scope or explicitly omit them:
  omit [DecidableEq V] in theorem ...

Note: This linter can be disabled with `set_option linter.unusedSectionVars false`
Checking Nonadditivity/HaarPathTransport.lean
Nonadditivity/HaarPathTransport.lean:23:8: warning: automatically included section variable(s) unused in theorem `Nonadditivity.HaarPathClasses.source_incidenceDart`:
  [Fintype V]
  [DecidableEq V]
consider restructuring your `variable` declarations so that the variables are not in scope or explicitly omit them:
  omit [Fintype V] [DecidableEq V] in theorem ...

Note: This linter can be disabled with `set_option linter.unusedSectionVars false`
Nonadditivity/HaarPathTransport.lean:28:8: warning: automatically included section variable(s) unused in theorem `Nonadditivity.HaarPathClasses.color_incidenceDart`:
  [Fintype V]
  [DecidableEq V]
consider restructuring your `variable` declarations so that the variables are not in scope or explicitly omit them:
  omit [Fintype V] [DecidableEq V] in theorem ...

Note: This linter can be disabled with `set_option linter.unusedSectionVars false`
Nonadditivity/HaarPathTransport.lean:33:8: warning: automatically included section variable(s) unused in theorem `Nonadditivity.HaarPathClasses.incidenceDart_flip`:
  [Fintype V]
  [DecidableEq V]
consider restructuring your `variable` declarations so that the variables are not in scope or explicitly omit them:
  omit [Fintype V] [DecidableEq V] in theorem ...

Note: This linter can be disabled with `set_option linter.unusedSectionVars false`
Nonadditivity/HaarPathTransport.lean:38:0: warning: automatically included section variable(s) unused in theorem `Nonadditivity.HaarPathClasses.dart_eq_iff_source_color_target`:
  [Fintype V]
  [DecidableEq V]
consider restructuring your `variable` declarations so that the variables are not in scope or explicitly omit them:
  omit [Fintype V] [DecidableEq V] in theorem ...

Note: This linter can be disabled with `set_option linter.unusedSectionVars false`
Nonadditivity/HaarPathTransport.lean:42:69: warning: Used `tac1 <;> tac2` where `(tac1; tac2)` would suffice

Note: This linter can be disabled with `set_option linter.unnecessarySeqFocus false`
Nonadditivity/HaarPathTransport.lean:44:0: warning: automatically included section variable(s) unused in theorem `Nonadditivity.HaarPathClasses.incidenceDart_mem`:
  [Fintype V]
consider restructuring your `variable` declarations so that the variables are not in scope or explicitly omit them:
  omit [Fintype V] in theorem ...

Note: This linter can be disabled with `set_option linter.unusedSectionVars false`
Nonadditivity/HaarPathTransport.lean:50:0: warning: automatically included section variable(s) unused in theorem `Nonadditivity.HaarPathClasses.exists_incidenceDart`:
  [Fintype V]
consider restructuring your `variable` declarations so that the variables are not in scope or explicitly omit them:
  omit [Fintype V] in theorem ...

Note: This linter can be disabled with `set_option linter.unusedSectionVars false`
Nonadditivity/HaarPathTransport.lean:86:8: warning: automatically included section variable(s) unused in theorem `Nonadditivity.HaarPathClasses.SamePattern.vertexPerm_apply`:
  [DecidableEq V]
consider restructuring your `variable` declarations so that the variables are not in scope or explicitly omit them:
  omit [DecidableEq V] in theorem ...

Note: This linter can be disabled with `set_option linter.unusedSectionVars false`
Nonadditivity/HaarPathTransport.lean:187:0: warning: automatically included section variable(s) unused in theorem `Nonadditivity.HaarPathClasses.SamePattern.symm`:
  [Fintype V]
  [DecidableEq V]
consider restructuring your `variable` declarations so that the variables are not in scope or explicitly omit them:
  omit [Fintype V] [DecidableEq V] in theorem ...

Note: This linter can be disabled with `set_option linter.unusedSectionVars false`
Checking Nonadditivity/HaarPathRefined.lean
Nonadditivity/HaarPathRefined.lean:23:0: warning: automatically included section variable(s) unused in theorem `Nonadditivity.HaarPathClasses.SamePattern.refl`:
  [Fintype V]
  [DecidableEq V]
consider restructuring your `variable` declarations so that the variables are not in scope or explicitly omit them:
  omit [Fintype V] [DecidableEq V] in theorem ...

Note: This linter can be disabled with `set_option linter.unusedSectionVars false`
Nonadditivity/HaarPathRefined.lean:25:0: warning: automatically included section variable(s) unused in theorem `Nonadditivity.HaarPathClasses.SamePattern.trans`:
  [Fintype V]
  [DecidableEq V]
consider restructuring your `variable` declarations so that the variables are not in scope or explicitly omit them:
  omit [Fintype V] [DecidableEq V] in theorem ...

Note: This linter can be disabled with `set_option linter.unusedSectionVars false`
Nonadditivity/HaarPathRefined.lean:68:0: warning: automatically included section variable(s) unused in theorem `Nonadditivity.HaarPathClasses.coreChainProfile_eq_of_colorList_eq`:
  [Fintype V]
consider restructuring your `variable` declarations so that the variables are not in scope or explicitly omit them:
  omit [Fintype V] in theorem ...

Note: This linter can be disabled with `set_option linter.unusedSectionVars false`
Checking Nonadditivity/HaarCoreChainWords.lean
Checking Nonadditivity/HaarPathInternalColors.lean
Checking Nonadditivity/HaarChainColoring.lean
Checking Nonadditivity/HaarProfileWordReverse.lean
Checking Nonadditivity/HaarRepresentativePositions.lean
Checking Nonadditivity/HaarChainColoringPalettes.lean
Checking Nonadditivity/HaarPaletteDecoder.lean
Checking Nonadditivity/HaarPathRecoloring.lean
Checking Nonadditivity/HaarPathVertexFibre.lean
Nonadditivity/HaarPathVertexFibre.lean:77:0: warning: automatically included section variable(s) unused in theorem `Nonadditivity.HaarPathVertexFibre.normalize_samePattern`:
  [Fintype V]
consider restructuring your `variable` declarations so that the variables are not in scope or explicitly omit them:
  omit [Fintype V] in theorem ...

Note: This linter can be disabled with `set_option linter.unusedSectionVars false`
Nonadditivity/HaarPathVertexFibre.lean:88:8: warning: automatically included section variable(s) unused in theorem `Nonadditivity.HaarPathVertexFibre.labels_apply`:
  [Fintype V]
consider restructuring your `variable` declarations so that the variables are not in scope or explicitly omit them:
  omit [Fintype V] in theorem ...

Note: This linter can be disabled with `set_option linter.unusedSectionVars false`
Nonadditivity/HaarPathVertexFibre.lean:99:0: warning: automatically included section variable(s) unused in theorem `Nonadditivity.HaarPathVertexFibre.reconstruct_samePattern`:
  [Fintype V]
consider restructuring your `variable` declarations so that the variables are not in scope or explicitly omit them:
  omit [Fintype V] in theorem ...

Note: This linter can be disabled with `set_option linter.unusedSectionVars false`
Checking Nonadditivity/HaarRefinedVertexFibre.lean
Nonadditivity/HaarRefinedVertexFibre.lean:85:0: warning: automatically included section variable(s) unused in theorem `Nonadditivity.HaarRefinedVertexFibre.range_vertex_eq`:
  [Fintype V]
consider restructuring your `variable` declarations so that the variables are not in scope or explicitly omit them:
  omit [Fintype V] in theorem ...

Note: This linter can be disabled with `set_option linter.unusedSectionVars false`
Checking Nonadditivity/HaarChainColoringPath.lean
Nonadditivity/HaarChainColoringPath.lean:26:8: warning: automatically included section variable(s) unused in theorem `Nonadditivity.HaarPathGraph.Path.ChainColoring.path_vertex`:
  [Fintype V]
consider restructuring your `variable` declarations so that the variables are not in scope or explicitly omit them:
  omit [Fintype V] in theorem ...

Note: This linter can be disabled with `set_option linter.unusedSectionVars false`
Nonadditivity/HaarChainColoringPath.lean:27:8: warning: automatically included section variable(s) unused in theorem `Nonadditivity.HaarPathGraph.Path.ChainColoring.path_colors`:
  [Fintype V]
consider restructuring your `variable` declarations so that the variables are not in scope or explicitly omit them:
  omit [Fintype V] in theorem ...

Note: This linter can be disabled with `set_option linter.unusedSectionVars false`
Checking Nonadditivity/HaarChainColoringFibre.lean
Nonadditivity/HaarChainColoringFibre.lean:62:7: warning: automatically included section variable(s) unused in theorem `Nonadditivity.HaarPathGraph.Path.ChainColoring.ext_value`:
  [Fintype V]
consider restructuring your `variable` declarations so that the variables are not in scope or explicitly omit them:
  omit [Fintype V] in theorem ...

Note: This linter can be disabled with `set_option linter.unusedSectionVars false`
Checking Nonadditivity/HaarRefinedPaletteFibre.lean
Checking Nonadditivity/HaarReducedChunks.lean
Checking Nonadditivity/HaarActualScanWords.lean
Nonadditivity/HaarActualScanWords.lean:29:0: warning: automatically included section variable(s) unused in theorem `Nonadditivity.HaarActualScanWords.scanWords_eq_actual_chunks`:
  [Fintype V]
consider restructuring your `variable` declarations so that the variables are not in scope or explicitly omit them:
  omit [Fintype V] in theorem ...

Note: This linter can be disabled with `set_option linter.unusedSectionVars false`
Checking Nonadditivity/HaarMoments.lean
Checking Nonadditivity/HaarAveraging.lean
Checking Nonadditivity/HaarStationaryCoefficients.lean
Checking Nonadditivity/HaarBranchCoefficients.lean
Checking Nonadditivity/HaarBranchContractions.lean
Checking Nonadditivity/HaarBranchTimeSum.lean
Checking Nonadditivity/HaarBranchGraphBudget.lean
Checking Nonadditivity/ProductHaagerupCreation.lean
Checking Nonadditivity/ProductHaagerupWords.lean
Checking Nonadditivity/ProductHaagerupHomogeneous.lean
Checking Nonadditivity/ProductHaagerupBall.lean
Checking Nonadditivity/ProductHaagerupIndex.lean
Checking Nonadditivity/ProductHaagerupProduct.lean
Checking Nonadditivity/ProductMomentBridge.lean
Checking Nonadditivity/HaarTensorReplacement.lean
Nonadditivity/HaarTensorReplacement.lean:44:32: warning: This simp argument is unused:
  Matrix.one_mul

Hint: Omit it from the simp argument list.
  simp only [MonoidAlgebra.single_mul_single, one_mul, mul_one, ← Matrix.mul_kronecker_mul,
  ̲  ̲ ̲ ̲M̵a̵t̵r̵i̵x̵.̵o̵n̵e̵_̵m̵u̵l̵,̵ ̵Matrix.mul_one]

Note: This linter can be disabled with `set_option linter.unusedSimpArgs false`
Nonadditivity/HaarTensorReplacement.lean:44:48: warning: This simp argument is unused:
  Matrix.mul_one

Hint: Omit it from the simp argument list.
  simp only [MonoidAlgebra.single_mul_single, one_mul, mul_one, ← Matrix.mul_kronecker_mul,
  ̲  ̲ ̲ ̲M̵a̵t̵r̵i̵x̵.̵o̵n̵e̵_̵m̵u̵l̵,̵ ̵M̵a̵t̵r̵i̵x̵.̵m̵u̵l̵_̵o̵n̵e̵]̵M̲a̲t̲r̲i̲x̲.̲o̲n̲e̲_̲m̲u̲l̲]̲

Note: This linter can be disabled with `set_option linter.unusedSimpArgs false`
Nonadditivity/HaarTensorReplacement.lean:58:48: warning: This simp argument is unused:
  Matrix.one_mul

Hint: Omit it from the simp argument list.
  simp only [MonoidAlgebra.single_mul_single, one_mul, ← Matrix.mul_kronecker_mul, M̵a̵t̵r̵i̵x̵.̵m̵u̵l̵_̵o̵n̵e̵,̵ ̵M̵a̵t̵r̵i̵x̵.̵o̵n̵e̵_̵m̵u̵l̵]̵M̲a̲t̲r̲i̲x̲.̲m̲u̲l̲_̲o̲n̲e̲]̲

Note: This linter can be disabled with `set_option linter.unusedSimpArgs false`
Checking Nonadditivity/HaarMomentExpectation.lean
Checking Nonadditivity/HaarHybridMoments.lean
Checking Nonadditivity/HaarMomentConstants.lean
Checking Nonadditivity/HaarTensorConstants.lean
Checking Nonadditivity/HaarIteratedMoments.lean
Checking Nonadditivity/HaarIteratedExpectation.lean
Checking Nonadditivity/HaarTensorEvaluation.lean
Nonadditivity/HaarTensorEvaluation.lean:93:10: warning: This simp argument is unused:
  Matrix.kronecker_apply

Hint: Omit it from the simp argument list.
  simp ̵[̵M̵a̵t̵r̵i̵x̵.̵k̵r̵o̵n̵e̵c̵k̵e̵r̵_̵a̵p̵p̵l̵y̵]̵

Note: This linter can be disabled with `set_option linter.unusedSimpArgs false`
Checking Nonadditivity/HaarRecursiveSample.lean
Nonadditivity/HaarRecursiveSample.lean:93:35: warning: `MeasureTheory.measureReal_univ_eq_one` has been deprecated: Use `MeasureTheory.probReal_univ` instead
Checking Nonadditivity/HaarCanonicalTransport.lean
Nonadditivity/HaarCanonicalTransport.lean:61:79: warning: This simp argument is unused:
  Matrix.one_apply

Hint: Omit it from the simp argument list.
  simp [recursiveRepresentation, tensorTupleEquiv,̵ ̵M̵a̵t̵r̵i̵x̵.̵o̵n̵e̵_̵a̵p̵p̵l̵y̵]

Note: This linter can be disabled with `set_option linter.unusedSimpArgs false`
Nonadditivity/HaarCanonicalTransport.lean:76:78: warning: This simp argument is unused:
  Matrix.one_apply

Hint: Omit it from the simp argument list.
  simp [StructuredHaarModel.tensorRepresentation,̵ ̵M̵a̵t̵r̵i̵x̵.̵o̵n̵e̵_̵a̵p̵p̵l̵y̵]

Note: This linter can be disabled with `set_option linter.unusedSimpArgs false`
Checking Nonadditivity/HaarChainMultiplicity.lean
Checking Nonadditivity/HaarCoreChainMultiplicity.lean
Checking Nonadditivity/HaarCoreChainEndpoints.lean
Checking Nonadditivity/HaarChainReindex.lean
Checking Nonadditivity/HaarFourthMoments.lean
Checking Nonadditivity/HaarColumnMoments.lean
Checking Nonadditivity/HaarConsequences.lean
Checking Nonadditivity/HaarNonbacktrackingListSegmentation.lean
Checking Nonadditivity/HaarDecodedCoefficientBound.lean
Nonadditivity/HaarDecodedCoefficientBound.lean:29:0: warning: automatically included section variable(s) unused in theorem `Nonadditivity.HaarDecodedCoefficientBound.blockFactors_segmentedListProduct`:
  [Fintype I]
consider restructuring your `variable` declarations so that the variables are not in scope or explicitly omit them:
  omit [Fintype I] in theorem ...

Note: This linter can be disabled with `set_option linter.unusedSectionVars false`
Checking Nonadditivity/HaarMomentSlack.lean
Checking Nonadditivity/HaarEncodingSlack.lean
Checking Nonadditivity/HaarMatchingSingletons.lean
Checking Nonadditivity/HaarMatchingCount.lean
Checking Nonadditivity/HaarMatchingFibers.lean
Checking Nonadditivity/HaarMatchingSharp.lean
Checking Nonadditivity/HaarMixedMoments.lean
Checking Nonadditivity/HaarInvariantTensor.lean
Checking Nonadditivity/HaarInvariantCommutant.lean
Checking Nonadditivity/HaarInvariantSpanning.lean
Checking Nonadditivity/HaarWeingartenGram.lean
Checking Nonadditivity/HaarWeingartenCycles.lean
Checking Nonadditivity/HaarWeingartenSymmetry.lean
Checking Nonadditivity/HaarWeingartenMomentBound.lean
Checking Nonadditivity/HaarPermutationSupport.lean
Checking Nonadditivity/WeightedMatrixInverse.lean
Checking Nonadditivity/HaarWeingartenInverseSum.lean
Checking Nonadditivity/HaarWeingartenInverse.lean
Checking Nonadditivity/HaarEntryBound.lean
Checking Nonadditivity/HaarFiniteFaithfulness.lean
Checking Nonadditivity/HaarFiniteSymmetry.lean
Checking Nonadditivity/StructuredHaarConsequences.lean
Checking Nonadditivity/HaarExpectationFromMoment.lean
Nonadditivity/HaarExpectationFromMoment.lean:89:53: warning: This simp argument is unused:
  Pi.inv_apply

Hint: Omit it from the simp argument list.
  simp only [ProductPolynomialReduction.generator, P̵i̵.̵i̵n̵v̵_̵a̵p̵p̵l̵y̵,̵ ̵FreeGroup.norm_inv_eq,
       ̵ ̵apply_ite FreeGroup.norm, FreeGroup.norm_of, FreeGroup.norm_one]

Note: This linter can be disabled with `set_option linter.unusedSimpArgs false`
Nonadditivity/HaarExpectationFromMoment.lean:89:67: warning: This simp argument is unused:
  FreeGroup.norm_inv_eq

Hint: Omit it from the simp argument list.
  simp only [ProductPolynomialReduction.generator, Pi.inv_apply, F̵r̵e̵e̵G̵r̵o̵u̵p̵.̵n̵o̵r̵m̵_̵i̵n̵v̵_̵e̵q̵,̵apply_ite FreeGroup.norm,
  ̲  ̲ ̲ ̲FreeGroup.norm_of, FreeGroup.norm_one]

Note: This linter can be disabled with `set_option linter.unusedSimpArgs false`
Checking Nonadditivity/HaarPathFreshRuns.lean
Nonadditivity/HaarPathFreshRuns.lean:59:0: warning: automatically included section variable(s) unused in theorem `Nonadditivity.HaarPathClasses.prefixSamePattern_extend_firstVisit`:
  [DecidableEq V]
consider restructuring your `variable` declarations so that the variables are not in scope or explicitly omit them:
  omit [DecidableEq V] in theorem ...

Note: This linter can be disabled with `set_option linter.unusedSectionVars false`
Nonadditivity/HaarPathFreshRuns.lean:113:0: warning: automatically included section variable(s) unused in theorem `Nonadditivity.HaarPathClasses.incidence_at_fresh_vertex_unique`:
  [DecidableEq V]
consider restructuring your `variable` declarations so that the variables are not in scope or explicitly omit them:
  omit [DecidableEq V] in theorem ...

Note: This linter can be disabled with `set_option linter.unusedSectionVars false`
Checking Nonadditivity/HaarPathColorNormalization.lean
Checking Nonadditivity/HaarPathVertexNames.lean
Nonadditivity/HaarPathVertexNames.lean:30:4: warning: try 'simp' instead of 'simpa'

Note: This linter can be disabled with `set_option linter.unnecessarySimpa false`
Nonadditivity/HaarPathVertexNames.lean:24:0: warning: automatically included section variable(s) unused in theorem `Nonadditivity.HaarPathGraph.Path.earlier_occurrence`:
  [DecidableEq V]
consider restructuring your `variable` declarations so that the variables are not in scope or explicitly omit them:
  omit [DecidableEq V] in theorem ...

Note: This linter can be disabled with `set_option linter.unusedSectionVars false`
Checking Nonadditivity/HaarPathExplorationBlocks.lean
Checking Nonadditivity/HaarPathCodes.lean
Checking Nonadditivity/HaarPathMarks.lean
Checking Nonadditivity/HaarPathNormalizedFresh.lean
Checking Nonadditivity/HaarPathReconstruction.lean
Checking Nonadditivity/HaarPathReconstructionFresh.lean
Checking Nonadditivity/HaarPathTreeSegment.lean
Nonadditivity/HaarPathTreeSegment.lean:60:0: warning: automatically included section variable(s) unused in theorem `Nonadditivity.HaarPathGraph.Path.firstVisit_unoriented_injective`:
  [DecidableEq V]
consider restructuring your `variable` declarations so that the variables are not in scope or explicitly omit them:
  omit [DecidableEq V] in theorem ...

Note: This linter can be disabled with `set_option linter.unusedSectionVars false`
Nonadditivity/HaarPathTreeSegment.lean:74:0: warning: automatically included section variable(s) unused in theorem `Nonadditivity.HaarPathGraph.Path.edgeAt_eq_unoriented`:
  [DecidableEq V]
consider restructuring your `variable` declarations so that the variables are not in scope or explicitly omit them:
  omit [DecidableEq V] in theorem ...

Note: This linter can be disabled with `set_option linter.unusedSectionVars false`
Nonadditivity/HaarPathTreeSegment.lean:111:5: warning: unused variable `hai`

Note: This linter can be disabled with `set_option linter.unusedVariables false`
Nonadditivity/HaarPathTreeSegment.lean:131:8: warning: automatically included section variable(s) unused in theorem `Nonadditivity.HaarPathGraph.Path.vertexAt_fin`:
  [DecidableEq V]
consider restructuring your `variable` declarations so that the variables are not in scope or explicitly omit them:
  omit [DecidableEq V] in theorem ...

Note: This linter can be disabled with `set_option linter.unusedSectionVars false`
Nonadditivity/HaarPathTreeSegment.lean:137:0: warning: automatically included section variable(s) unused in theorem `Nonadditivity.HaarPathGraph.Path.vertexAt_eq`:
  [DecidableEq V]
consider restructuring your `variable` declarations so that the variables are not in scope or explicitly omit them:
  omit [DecidableEq V] in theorem ...

Note: This linter can be disabled with `set_option linter.unusedSectionVars false`
Checking Nonadditivity/HaarPathNormalizedTree.lean
Checking Nonadditivity/HaarPathNormalizedTreeColors.lean
Nonadditivity/HaarPathNormalizedTreeColors.lean:43:48: warning: unused variable `hab`

Note: This linter can be disabled with `set_option linter.unusedVariables false`
Nonadditivity/HaarPathNormalizedTreeColors.lean:43:62: warning: unused variable `hbm`

Note: This linter can be disabled with `set_option linter.unusedVariables false`
Checking Nonadditivity/HaarPathReconstructionTree.lean
Checking Nonadditivity/HaarPathCounting.lean
Checking Nonadditivity/HaarPathRefinedCounting.lean
Nonadditivity/HaarPathRefinedCounting.lean:54:0: warning: automatically included section variable(s) unused in theorem `Nonadditivity.HaarPathClasses.orientation_cases`:
  [Fintype V]
consider restructuring your `variable` declarations so that the variables are not in scope or explicitly omit them:
  omit [Fintype V] in theorem ...

Note: This linter can be disabled with `set_option linter.unusedSectionVars false`
Checking Nonadditivity/HaarOperatorCurry.lean
Checking Nonadditivity/HaarMixedWordExpansion.lean
Checking Nonadditivity/HaarVacuumFunctional.lean
Checking Nonadditivity/HaarOnePairAssembly.lean
Checking Nonadditivity/HaarPairEntryBound.lean
Checking Nonadditivity/HaarWordPhase.lean
Checking Nonadditivity/HaarPathWeights.lean
Checking Nonadditivity/HaarPathExpansion.lean
Checking Nonadditivity/HaarOperatorPathBridge.lean
Nonadditivity/HaarOperatorPathBridge.lean:132:11: warning: unused variable `z`

Note: This linter can be disabled with `set_option linter.unusedVariables false`
Nonadditivity/HaarOperatorPathBridge.lean:133:12: warning: unused variable `P`

Note: This linter can be disabled with `set_option linter.unusedVariables false`
Checking Nonadditivity/HaarPathBalance.lean
Nonadditivity/HaarPathBalance.lean:35:40: warning: This simp argument is unused:
  visitCount

Hint: Omit it from the simp argument list.
  simp [v̵i̵s̵i̵t̵C̵o̵u̵n̵t̵,̵hi]

Note: This linter can be disabled with `set_option linter.unusedSimpArgs false`
Nonadditivity/HaarPathBalance.lean:63:42: warning: This simp argument is unused:
  incomingCount

Hint: Omit it from the simp argument list.
  simp [i̵n̵c̵o̵m̵i̵n̵g̵C̵o̵u̵n̵t̵,̵hjv]

Note: This linter can be disabled with `set_option linter.unusedSimpArgs false`
Checking Nonadditivity/HaarPathLocalPhase.lean
Checking Nonadditivity/HaarPathSupport.lean
Nonadditivity/HaarPathSupport.lean:25:51: warning: Used `tac1 <;> tac2` where `(tac1; tac2)` would suffice

Note: This linter can be disabled with `set_option linter.unnecessarySeqFocus false`
Nonadditivity/HaarPathSupport.lean:26:13: warning: Used `tac1 <;> tac2` where `(tac1; tac2)` would suffice

Note: This linter can be disabled with `set_option linter.unnecessarySeqFocus false`
Nonadditivity/HaarPathSupport.lean:26:49: warning: Used `tac1 <;> tac2` where `(tac1; tac2)` would suffice

Note: This linter can be disabled with `set_option linter.unnecessarySeqFocus false`
Nonadditivity/HaarPathSupport.lean:33:51: warning: Used `tac1 <;> tac2` where `(tac1; tac2)` would suffice

Note: This linter can be disabled with `set_option linter.unnecessarySeqFocus false`
Nonadditivity/HaarPathSupport.lean:34:13: warning: Used `tac1 <;> tac2` where `(tac1; tac2)` would suffice

Note: This linter can be disabled with `set_option linter.unnecessarySeqFocus false`
Nonadditivity/HaarPathSupport.lean:34:49: warning: Used `tac1 <;> tac2` where `(tac1; tac2)` would suffice

Note: This linter can be disabled with `set_option linter.unnecessarySeqFocus false`
Nonadditivity/HaarPathSupport.lean:41:51: warning: Used `tac1 <;> tac2` where `(tac1; tac2)` would suffice

Note: This linter can be disabled with `set_option linter.unnecessarySeqFocus false`
Nonadditivity/HaarPathSupport.lean:42:13: warning: Used `tac1 <;> tac2` where `(tac1; tac2)` would suffice

Note: This linter can be disabled with `set_option linter.unnecessarySeqFocus false`
Nonadditivity/HaarPathSupport.lean:42:49: warning: Used `tac1 <;> tac2` where `(tac1; tac2)` would suffice

Note: This linter can be disabled with `set_option linter.unnecessarySeqFocus false`
Nonadditivity/HaarPathSupport.lean:49:51: warning: Used `tac1 <;> tac2` where `(tac1; tac2)` would suffice

Note: This linter can be disabled with `set_option linter.unnecessarySeqFocus false`
Nonadditivity/HaarPathSupport.lean:50:13: warning: Used `tac1 <;> tac2` where `(tac1; tac2)` would suffice

Note: This linter can be disabled with `set_option linter.unnecessarySeqFocus false`
Nonadditivity/HaarPathSupport.lean:50:49: warning: Used `tac1 <;> tac2` where `(tac1; tac2)` would suffice

Note: This linter can be disabled with `set_option linter.unnecessarySeqFocus false`
Checking Nonadditivity/HaarOperatorPathSum.lean
Checking Nonadditivity/HaarPathClassSums.lean
Checking Nonadditivity/HaarRefinedCoefficientFibre.lean
Checking Nonadditivity/NoncommutativeCSSingletons.lean
Nonadditivity/NoncommutativeCSSingletons.lean:105:14: warning: unused variable `q`

Note: This linter can be disabled with `set_option linter.unusedVariables false`
Nonadditivity/NoncommutativeCSSingletons.lean:115:14: warning: unused variable `q`

Note: This linter can be disabled with `set_option linter.unusedVariables false`
Checking Nonadditivity/HaarProfileSingletonWeight.lean
Checking Nonadditivity/HaarRefinedCoefficientBound.lean
Checking Nonadditivity/HaarPathScalarSummation.lean
Nonadditivity/HaarPathScalarSummation.lean:69:20: warning: Used `tac1 <;> tac2` where `(tac1; tac2)` would suffice

Note: This linter can be disabled with `set_option linter.unnecessarySeqFocus false`
Nonadditivity/HaarPathScalarSummation.lean:77:20: warning: Used `tac1 <;> tac2` where `(tac1; tac2)` would suffice

Note: This linter can be disabled with `set_option linter.unnecessarySeqFocus false`
Nonadditivity/HaarPathScalarSummation.lean:102:56: warning: Used `tac1 <;> tac2` where `(tac1; tac2)` would suffice

Note: This linter can be disabled with `set_option linter.unnecessarySeqFocus false`
Checking Nonadditivity/HaarPathClassStats.lean
Checking Nonadditivity/HaarPathWeightBudget.lean
Nonadditivity/HaarPathWeightBudget.lean:49:47: warning: unused variable `hs`

Note: This linter can be disabled with `set_option linter.unusedVariables false`
Checking Nonadditivity/HaarProfilePermutations.lean
Nonadditivity/HaarProfilePermutations.lean:25:0: warning: automatically included section variable(s) unused in theorem `Nonadditivity.HaarProfilePermutations.labelEquiv_map`:
  [DecidableEq I]
consider restructuring your `variable` declarations so that the variables are not in scope or explicitly omit them:
  omit [DecidableEq I] in theorem ...

Note: This linter can be disabled with `set_option linter.unusedSectionVars false`
Nonadditivity/HaarProfilePermutations.lean:85:0: warning: automatically included section variable(s) unused in theorem `Nonadditivity.HaarProfilePermutations.coreChainProfile_count`:
  [Fintype V]
consider restructuring your `variable` declarations so that the variables are not in scope or explicitly omit them:
  omit [Fintype V] in theorem ...

Note: This linter can be disabled with `set_option linter.unusedSectionVars false`
Nonadditivity/HaarProfilePermutations.lean:90:0: warning: automatically included section variable(s) unused in theorem `Nonadditivity.HaarProfilePermutations.coreChainProfile_first`:
  [Fintype V]
consider restructuring your `variable` declarations so that the variables are not in scope or explicitly omit them:
  omit [Fintype V] in theorem ...

Note: This linter can be disabled with `set_option linter.unusedSectionVars false`
Nonadditivity/HaarProfilePermutations.lean:93:0: warning: automatically included section variable(s) unused in theorem `Nonadditivity.HaarProfilePermutations.coreChainProfile_last`:
  [Fintype V]
consider restructuring your `variable` declarations so that the variables are not in scope or explicitly omit them:
  omit [Fintype V] in theorem ...

Note: This linter can be disabled with `set_option linter.unusedSectionVars false`
Checking Nonadditivity/HaarPathColorRelabel.lean
Checking Nonadditivity/HaarPathRelabel.lean
Checking Nonadditivity/HaarPathWeightTransport.lean
Nonadditivity/HaarPathWeightTransport.lean:145:37: warning: Used `tac1 <;> tac2` where `(tac1; tac2)` would suffice

Note: This linter can be disabled with `set_option linter.unnecessarySeqFocus false`
Nonadditivity/HaarPathWeightTransport.lean:145:66: warning: Used `tac1 <;> tac2` where `(tac1; tac2)` would suffice

Note: This linter can be disabled with `set_option linter.unnecessarySeqFocus false`
Checking Nonadditivity/HaarRefinedWeight.lean
Nonadditivity/HaarRefinedWeight.lean:31:67: warning: try 'simp' instead of 'simpa'

Note: This linter can be disabled with `set_option linter.unnecessarySimpa false`
Checking Nonadditivity/HaarPathClassAssembly.lean
Checking Nonadditivity/HaarPrescribedDimension.lean
Checking Nonadditivity/HaarPrescribedBound.lean
Checking Nonadditivity/HaarPrescribedConsequences.lean
Checking Nonadditivity/HaarPrescribedScaling.lean
Checking Nonadditivity/HaarInputScaling.lean
Checking Nonadditivity/HaarPathColorMarks.lean
Checking Nonadditivity/HaarPathExplorationCounterexample.lean
Checking Nonadditivity/HaarPathPrefixTree.lean
Nonadditivity/HaarPathPrefixTree.lean:30:0: warning: automatically included section variable(s) unused in theorem `Nonadditivity.HaarPathClasses.prefixSamePattern_relabeled`:
  [DecidableEq V]
consider restructuring your `variable` declarations so that the variables are not in scope or explicitly omit them:
  omit [DecidableEq V] in theorem ...

Note: This linter can be disabled with `set_option linter.unusedSectionVars false`
Nonadditivity/HaarPathPrefixTree.lean:48:0: warning: automatically included section variable(s) unused in theorem `Nonadditivity.HaarPathClasses.prefixSamePattern_firstVisit_iff`:
  [DecidableEq V]
consider restructuring your `variable` declarations so that the variables are not in scope or explicitly omit them:
  omit [DecidableEq V] in theorem ...

Note: This linter can be disabled with `set_option linter.unusedSectionVars false`
Checking Nonadditivity/HaarPathRunCounterexample.lean
Checking Nonadditivity/HaarPathSample.lean
Checking Nonadditivity/Probability.lean
Checking Nonadditivity/ProbabilityQuantitative.lean
Checking Nonadditivity/HaarPrescribedProbability.lean
Checking Nonadditivity/HaarPrescribedRatio.lean
Checking Nonadditivity/HaarSharpCounting.lean
Checking Nonadditivity/HaarSharpConstants.lean
Checking Nonadditivity/HaarSharpPathWeight.lean
Checking Nonadditivity/HaarSharpSummation.lean
Checking Nonadditivity/HaarSharpBound.lean
Checking Nonadditivity/HaarWeingartenCounting.lean
Checking Nonadditivity/Holevo.lean
Checking Nonadditivity/HolevoPowerGap.lean
Checking Nonadditivity/Purity.lean
Checking Nonadditivity/Main.lean
Checking Nonadditivity/ShortEmbeddingNorm.lean
Checking Nonadditivity/MatrixShortEmbedding.lean
Checking Nonadditivity/NoncommutativeCSCrossing.lean
Checking Nonadditivity/OneBlockRealization.lean
Checking Nonadditivity/OperationalConverse.lean
Checking Nonadditivity/OperationalCapacity.lean
Checking Nonadditivity/OperationalBlockRates.lean
Checking Nonadditivity/OperationalReindex.lean
Checking Nonadditivity/OperationalBlockingCodes.lean
Checking Nonadditivity/OperationalBlockingFlatten.lean
Checking Nonadditivity/OperationalBlocking.lean
Checking Nonadditivity/QuantumCodingSpectral.lean
Checking Nonadditivity/QuantumCodingTensorSpectrum.lean
Checking Nonadditivity/QuantumCodingFamilySpectrum.lean
Checking Nonadditivity/QuantumCodingTypicality.lean
Checking Nonadditivity/QuantumCodingTypicalProjectors.lean
Checking Nonadditivity/QuantumCodingPackingAverages.lean
Checking Nonadditivity/QuantumCodingConditionalTypicality.lean
Checking Nonadditivity/QuantumCodingEnsembleTypicality.lean
Checking Nonadditivity/QuantumCodingSequential.lean
Checking Nonadditivity/QuantumCodingTypicalTests.lean
Checking Nonadditivity/QuantumCodingSampling.lean
Checking Nonadditivity/QuantumCodingUnion.lean
Checking Nonadditivity/QuantumCodingTraceUnion.lean
Checking Nonadditivity/QuantumCodingDecoderBound.lean
Checking Nonadditivity/QuantumCodingPacking.lean
Checking Nonadditivity/QuantumCodingChannelWords.lean
Checking Nonadditivity/QuantumCodingRates.lean
Checking Nonadditivity/QuantumCodingHSW.lean
Checking Nonadditivity/OperationalNaimark.lean
Checking Nonadditivity/QuantumCodingContinuity.lean
Checking Nonadditivity/QuantumCodingTraceDistance.lean
Checking Nonadditivity/OperationalHolevoConverse.lean
Checking Nonadditivity/OperationalFlaggedEntropy.lean
Checking Nonadditivity/OperationalProjectedCode.lean
Checking Nonadditivity/QuantumCodingGentle.lean
Checking Nonadditivity/OperationalWeakConverse.lean
Checking Nonadditivity/OperationalCodingTheorem.lean
Checking Nonadditivity/WeylPowersIndex.lean
Checking Nonadditivity/WeylPowersControl.lean
Checking Nonadditivity/WeylPowersChannels.lean
Checking Nonadditivity/WeylPowersTwirl.lean
Checking Nonadditivity/WeylPowersEntropy.lean
Checking Nonadditivity/WeylPowersRegularized.lean
Checking Nonadditivity/OperationalConsequences.lean
Checking Nonadditivity/OperationalStrongConverse.lean
Checking Nonadditivity/PrescribedCostScalars.lean
Checking Nonadditivity/PrescribedCostDimensions.lean
Checking Nonadditivity/PrescribedCostInformation.lean
Checking Nonadditivity/PrescribedCostLogarithms.lean
Checking Nonadditivity/PrescribedCostScaling.lean
Checking Nonadditivity/PrescribedCostCapacity.lean
Checking Nonadditivity/ProductHaagerupReindex.lean
Checking Nonadditivity/UniversalFactorizationOperators.lean
Checking Nonadditivity/UniversalFactorizationGram.lean
Checking Nonadditivity/UniversalShiftedDilation.lean
Checking Nonadditivity/UniversalFactorizationPolynomialDilation.lean
Checking Nonadditivity/UniversalFactorization.lean
Checking Nonadditivity/UpperHaarRealization.lean
Checking Nonadditivity.lean
Checking Audit.lean
'Nonadditivity.Scalar.holevo_gap' depends on axioms: [propext, Classical.choice, Quot.sound]
'Nonadditivity.Scalar.capacity_gap' depends on axioms: [propext, Classical.choice, Quot.sound]
'Nonadditivity.Scalar.conversion' depends on axioms: [propext, Classical.choice, Quot.sound]
'Nonadditivity.opNorm_le_of_unitSphereNet' depends on axioms: [propext, Classical.choice, Quot.sound]
'Nonadditivity.Entropy.DensityMatrix.vonNeumann_ge_neg_log_purity' depends on axioms: [propext,
 Classical.choice,
 Quot.sound]
'Nonadditivity.Entropy.DensityMatrix.purity_and_entropy_of_centered_bound' depends on axioms: [propext,
 Classical.choice,
 Quot.sound]
'Nonadditivity.Linearization.gram_factorization' depends on axioms: [propext, Classical.choice, Quot.sound]
'Nonadditivity.Linearization.backward_error_transfer' depends on axioms: [propext, Classical.choice, Quot.sound]
'Nonadditivity.Quantitative.final_three_tails_lt' depends on axioms: [propext, Classical.choice, Quot.sound]
'Nonadditivity.Quantitative.threshold_consequences' depends on axioms: [propext, Classical.choice, Quot.sound]
'Nonadditivity.Asymptotics.vanishing_diverging_of_bounds' depends on axioms: [propext, Classical.choice, Quot.sound]
'Nonadditivity.Holevo.quantity_eq_sub_minimumEntropy' depends on axioms: [propext, Classical.choice, Quot.sound]
'Nonadditivity.Purity.purity_le' depends on axioms: [propext, Classical.choice, Quot.sound]
'Nonadditivity.Probability.favorable_realization' depends on axioms: [propext, Classical.choice, Quot.sound]
'Nonadditivity.Main.block_entropy_of_purity' depends on axioms: [propext, Classical.choice, Quot.sound]
'Nonadditivity.Main.minimum_block_entropy_of_purity' depends on axioms: [propext, Classical.choice, Quot.sound]
'Nonadditivity.Main.quantitative_gap_of_bounds' depends on axioms: [propext, Classical.choice, Quot.sound]
'Nonadditivity.Dimensions.input_size_remainder_tendsto' depends on axioms: [propext, Classical.choice, Quot.sound]
'Nonadditivity.Entropy.unitary_kronecker_conjugate_fixes_bell' depends on axioms: [propext,
 Classical.choice,
 Quot.sound]
'Nonadditivity.Quantitative.explicit_haar_error_bound' depends on axioms: [propext, Classical.choice, Quot.sound]
'Nonadditivity.Quantitative.explicit_haar_log_comparison' depends on axioms: [propext, Classical.choice, Quot.sound]
'Nonadditivity.Quantitative.quantitative_certificate' depends on axioms: [propext, Classical.choice, Quot.sound]
'Nonadditivity.eventually_exists_kappa_norm_certificate' depends on axioms: [propext, Classical.choice, Quot.sound]
'Nonadditivity.Asymptotics.eventually_ratio_of_holevo_bounds' depends on axioms: [propext, Classical.choice, Quot.sound]
'Nonadditivity.Entropy.DensityMatrix.tensor_entropy' depends on axioms: [propext, Classical.choice, Quot.sound]
'Nonadditivity.Entropy.bipartite_entropy_eq' depends on axioms: [propext, Classical.choice, Quot.sound]
'Nonadditivity.EntropyMixtures.densityMatrix_mixture_entropy_upper' depends on axioms: [propext,
 Classical.choice,
 Quot.sound]
'Nonadditivity.Channels.KrausChannel.weylExtension_holevo' depends on axioms: [propext, Classical.choice, Quot.sound]
'Nonadditivity.BlockBell.block_complementary_bell_entropy_le' depends on axioms: [propext, Classical.choice, Quot.sound]
'Nonadditivity.Conversion.converted_gap_lower' depends on axioms: [propext, Classical.choice, Quot.sound]
'Nonadditivity.Qualitative.exists_block_channels' depends on axioms: [propext, Classical.choice, Quot.sound]
'Nonadditivity.Qualitative.qualitative_realization_of_CY_and_strong_convergence' depends on axioms: [propext,
 Classical.choice,
 Quot.sound]
'Nonadditivity.HaarModel.qualitative_realization_of_CY_and_Haar_strong_convergence' depends on axioms: [propext,
 Classical.choice,
 Quot.sound]
'Nonadditivity.PositiveHolevo.block_converted_holevoBits_lower' depends on axioms: [propext,
 Classical.choice,
 Quot.sound]
'Nonadditivity.ActualConsequences.actual_large_gap_and_ratio' depends on axioms: [propext, Classical.choice, Quot.sound]
'Nonadditivity.FreeEmbedding.exists_short_embedding' depends on axioms: [propext, Classical.choice, Quot.sound]
'Nonadditivity.RegularRestriction.regularPolynomial_injective_norm_eq' depends on axioms: [propext,
 Classical.choice,
 Quot.sound]
'Nonadditivity.RegularCoefficientEnergy.differenceSupport_modulus_sum_norm_le' depends on axioms: [propext,
 Classical.choice,
 Quot.sound]
'Nonadditivity.Linearization.factor_norm_sq_of_shifted_gram' depends on axioms: [propext, Classical.choice, Quot.sound]
'Nonadditivity.ShortEmbeddingNorm.block_degree_reduction' depends on axioms: [propext, Classical.choice, Quot.sound]
'Nonadditivity.CollinsYounOne.collinsYounBound_one' depends on axioms: [propext, Classical.choice, Quot.sound]
'Nonadditivity.OneBlockRealization.exists_nonadditive_channel' depends on axioms: [propext,
 Classical.choice,
 Quot.sound]
'Nonadditivity.OneBlockRealization.exists_arbitrarily_large_ratio' depends on axioms: [propext,
 Classical.choice,
 Quot.sound]
'Nonadditivity.ActualConsequences.actual_large_regularizedGain_and_ratio' depends on axioms: [propext,
 Classical.choice,
 Quot.sound]
'Nonadditivity.MatrixShortEmbedding.product_matrix_logarithmic_substitution' depends on axioms: [propext,
 Classical.choice,
 Quot.sound]
'Nonadditivity.FiniteSetFactorization.factorPolynomial_gram' depends on axioms: [propext, Classical.choice, Quot.sound]
'Nonadditivity.FiniteSetFactorization.theta_le_card_mul_regularNorm' depends on axioms: [propext,
 Classical.choice,
 Quot.sound]
'Nonadditivity.FiniteSetFactorization.paddedPolynomial_dilation_norm_identity' depends on axioms: [propext,
 Classical.choice,
 Quot.sound]
'Nonadditivity.RegularDilation.dilation_polynomial_norm' depends on axioms: [propext, Classical.choice, Quot.sound]
'Nonadditivity.FiniteSetFactorization.exists_finite_factorization' depends on axioms: [propext,
 Classical.choice,
 Quot.sound]
'Nonadditivity.CollinsYounTensor.local_polynomial_norm_le_three_coeff' depends on axioms: [propext,
 Classical.choice,
 Quot.sound]
'Nonadditivity.RegularFubini.polynomial_succ_norm_eq' depends on axioms: [propext, Classical.choice, Quot.sound]
'Nonadditivity.CollinsYounProduct.collinsYounBound' depends on axioms: [propext, Classical.choice, Quot.sound]
'Nonadditivity.RegularShiftedDilation.shifted_dilation_polynomial_norm' depends on axioms: [propext,
 Classical.choice,
 Quot.sound]
'Nonadditivity.RegularFactorization.exists_factorization_with_error_transfer' depends on axioms: [propext,
 Classical.choice,
 Quot.sound]
'Nonadditivity.QuantitativeNet.exists_symmetric_inverse_nat_net' depends on axioms: [propext,
 Classical.choice,
 Quot.sound]
'Nonadditivity.ObservableDimension.observableSpace_finrank' depends on axioms: [propext, Classical.choice, Quot.sound]
'Nonadditivity.ObservableDimension.exists_symmetric_observable_net_for_matrix' depends on axioms: [propext,
 Classical.choice,
 Quot.sound]
'Nonadditivity.ActualConsequences.FiniteQuantumChannel.normalizedPowerHolevo_tendsto' depends on axioms: [propext,
 Classical.choice,
 Quot.sound]
'Nonadditivity.HaarConsequences.exists_block_channel' depends on axioms: [propext, Classical.choice, Quot.sound]
'Nonadditivity.HaarConsequences.exists_large_gap_and_ratio' depends on axioms: [propext, Classical.choice, Quot.sound]
'Nonadditivity.HaarConsequences.exists_separating_family' depends on axioms: [propext, Classical.choice, Quot.sound]
'Nonadditivity.HaarMoments.integral_entry_product' depends on axioms: [propext, Classical.choice, Quot.sound]
'Nonadditivity.HaarMoments.integral_twirl_entry' depends on axioms: [propext, Classical.choice, Quot.sound]
'Nonadditivity.HaarFourthMoments.integral_entry_norm_four' depends on axioms: [propext, Classical.choice, Quot.sound]
'Nonadditivity.HaarFourthMoments.integral_entry_norm_sq_mul_norm_sq' depends on axioms: [propext,
 Classical.choice,
 Quot.sound]
'Nonadditivity.HaarMomentTail.canonical_upper_tail_of_trace_moments' depends on axioms: [propext,
 Classical.choice,
 Quot.sound]
'Nonadditivity.UpperHaarRealization.exists_block_channel_of_trace_moments' depends on axioms: [propext,
 Classical.choice,
 Quot.sound]
'Nonadditivity.UpperHaarRealization.exists_arbitrarily_large_gap_of_all_upper' depends on axioms: [propext,
 Classical.choice,
 Quot.sound]
'Nonadditivity.UpperHaarRealization.exists_arbitrarily_large_ratio' depends on axioms: [propext,
 Classical.choice,
 Quot.sound]
'Nonadditivity.PrescribedTest.exists_prescribed_test' depends on axioms: [propext, Classical.choice, Quot.sound]
'Nonadditivity.NetPolynomial.exists_net_polynomial' depends on axioms: [propext, Classical.choice, Quot.sound]
'Nonadditivity.NetPolynomialSupport.polynomial_regularEval' depends on axioms: [propext, Classical.choice, Quot.sound]
'Nonadditivity.NetPolynomialSupport.polynomial_finiteEval_norm' depends on axioms: [propext,
 Classical.choice,
 Quot.sound]
'Nonadditivity.ProductPolynomialReduction.constructed_selfAdjoint_linear_reduction' depends on axioms: [propext,
 Classical.choice,
 Quot.sound]
'Nonadditivity.ProductPolynomialReduction.dimensionCost_le' depends on axioms: [propext, Classical.choice, Quot.sound]
'Nonadditivity.ProductPolynomialReduction.errorCost_le' depends on axioms: [propext, Classical.choice, Quot.sound]
'Nonadditivity.InitialNetReduction.exists_initial_net_polynomial' depends on axioms: [propext,
 Classical.choice,
 Quot.sound]
'Nonadditivity.StructuredLinearization.exists_net_linearization' depends on axioms: [propext,
 Classical.choice,
 Quot.sound]
'Nonadditivity.StructuredHaarConsequences.exists_explicit_channel' depends on axioms: [propext,
 Classical.choice,
 Quot.sound]
'Nonadditivity.StructuredHaarConsequences.exists_explicit_finite_channel' depends on axioms: [propext,
 Classical.choice,
 Quot.sound]
'Nonadditivity.HaarColumnMoments.integral_entry_norm_even' depends on axioms: [propext, Classical.choice, Quot.sound]
'Nonadditivity.HaarMixedMoments.integral_entryMonomial_eq_zero_of_row_mismatch' depends on axioms: [propext,
 Classical.choice,
 Quot.sound]
'Nonadditivity.HaarAveraging.average_mixedTensor_mulVec_eq_iff' depends on axioms: [propext,
 Classical.choice,
 Quot.sound]
'Nonadditivity.GaussianConstruction.exists_channel' depends on axioms: [propext, Classical.choice, Quot.sound]
'Nonadditivity.GeneralBell.paired_bell_entropy_le' depends on axioms: [propext, Classical.choice, Quot.sound]
'Nonadditivity.SmallEnvironment.converted_holevo_pos' depends on axioms: [propext, Classical.choice, Quot.sound]
'Nonadditivity.GaussianConsequences.exists_small_chi_large_ratio' depends on axioms: [propext,
 Classical.choice,
 Quot.sound]
'Nonadditivity.GaussianConsequences.exists_nonadditive_channel' depends on axioms: [propext,
 Classical.choice,
 Quot.sound]
'Nonadditivity.GaussianConsequences.exists_small_chi_large_regularized_ratio' depends on axioms: [propext,
 Classical.choice,
 Quot.sound]
'Nonadditivity.FiniteFreeModel.productModel_eq_one_iff' depends on axioms: [propext, Classical.choice, Quot.sound]
'Nonadditivity.FiniteBlockModel.block_adjoint_normalized_moment_le' depends on axioms: [propext,
 Classical.choice,
 Quot.sound]
'Nonadditivity.SpectralDamping.exists_damping' depends on axioms: [propext, Classical.choice, Quot.sound]
'Nonadditivity.DampedBellStability.damped_pair_entry_sub_norm_le' depends on axioms: [propext,
 Classical.choice,
 Quot.sound]
'Nonadditivity.EntropyStability.exists_damped_bell_entropy_modulus' depends on axioms: [propext,
 Classical.choice,
 Quot.sound]
'Nonadditivity.DampedPositivity.converted_damped_block_holevoBits_pos' depends on axioms: [propext,
 Classical.choice,
 Quot.sound]
'Nonadditivity.DeterministicQualitative.exists_actual_channel_bounds_with_dimensions' depends on axioms: [propext,
 Classical.choice,
 Quot.sound]
'Nonadditivity.DeterministicConsequences.actual_vanishing_diverging' depends on axioms: [propext,
 Classical.choice,
 Quot.sound]
'Nonadditivity.DeterministicConsequences.exists_small_chi_large_gap_and_ratio' depends on axioms: [propext,
 Classical.choice,
 Quot.sound]
'Nonadditivity.DeterministicConsequences.exists_small_chi_large_regularized_gain_and_ratio' depends on axioms: [propext,
 Classical.choice,
 Quot.sound]
'Nonadditivity.WeightedBell.complementary_bell_entropy_le' depends on axioms: [propext, Classical.choice, Quot.sound]
'Nonadditivity.WeightedCertificate.damped_weighted_certificate' depends on axioms: [propext,
 Classical.choice,
 Quot.sound]
'Nonadditivity.WeightedParameters.exists_small_perturbation' depends on axioms: [propext, Classical.choice, Quot.sound]
'Nonadditivity.WeightedPositivity.converted_damped_weightedBlock_holevoBits_pos' depends on axioms: [propext,
 Classical.choice,
 Quot.sound]
'Nonadditivity.ExactQualitative.exists_actual_channel_bounds_with_dimensions' depends on axioms: [propext,
 Classical.choice,
 Quot.sound]
'Nonadditivity.ExactQualitative.exists_actual_channel_gap' depends on axioms: [propext, Classical.choice, Quot.sound]
'Nonadditivity.HaarInvariantTensor.norm_entry_moment_le_of_dimension' depends on axioms: [propext,
 Classical.choice,
 Quot.sound]
'Nonadditivity.HaarInvariantTensor.norm_sample_pair_entry_moment_le' depends on axioms: [propext,
 Classical.choice,
 Quot.sound]
'Nonadditivity.HaarNonbacktracking.branch_row_norm_le' depends on axioms: [propext, Classical.choice, Quot.sound]
'Nonadditivity.HaarNonbacktracking.BranchPlan.regular_timeSum_norm_le' depends on axioms: [propext,
 Classical.choice,
 Quot.sound]
'Nonadditivity.HaarNonbacktracking.BranchPlan.timeSum_norm_le_graph_budget' depends on axioms: [propext,
 Classical.choice,
 Quot.sound]
'Nonadditivity.HaarPrescribedDimension.onePairLengthBounds' depends on axioms: [propext, Classical.choice, Quot.sound]
'Nonadditivity.HaarPrescribedDimension.onePairTraceBound' depends on axioms: [propext, Classical.choice, Quot.sound]
'Nonadditivity.HaarPrescribedDimension.explicitHaarExpectation' depends on axioms: [propext,
 Classical.choice,
 Quot.sound]
'Nonadditivity.HaarPrescribedDimension.exists_prescribed_channel' depends on axioms: [propext,
 Classical.choice,
 Quot.sound]
'Nonadditivity.HaarPrescribedDimension.exists_prescribed_channel_with_lower_bound' depends on axioms: [propext,
 Classical.choice,
 Quot.sound]
'Nonadditivity.HaarPrescribedDimension.prescribedFamily_chi_lower' depends on axioms: [propext,
 Classical.choice,
 Quot.sound]
'Nonadditivity.HaarPrescribedDimension.prescribedFamily_regularizedGain_lower' depends on axioms: [propext,
 Classical.choice,
 Quot.sound]
'Nonadditivity.HaarPrescribedDimension.prescribedFamily_gap_tendsto_atTop_of_delta_pos' depends on axioms: [propext,
 Classical.choice,
 Quot.sound]
'Nonadditivity.HaarPrescribedDimension.prescribedFamily_ratio_eventually' depends on axioms: [propext,
 Classical.choice,
 Quot.sound]
'Nonadditivity.HaarPrescribedDimension.prescribedFamily_input_size_remainder_tendsto' depends on axioms: [propext,
 Classical.choice,
 Quot.sound]
'Nonadditivity.HaarPrescribedDimension.prescribedFamily_gap_linear_bounds' depends on axioms: [propext,
 Classical.choice,
 Quot.sound]
'Nonadditivity.HaarPrescribedDimension.prescribedFamily_output_normalized_gap_liminf' depends on axioms: [propext,
 Classical.choice,
 Quot.sound]
'Nonadditivity.HaarOperatorPathBridge.coefficient_bound' depends on axioms: [propext, Classical.choice, Quot.sound]
'Nonadditivity.HaarPathClasses.RefinedPattern.integral_pathProduct_eq' depends on axioms: [propext,
 Classical.choice,
 Quot.sound]
'Nonadditivity.HaarPathClasses.card_defectClass_le' depends on axioms: [propext, Classical.choice, Quot.sound]
'Nonadditivity.Operational.operationalCapacity_eq_regularizedHolevoSupremum' depends on axioms: [propext,
 Classical.choice,
 Quot.sound]
'Nonadditivity.QuantumCoding.holevoBits_le_operationalCapacity' depends on axioms: [propext,
 Classical.choice,
 Quot.sound]
'Nonadditivity.Operational.operationalCapacity_le_regularizedHolevoSupremum' depends on axioms: [propext,
 Classical.choice,
 Quot.sound]
'Nonadditivity.Operational.achievableRate_of_block' depends on axioms: [propext, Classical.choice, Quot.sound]
'Nonadditivity.ActualConsequences.FiniteQuantumChannel.classicalCapacity_eq_regularizedHolevo' depends on axioms: [propext,
 Classical.choice,
 Quot.sound]
'Nonadditivity.OperationalConsequences.actual_vanishing_chi_diverging_capacity' depends on axioms: [propext,
 Classical.choice,
 Quot.sound]
'Nonadditivity.OperationalConsequences.exists_small_chi_large_capacity_gain_and_two_use_ratio' depends on axioms: [propext,
 Classical.choice,
 Quot.sound]
'Nonadditivity.OperationalConsequences.exists_prescribed_channel_with_capacity_gain' depends on axioms: [propext,
 Classical.choice,
 Quot.sound]
'Nonadditivity.WeylPowers.positiveTensorPower_weylExtension_holevo' depends on axioms: [propext,
 Classical.choice,
 Quot.sound]
'Nonadditivity.WeylPowers.operationalCapacity_weylExtension' depends on axioms: [propext, Classical.choice, Quot.sound]
'Nonadditivity.UniversalFactorization.exists_universal_factorization' depends on axioms: [propext,
 Classical.choice,
 Quot.sound]
'Nonadditivity.UniversalFactorization.regular_error_transfer' depends on axioms: [propext, Classical.choice, Quot.sound]
'Nonadditivity.HaarSharpBound.onePairTraceBound' depends on axioms: [propext, Classical.choice, Quot.sound]
'Nonadditivity.HaarPrescribedDimension.prescribedFamily_ratio_liminf_manuscript' depends on axioms: [propext,
 Classical.choice,
 Quot.sound]
'Nonadditivity.HaarPrescribedDimension.prescribed_gap_sqrt_input_bounds' depends on axioms: [propext,
 Classical.choice,
 Quot.sound]
'Nonadditivity.HaarPrescribedDimension.prescribed_polynomial_favorable_probability' depends on axioms: [propext,
 Classical.choice,
 Quot.sound]
'Nonadditivity.Scalar.gap_fraction_explicit_remainder' depends on axioms: [propext, Classical.choice, Quot.sound]
'Nonadditivity.RegularizedHolevo.normalized_fixed_channel_gap_tendsto_zero' depends on axioms: [propext,
 Classical.choice,
 Quot.sound]
'Nonadditivity.PrescribedCost.growingFamily_input_qubits_div_sq_tendsto' depends on axioms: [propext,
 Classical.choice,
 Quot.sound]
'Nonadditivity.PrescribedCost.growingFamily_vanishing_diverging' depends on axioms: [propext,
 Classical.choice,
 Quot.sound]
'Nonadditivity.PrescribedCost.growingFamily_chi_input_cost_bounds' depends on axioms: [propext,
 Classical.choice,
 Quot.sound]
'Nonadditivity.PrescribedCost.growingFamily_two_use_input_cost_lower' depends on axioms: [propext,
 Classical.choice,
 Quot.sound]
Checked theorem: Nonadditivity.HaarColumnMoments.entryPolynomial_coeff_two
Checked theorem: Nonadditivity.CollinsYoun.doubleAnnihilation.eq_1
Checked theorem: Nonadditivity.NoncommutativeCS.splitRegister._proof_2
Checked theorem: Nonadditivity.InitialNetReduction.coefficient._proof_3
Checked theorem: Nonadditivity.QuantumCoding.Projection.ofMatrix._proof_8
Checked theorem: Nonadditivity.RegularCoefficientEnergy.liftFunction_norm_le
Checked theorem: Nonadditivity.GaussianQuadratic.integral_exp_sq
Checked theorem: Nonadditivity.HaarSharpSummation.countMajorant._proof_2
Checked theorem: Nonadditivity.ObservableDimension.hermitianTrace_surjective
Checked theorem: Nonadditivity.Asymptotics.blockLength_div_lower._proof_1_1
Checked theorem: Nonadditivity.HaarNonbacktracking.chunk_products_reduced
Checked theorem: Nonadditivity.FreeCreation.mask_apply
Checked theorem: _private.Nonadditivity.HaarBranchContractions.0.Nonadditivity.HaarNonbacktracking.BranchPlan.realize.match_1.eq_1
Checked theorem: Nonadditivity.HaarPathWeights.rowCount_negative_pathEntries
Checked theorem: Nonadditivity.StructuredLinearization.errorMultiplier.eq_1
Checked theorem: Nonadditivity.CollinsYoun.local_polynomial_offDiagonal._simp_1_3
Checked theorem: Nonadditivity.Channels.KrausChannel.tensor._proof_1
Checked theorem: Nonadditivity.collinsYoun_purity_factor_le
Checked theorem: _private.Nonadditivity.FreeEmbedding.0.Nonadditivity.FreeEmbedding.Covering.norm_path_le._proof_1_3
Checked theorem: Nonadditivity.HaarNonbacktracking.killed_coefficient_column_norm_le
Checked theorem: Nonadditivity.StructuredLinearization.initialPolynomial._proof_1
Checked theorem: Nonadditivity.HaarPathClasses.rangeEquivOfKernel._proof_2
Checked theorem: Nonadditivity.QuantitativeNet.exists_symmetric_inverse_nat_net
Checked theorem: _private.Nonadditivity.FreeEmbedding.0.Nonadditivity.FreeEmbedding.Covering.child_parent
Checked theorem: Nonadditivity.ProductHaagerupCreation.createWord_cons
Checked theorem: _private.Nonadditivity.FreeEmbedding.0.Nonadditivity.FreeEmbedding.Covering.path.eq_1
Checked theorem: Nonadditivity.HaarPathClasses.refinedToCoarse._proof_1
Checked theorem: Nonadditivity.HaarIteratedMoments.tensorTupleEquiv._proof_4
Checked theorem: _private.Nonadditivity.FreeEmbedding.0.Nonadditivity.FreeEmbedding.Covering.treeEdge.eq_1
Checked theorem: Nonadditivity.HaarPathExpansion.sum_functions_succ
Checked theorem: Nonadditivity.ProductPolynomialReduction.degree_one
Checked theorem: Nonadditivity.RegularizedHolevo.positiveTensorIndexFintype.eq_2
Checked theorem: Nonadditivity.NoncommutativeCS.Contraction.operator.eq_3
Checked theorem: Nonadditivity.PrescribedTest.test_trace
Checked theorem: Nonadditivity.RegularShiftedDilation.grading._proof_4
Checked theorem: Nonadditivity.CollinsYoun.norm_sum_sq_of_inner_zero
Checked theorem: Nonadditivity.StateEnsembles.Ensemble.average.eq_1
Checked theorem: _private.Nonadditivity.ProductHaagerupWords.0.Nonadditivity.ProductHaagerupWords.reduced_boundary
Checked theorem: Nonadditivity.NoncommutativeCS.AssignmentProgram.finalState.eq_5
Checked theorem: Nonadditivity.FiniteSetFactorization.factorCoefficient._proof_5
Checked theorem: Nonadditivity.HaarPathClasses.explorationMark.eq_1
Checked theorem: Nonadditivity.Linearization.card_reducedWord
Checked theorem: Nonadditivity.HaarTimeCompositions.mem_compositions_iff._proof_1_3
Checked theorem: Nonadditivity.RegularFubini.curryIsometry._proof_6
Checked theorem: Nonadditivity.HaarPathGraph.Path.coreEdgeBudget.congr_simp
Checked theorem: Nonadditivity.Entropy.bellWeights_shannon._simp_1_7
Checked theorem: Nonadditivity.Asymptotics.sqrt_le_blockLength
Checked theorem: Nonadditivity.HaarPathGraph.Path.old_segment_adj._proof_1_2
Checked theorem: Nonadditivity.NoncommutativeCS.AssignmentProgram.coefficient_closed_eq_product
Checked theorem: Nonadditivity.FiniteSetFactorization.evaluate_sum
Checked theorem: Nonadditivity.FreeEmbedding.logarithmicEmbedding._proof_2
Checked theorem: Nonadditivity.HaarPathGraph.Path.card_unorientedChains_le_budget._proof_1_1
Checked theorem: Nonadditivity.HaarPathClasses.RefinedPattern.weightDartEquiv_color
Checked theorem: Nonadditivity.Channels.KrausChannel.holevoBits_gap
Checked theorem: Nonadditivity.HaarMoments.integral_twirl_entry
Checked theorem: Nonadditivity.FiniteSetFactorization.gramMatrix.congr_simp
Checked theorem: Nonadditivity.NoncommutativeCS.AssignmentProgram.closeReg.inj
Checked theorem: Nonadditivity.ProductPolynomialReduction.errorCost.eq_2
Checked theorem: Nonadditivity.RegularizedHolevo.positiveTensorPower.eq_1
Checked theorem: Nonadditivity.QuantumCoding.ProjectiveTest.raw_error_bound
Checked theorem: Nonadditivity.HaarPathRecoloring.recolorPath_dartPerm
Checked theorem: Nonadditivity.PolynomialReduction.Polynomial.step._proof_1
Checked theorem: Nonadditivity.FreeBridge.branchToOutput.eq_1
Checked theorem: Nonadditivity.QuantumCodingTypicality.letterMean.eq_1
Checked theorem: Nonadditivity.HaarMoments.rowSign._proof_1
Checked theorem: Nonadditivity.WeightedBellScalar.weights.eq_2
Checked theorem: Nonadditivity.HaarPathClasses.SamePattern.vertices_card_eq
Checked theorem: Nonadditivity.TensorPartitionReduction.residue_split._proof_1_2
Checked theorem: Nonadditivity.HaarPathRunCounterexample.balanced_counts
Checked theorem: Nonadditivity.HaarPathGraph.Path.sum_degrees
Checked theorem: Nonadditivity.FreeCreation.maskFunction._proof_1
Checked theorem: Nonadditivity.Channels.KrausChannel.complementary.eq_1
Checked theorem: Nonadditivity.QuantumCodingTypicality.sum_words_succ
Checked theorem: Nonadditivity.HaarModel.continuous_sampleUnitary
Checked theorem: Nonadditivity.Entropy.normalizePositive._simp_1
Checked theorem: Nonadditivity.HaarPathLocalPhase.mul_rowPhase_entry
Checked theorem: Nonadditivity.Scalar.capacity_gap
Checked theorem: Nonadditivity.NoncommutativeCS.insertState._proof_1
Checked theorem: Nonadditivity.Scalar.log2._proof_1
Checked theorem: Nonadditivity.Asymptotics.regrouping_gap_div_tendsto_zero
Checked theorem: _private.Nonadditivity.WeightedBlock.0.Nonadditivity.WeightedBlock.chainScale.match_1.eq_1
Checked theorem: Nonadditivity.HaarTensorReplacement.partialEval_support
Checked theorem: Nonadditivity.HaarPathGraph.Path.tree_edge_nonloop
Checked theorem: Nonadditivity.ProductPolynomialReduction.degree_inv
Checked theorem: Nonadditivity.WeightedBell.pairedChannel.congr_simp
Checked theorem: Nonadditivity.RegularFactorization.evaluate._proof_3
Checked theorem: Nonadditivity.PrescribedTest.freeNorm_test
Checked theorem: Nonadditivity.HaarPathGraph.Path.coefficient_factorization_chains
Checked theorem: Nonadditivity.BellOutput.bellState.eq_1
Checked theorem: Nonadditivity.NoncommutativeCS.AssignmentProgram.coefficient._proof_1
Checked theorem: Nonadditivity.NetPolynomial.diagonalCoefficient.eq_1
Checked theorem: Nonadditivity.NoncommutativeCS.EndpointSkeleton.last.injEq
Checked theorem: Nonadditivity.HaarFourthMoments.fourthMoment_row_eq
Checked theorem: _private.Nonadditivity.FreeEmbedding.0.Nonadditivity.FreeEmbedding.Covering.edgeIndex.congr_simp
Checked theorem: Nonadditivity.OperationalFlaggedEntropy.basisState.eq_1
Checked theorem: Nonadditivity.FiniteSetFactorization.paddedPolynomial_eq
Checked theorem: Nonadditivity.Linearization.relativeNormError_le_iff
Checked theorem: Nonadditivity.WeightedPositivity.weightedBlock_product_output_diagonal
Checked theorem: Nonadditivity.PolynomialReduction.Polynomial.mk.congr_simp
Checked theorem: Nonadditivity.HaarOperatorPolynomial.regular_eq_sum
Checked theorem: Nonadditivity.NoncommutativeCS.splitRegister._proof_8
Checked theorem: Nonadditivity.PrescribedTest.freeNorm_test_eq_rpow
Checked theorem: Nonadditivity.HaarNonbacktracking.BranchPlan.order.eq_def
Checked theorem: _private.Nonadditivity.HaarMarkedCompositions.0.Nonadditivity.HaarMarkedCompositions.markedProduct.match_1.eq_1
Checked theorem: Nonadditivity.HaarNonbacktracking.BranchPlan.marked_retime
Checked theorem: Nonadditivity.DampedBellStability.vectorize_sq._simp_1_2
Checked theorem: Nonadditivity.HaarPathGraph.Path.firstTimes_terminal_image._proof_1_2
Checked theorem: Nonadditivity.Linearization.diagonalBlocksHom._proof_1
Checked theorem: Nonadditivity.HaarMatchingFibers.fiberEquiv_injective
Checked theorem: Nonadditivity.FiniteMomentMatching.regularEval.eq_1
Checked theorem: Nonadditivity.RegularFactorization.evaluate_gramMatrix
Checked theorem: Nonadditivity.ProductMomentBridge.power_vacuum_column_energy
Checked theorem: Nonadditivity.HaarWordPhase.positiveCount.congr_simp
Checked theorem: Nonadditivity.FreeModel.reindexIsometry._proof_2
Checked theorem: Nonadditivity.Channels.select_jointLabelledState
Checked theorem: Nonadditivity.HaarTensorReplacement.adjointPolynomial_apply
Checked theorem: Nonadditivity.HaarProfileBlockCoefficients.blockPolynomial._proof_1
Checked theorem: Nonadditivity.HaarMomentExpectation.integral_norm_pow_le
Checked theorem: Nonadditivity.CollinsYounTensor.creation_apply
Checked theorem: Nonadditivity.HaarIteratedMoments.tensorTupleEquiv._proof_3
Checked theorem: Nonadditivity.HaarPathClasses.normalized_old_tree_reconstruction._proof_1
Checked theorem: Nonadditivity.HaarTimeCompositions.mem_compositions_iff._proof_1_1
Checked theorem: Nonadditivity.NoncommutativeCS.AssignmentProgram.cost.eq_4
Checked theorem: Nonadditivity.ProductHaagerupHomogeneous.splitEquiv._proof_1
Checked theorem: Nonadditivity.ProductPolynomialReduction.reduce.eq_def
Checked theorem: Nonadditivity.InitialNetReduction.polynomial.congr_simp
Checked theorem: Nonadditivity.CollinsYoun.sum_cone_mask_norm_sq_le
Checked theorem: _private.Nonadditivity.HaarProfileSingletonWeight.0.Nonadditivity.NoncommutativeCS.EndpointSkeleton.singletonLength.match_1.eq_2
Checked theorem: Nonadditivity.NoncommutativeCS.Contraction.closeReg.sizeOf_spec
Checked theorem: Nonadditivity.HaarPathClasses.refinedDefectEquiv._proof_1
Checked theorem: Nonadditivity.Linearization.ReducedTail.eq_def
Checked theorem: Nonadditivity.SpectralDamping.abs_le_one_add_even_pow._proof_1_1
Checked theorem: Nonadditivity.QuantumCodingContinuity.entry_norm_product_sum_le
Checked theorem: Nonadditivity.HaarPathClasses.card_refinedDefectClass_weighted_le
Checked theorem: Nonadditivity.InitialNetReduction.select_blockDiagonal._simp_1_1
Checked theorem: Nonadditivity.HaarPathGraph.Path.coreProfileWord.eq_1
Checked theorem: Nonadditivity.HaarPathClasses.refinedDefectEquiv._proof_7
Checked theorem: Nonadditivity.NoncommutativeCS.AssignmentProgram.factors.eq_def
Checked theorem: Nonadditivity.CollinsYounTensor.mixed._proof_2
Checked theorem: Nonadditivity.FiniteRegularMatrix.regularHom_conjTranspose
Checked theorem: Nonadditivity.QuantumCoding.ProjectiveTest.idempotent
Checked theorem: Nonadditivity.HaarMixedWordExpansion.vacuumTrace_add
Checked theorem: Nonadditivity.HaarPrescribedDimension.exists_prescribed_channel_with_lower_bound._simp_1_7
Checked theorem: Nonadditivity.CollinsYounProduct.offDiagonal_norm_energy_le
Checked theorem: Nonadditivity.OneBlockRealization.exists_one_block_ratio_lower._simp_1_8
Checked theorem: Nonadditivity.Main.block_entropy_of_purity._simp_1_4
Checked theorem: Nonadditivity.ProductHaagerupWords.sector_eq_take_drop
Checked theorem: Nonadditivity.Linearization.short_word_count_bound
Checked theorem: Nonadditivity.NoncommutativeCS.EndpointTrace.factors.eq_3
Checked theorem: Nonadditivity.HaarWeingartenCycles.norm_gram_sq_mul_support_le._proof_1_1
Checked theorem: Nonadditivity.NoncommutativeCS.EndpointSkeleton.budget.eq_4
Checked theorem: Nonadditivity.NoncommutativeCS.EndpointSkeleton.decorate.eq_3
Checked theorem: Nonadditivity.SmallEnvironment.exists_output_entropy_lt._proof_1_1
Checked theorem: Nonadditivity.HaarNonbacktracking.regularEval_single_one
Checked theorem: Nonadditivity.Operational.POVM.mk.congr_simp
Checked theorem: Nonadditivity.HaarNonbacktracking.killed_norm_le
Checked theorem: Nonadditivity.NoncommutativeCS.EndpointTrace.compile.eq_3
Checked theorem: Nonadditivity.HaarPathGraph.Path.edgeAt_mem_edges
Checked theorem: Nonadditivity.FiniteFreeModel.productModel._proof_1
Checked theorem: Nonadditivity.CollinsYounOne.collapsedPolynomial._proof_1
Checked theorem: Nonadditivity.eventually_exists_norm_certificate_of_test_failures
Checked theorem: Nonadditivity.HaarPathGraph.walkOfSteps._proof_3
Checked theorem: Nonadditivity.HaarPathGraph.Path.word_cast_chain
Checked theorem: Nonadditivity.HaarOperatorPathBridge.operatorLengthContribution_eq_pathSum._simp_1_2
Checked theorem: Nonadditivity.QuantumCodingContinuity.jordanNegative_trace
Checked theorem: Nonadditivity.HaarPathWeights.integral_listMonomial_eq_zero_of_length_ne
Checked theorem: Nonadditivity.HaarInvariantTensor.invariant_eq_contractions
Checked theorem: Nonadditivity.PolynomialReduction.Polynomial.reduce.eq_2
Checked theorem: Nonadditivity.HaarNonbacktracking.coefficientAddHom._proof_1
Checked theorem: _private.Nonadditivity.NoncommutativeCSEndpointSkeleton.0.Nonadditivity.NoncommutativeCS.EndpointSkeleton.word.match_1.eq_3
Checked theorem: Nonadditivity.QuantumCoding.globalTypicalTest._proof_1
Checked theorem: Nonadditivity.HaarMoments.rowPermutation_mul_entry
Checked theorem: Nonadditivity.PolynomialReduction.Polynomial.symmetricSupport_inverse
Checked theorem: Nonadditivity.NoncommutativeCS.EndpointSkeleton.singletonLabels.eq_def
Checked theorem: Nonadditivity.HaarPathMultiplicity.sum_multiplicities
Checked theorem: Nonadditivity.HaarPathGraph.Path.firstFresh_bounds
Checked theorem: Nonadditivity.QuantumCoding.actualProduct.eq_1
Checked theorem: Nonadditivity.DampedChannel.damped_adjointMap
Checked theorem: Nonadditivity.HaarPathGraph.Path.exists_initial_chain
Checked theorem: Nonadditivity.RegularizedHolevo.positiveTensorPower_one
Checked theorem: Nonadditivity.HaarIteratedMoments.continuous_finiteEval
Checked theorem: Nonadditivity.HaarPathGraph.Path.coreChainProfile._proof_1
Checked theorem: Nonadditivity.PolynomialReduction.norm_firstHalf_le
Checked theorem: Nonadditivity.HaarPathClasses.normalized_old_tree_colors._proof_1_5
Checked theorem: Nonadditivity.StructuredHaarConsequences.exists_explicit_certificate._simp_1_6
Checked theorem: Nonadditivity.HaarPathGraph.Path.twice_vertices_le_length_add_one_of_balanced
Checked theorem: Nonadditivity.HaarWeingartenInverse.geometric_tail_le_half
Checked theorem: Nonadditivity.HaarWordPhase.normalizedWordTrace_coordinatePhase
Checked theorem: Nonadditivity.HaarCoefficientBounds.regular_rowGram_norm_le
Checked theorem: Nonadditivity.NoncommutativeCS.AssignmentProgram.cost.eq_3
Checked theorem: Nonadditivity.NoncommutativeCS.EndpointSkeleton.markedFlags.eq_def
Checked theorem: Nonadditivity.EntropyMixtures.shannon_le_of_doublyStochastic
Checked theorem: Nonadditivity.CollinsYounTensor.creation_adjoint_comp_zero
Checked theorem: Nonadditivity.ProductPolynomialReduction.constructed_linear_reduction
Checked theorem: Nonadditivity.WeightedCertificate.weighted_map
Checked theorem: Nonadditivity.CollinsYounTensor.coefficientLength_sq
Checked theorem: Nonadditivity.Probability.positive_measure_sublevel
Checked theorem: Nonadditivity.SpectralDamping.even_power_bounds
Checked theorem: Nonadditivity.CollinsYounTensor.sum_cone_mask_norm_sq_le
Checked theorem: Nonadditivity.HaarPathExpansion.pairGenerator._proof_1
Checked theorem: Nonadditivity.HaarPathGraph.Path.coreChainReverse._proof_4
Checked theorem: Nonadditivity.NoncommutativeCS.sum_assignment_insert
Checked theorem: Nonadditivity.HaarPathGraph.Path.discoveryGraph_succ_of_first._simp_1_3
Checked theorem: Nonadditivity.Channels.KrausChannel.tensorWord.congr_simp
Checked theorem: Nonadditivity.HaarPathWeights.integral_signedProduct_eq_zero_of_unbalanced
Checked theorem: Nonadditivity.FreeEmbedding.norm_conjugate_le
Checked theorem: _private.Nonadditivity.NoncommutativeCSMemory.0.Nonadditivity.NoncommutativeCS.Contraction.operator.match_1.eq_1
Checked theorem: Nonadditivity.HaarNonbacktracking.branch_row_norm_le
Checked theorem: Nonadditivity.NoncommutativeCS.Contraction.norm_operator_le
Checked theorem: Nonadditivity.TensorPartitionReduction.constructed_tensor_reduction._proof_1_1
Checked theorem: Nonadditivity.GaussianQuadratic.integral_exp_trace_centered_le
Checked theorem: Nonadditivity.NoncommutativeCS.EndpointSkeleton.singletonLabels.eq_4
Checked theorem: Nonadditivity.HaarNonbacktracking.rightShift._proof_1
Checked theorem: Nonadditivity.HaarPathGraph.Path.firstVisit_zero_of_not_important._simp_1_1
Checked theorem: Nonadditivity.QuantumCoding.tensorWeights_nonneg
Checked theorem: Nonadditivity.ProductMomentBridge.norm_pow_le_two_card_moment_of_injective._proof_1_1
Checked theorem: Nonadditivity.GaussianRectangular.inputMap_norm
Checked theorem: Nonadditivity.NoncommutativeCS.EndpointSkeleton.done.sizeOf_spec
Checked theorem: Nonadditivity.WeylTensor.uniformWeight_sum
Checked theorem: Nonadditivity.PositiveHolevo.exists_pure_input_equal_unitary_outputs._simp_1_2
Checked theorem: Nonadditivity.QuantumCodingTypicality.sum_wordProbability
Checked theorem: Nonadditivity.HaarSharpSummation.product_eq._proof_1_1
Checked theorem: Nonadditivity.HaarNonbacktracking.killed.eq_1
Checked theorem: Nonadditivity.HaarPathGraph.Path.named_old_tree_reconstruction._proof_1_3
Checked theorem: Nonadditivity.FreeCreation.creation._proof_1
Checked theorem: Nonadditivity.HaarInvariantTensor.gram_apply_relative
Checked theorem: Nonadditivity.HaarPathGraph.Path.firstVisit_propagates._proof_1_1
Checked theorem: Nonadditivity.ActualConsequences.FiniteQuantumChannel.chi_le_regularizedHolevo
Checked theorem: Nonadditivity.HaarNonbacktracking.wordCoefficient_regularPolynomial
Checked theorem: Nonadditivity.HaarWeingartenInverse.weight.eq_1
Checked theorem: Nonadditivity.Entropy.maximallyMixed_purity._simp_1_3
Checked theorem: Nonadditivity.InitialNetReduction.norm_le_hsLength._proof_1_1
Checked theorem: Nonadditivity.CollinsYoun.mixed._proof_9
Checked theorem: Nonadditivity.UniversalShiftedDilation.grading_conjugate
Checked theorem: Nonadditivity.DeterministicConsequences.actual_regularizedHolevo_tendsto_atTop
Checked theorem: Nonadditivity.Quantitative.tailBound._proof_1
Checked theorem: Nonadditivity.RegularRestriction.regularPolynomial._proof_4
Checked theorem: Nonadditivity.NetPolynomial.netNegationEquiv._proof_3
Checked theorem: Nonadditivity.CanonicalBlockBell.block_channel_canonical_entropy_le
Checked theorem: Nonadditivity.FiniteRegularMatrix.regularUnitaryHom._proof_5
Checked theorem: Nonadditivity.HaarSharpPathWeight.pathWeight_support
Checked theorem: Nonadditivity.HaarPathClasses.normalizedPrefixEq_zero._proof_1_1
Checked theorem: Nonadditivity.ActualConsequences.FiniteQuantumChannel.chi.eq_1
Checked theorem: _private.Nonadditivity.NoncommutativeCSMemory.0.Nonadditivity.NoncommutativeCS.Contraction.evaluate.match_1.eq_4
Checked theorem: Nonadditivity.HaarPathClasses.normalized_fresh_run._proof_1_7
Checked theorem: Nonadditivity.Linearization.relativeNormError_nonneg._simp_1
Checked theorem: Nonadditivity.GaussianQuadratic.quadratic_eq_eigen_sum
Checked theorem: Nonadditivity.HaarPathGraph.Path.representativePositionEquiv_reverse
Checked theorem: Nonadditivity.StructuredReductionCosts.initial_factor_le
Checked theorem: Nonadditivity.HaarPathClasses.treeStop_bounds
Checked theorem: Nonadditivity.FiniteMomentMatching.regularEval._proof_1
Checked theorem: Nonadditivity.SpectralDamping.spectral.eq_1
Checked theorem: Nonadditivity.NetPolynomial.embed._proof_1
Checked theorem: Nonadditivity.NoncommutativeCS.EndpointSkeleton.singletonWeight.eq_def
Checked theorem: Nonadditivity.HaarPrescribedDimension.explicitHaarExpectation_of_lengthBounds
Checked theorem: Nonadditivity.Entropy.DensityMatrix.weights._proof_1
Checked theorem: Nonadditivity.HaarPathClasses.SamePattern.dartPerm_symm_apply
Checked theorem: Nonadditivity.HaarPathGraph.Path.twice_treeEdges_le_visits_add_singletons
Checked theorem: Nonadditivity.CollinsYounTensor.creation.congr_simp
Checked theorem: Nonadditivity.InitialNetReduction.regularEval_norm
Checked theorem: Nonadditivity.HaarPathClasses.RefinedPattern.weightDartEquiv_val
Checked theorem: Nonadditivity.HaarPathClasses.RefinedPattern.positionPerm_color
Checked theorem: Nonadditivity.QuantumCodingContinuity.mixingEntropy_le_log_two
Checked theorem: Nonadditivity.DampedPositivity.converted_holevo_pos_of_nonuniform
Checked theorem: Nonadditivity.RegularFubini.slice_apply
Checked theorem: Nonadditivity.QuantumCoding.expMessages_rate_lower._simp_1_7
Checked theorem: Nonadditivity.CollinsYounProduct.polynomial._proof_3
Checked theorem: Nonadditivity.DampedChannel.replacementKraus.eq_1
Checked theorem: Nonadditivity.FiniteSetFactorization.nonconstantGram_posSemidef
Checked theorem: Nonadditivity.RegularFubini.polynomial_norm_eq
Checked theorem: Nonadditivity.ObservableDimension.selfAdjoint_matrix_finrank
Checked theorem: Nonadditivity.Channels.KrausChannel.map_posSemidef
Checked theorem: Nonadditivity.HaarPermutationSupport.distance_triangle._simp_1_1
Checked theorem: Nonadditivity.HaarPathGraph.Path.discoveryGraph_succ_of_first._simp_1_4
Checked theorem: Nonadditivity.WeightedCertificate.damping_norm_le_one
Checked theorem: Nonadditivity.StructuredCostBounds.log_tensorSupportBound_le._proof_1_1
Checked theorem: Nonadditivity.FiniteRealization.eventually_exists_kraus_certificate
Checked theorem: _private.Nonadditivity.FreeEmbedding.0.Nonadditivity.FreeEmbedding.Covering.norm_basedLoop_le
Checked theorem: Nonadditivity.FreeModel.reindexFunction_norm
Checked theorem: Nonadditivity.PrescribedTest.freeNorm_test._simp_1_9
Checked theorem: Nonadditivity.RegularDilation.image_inv_eq
Checked theorem: Nonadditivity.WeylPowersTwirl.tensorFamily_entry_moment
Checked theorem: Nonadditivity.HaarNonbacktracking.chunk_prod_ne_one
Checked theorem: Nonadditivity.WeightedPositivity.pow_ne_uniform._proof_1_1
Checked theorem: Nonadditivity.ProductHaagerupProduct.canonicalWord._proof_2
Checked theorem: Nonadditivity.eventually_exists_kappa_norm_certificate._simp_1_4
Checked theorem: Nonadditivity.BellOutput.mergedWeights_nonneg
Checked theorem: Nonadditivity.QuantumCodingContinuity.traceDistance_nonneg
Checked theorem: Nonadditivity.HaarWordExpansion.wordHom._proof_2
Checked theorem: Nonadditivity.NoncommutativeCS.EndpointSkeleton.coefficient_exponent_chain_le._proof_1_1
Checked theorem: Nonadditivity.HaarTensorReplacement.polynomial_eq_single_of_unique
Checked theorem: Nonadditivity.FiniteMomentMatching.gamma_trace_pow_re_le
Checked theorem: Nonadditivity.Channels.KrausChannel.unitaryChannel._simp_1
Checked theorem: Nonadditivity.Operational.BlockRates.blockCount_ratio_tendsto._simp_1_1
Checked theorem: Nonadditivity.HaarPathClasses.DefectClass.congr_simp
Checked theorem: _private.Nonadditivity.NoncommutativeCSPaths.0.Nonadditivity.NoncommutativeCS.Contraction.pathSum.match_1.eq_1
Checked theorem: Nonadditivity.Entropy.DensityMatrix.centered.eq_1
Checked theorem: Nonadditivity.HaarPathGraph.Path.vertexName_of_firstVisit._proof_1_2
Checked theorem: Nonadditivity.StructuredLinearization.tensor_bound._proof_1_1
Checked theorem: Nonadditivity.StructuredHaarModel.tensorRepresentation._proof_4
Checked theorem: Nonadditivity.HaarSharpSummation.sum_products_le._simp_1_1
Checked theorem: Nonadditivity.FiniteBlockModel.representation_inv
Checked theorem: Nonadditivity.HaarPathGraph.Path.firstVisit_not_last._proof_1_1
Checked theorem: Nonadditivity.ProductPolynomialReduction.splitSupport_degree._simp_1_2
Checked theorem: Nonadditivity.Entropy.DensityMatrix.reindex._proof_1
Checked theorem: Nonadditivity.Quantitative.threshold_base_log
Checked theorem: Nonadditivity.Linearization.shifted_dilation_norm
Checked theorem: Nonadditivity.HaarNonbacktracking.BranchPlan.retime.eq_5
Checked theorem: Nonadditivity.HaarPathGraph.Path.ext_data
Checked theorem: Nonadditivity.ProductPolynomialReduction.norm_flatten_le
Checked theorem: Nonadditivity.HaarPathWeights.rowCount_positive_pathEntries._simp_1_2
Checked theorem: Nonadditivity.HaarInvariantTensor.invariant_mem_range_contractions
Checked theorem: Nonadditivity.HaarPathGraph.Path.twice_treeEdges_le_visits_add_singletons._proof_1_1
Checked theorem: Nonadditivity.CollinsYounTensor.creation._proof_1
Checked theorem: Nonadditivity.WeightedBellScalar.perturbedWeights_sum._simp_1_3
Checked theorem: Nonadditivity.RegularDilation.adjoint_regularPolynomial_single
Checked theorem: Nonadditivity.WeylPowersTwirl.orbitEnsemble._proof_3
Checked theorem: Nonadditivity.PolynomialReduction.suffix.eq_1
Checked theorem: Nonadditivity.RegularShiftedDilation.grading._proof_31
Checked theorem: Nonadditivity.GaussianRectangular.quadraticOperator._proof_1
Checked theorem: Nonadditivity.HaarPathClasses.samePattern_equivalence
Checked theorem: Nonadditivity.HaarMarkedCompositions.corrected_marked_sum_le
Checked theorem: Nonadditivity.HaarProfileCompositionBound.times_eq_ofFn._proof_1_1
Checked theorem: _private.Nonadditivity.FreeEmbedding.0.Nonadditivity.FreeEmbedding.Covering.norm_path_le._proof_1_5
Checked theorem: Nonadditivity.StructuredLinearization.fullError.eq_1
Checked theorem: Nonadditivity.Quantitative.parameter_alignment
Checked theorem: Nonadditivity.Quantitative.coefficient_remainder_absorption
Checked theorem: Nonadditivity.Operational.uniformInformation_le_add_of_traceDistance._simp_1_4
Checked theorem: Nonadditivity.QuantumCoding.expected_crossAcceptance_le
Checked theorem: Nonadditivity.HaarTensorConstants.replacementMultiplier_le._proof_1_1
Checked theorem: Nonadditivity.CollinsYounOne.collapsedPolynomial._proof_3
Checked theorem: Nonadditivity.HaarMomentTail.trace_pow_re_eq_sum._simp_1_1
Checked theorem: Nonadditivity.StructuredCostBounds.geometric_sum_le
Checked theorem: Nonadditivity.HaarWordPhase.integrable_normalizedWordTrace
Checked theorem: Nonadditivity.CollinsYounTensor.maskLinear._proof_2
Checked theorem: Nonadditivity.UniversalFactorization.evaluate_gramMatrix
Checked theorem: Nonadditivity.ComplexRealTrace.trace_restrict
Checked theorem: Nonadditivity.HaarColumnMoments.moment_eq_succ_mul_mixed._proof_1_1
Checked theorem: Nonadditivity.Operational.BlockRates.blockCount_ratio_tendsto
Checked theorem: _private.Nonadditivity.WeightedBellScalar.0.Nonadditivity.BellOutput.mergedWeights.match_1.eq_1
Checked theorem: Nonadditivity.QuantumCoding.spectralProjector_compress
Checked theorem: Nonadditivity.HaarPathWeightTransport.dartRelabel_color
Checked theorem: Nonadditivity.UniversalFactorization.rectLift_zero
Checked theorem: Nonadditivity.RegularizedHolevo.positiveTensorPower.eq_2
Checked theorem: Nonadditivity.NetPolynomialSupport.collectedCoefficient.eq_1
Checked theorem: Nonadditivity.HaarColumnMoments.integral_entryPolynomial_coeff_two
Checked theorem: Nonadditivity.FreeCreation.maskLinear._proof_2
Checked theorem: Nonadditivity.CollinsYounOne.freeConstant_one._proof_1_1
Checked theorem: Nonadditivity.OneBlockRealization.exists_one_block_ratio_lower._simp_1_5
Checked theorem: Nonadditivity.FiniteRealization.matrixToEntries._proof_1
Checked theorem: Nonadditivity.TensorPartitionReduction.errorCost_prod
Checked theorem: _private.Nonadditivity.ProductPolynomialReduction.0.Nonadditivity.ProductPolynomialReduction.reduce.match_1.eq_1
Checked theorem: Nonadditivity.Operational.CodeSequence.rate_le_output_dimension_of_error_le_half
Checked theorem: Nonadditivity.HaarOperatorPathBridge.integral_normalized_word
Checked theorem: Nonadditivity.HaarPathClasses.exists_incidenceDart
Checked theorem: Nonadditivity.HaarPathGraph.Path.discoveryGraph_succ_of_first._proof_1_6
Checked theorem: Nonadditivity.HaarColumnMoments.moment_recurrence
Checked theorem: Nonadditivity.UpperHaarRealization.eventually_exists_certificate_of_upper_tails._simp_1_1
Checked theorem: Nonadditivity.Linearization.diagonalBlocksHom._proof_5
Checked theorem: Nonadditivity.NoncommutativeCS.AssignmentProgram.coefficient.eq_2
Checked theorem: Nonadditivity.RegularFubini.groupSuccEquiv_branchWord_cons
Checked theorem: Nonadditivity.QuantumCodingTypicality.wordSum_concentration._simp_1_5
Checked theorem: Nonadditivity.DeterministicQualitative.exists_actual_channel_bounds_with_dimensions
Checked theorem: Nonadditivity.HaarPathGraph.Path.discoveryGraph_eq_of_vertex_prefix._proof_1_1
Checked theorem: Nonadditivity.HaarMomentConstants.length_sum_bound_with_overhead
Checked theorem: Nonadditivity.HaarMarkedCompositions.markedProduct.eq_2
Checked theorem: Nonadditivity.ActualConsequences.FiniteQuantumChannel.half_chiTwo_le_regularizedHolevo
Checked theorem: Nonadditivity.Qualitative.constructed_input_dimension._proof_1_1
Checked theorem: Nonadditivity.NoncommutativeCS.EndpointSkeleton.decorate_labels
Checked theorem: Nonadditivity.PrescribedTest.freeNorm_test_eq_sqrt
Checked theorem: Nonadditivity.CollinsYoun.sum_cone_masks_eq
Checked theorem: Nonadditivity.ProductMomentBridge.power_coefficient_energy_le_trace._simp_1_1
Checked theorem: Nonadditivity.Channels.KrausChannel.uniform_complementary_output_entry
Checked theorem: Nonadditivity.QuantumCoding.expMessages_rate_lower._simp_1_2
Checked theorem: Nonadditivity.ProductHaagerupHomogeneous.polynomial.eq_1
Checked theorem: Nonadditivity.Quantitative.reduction_error_log_bound
Checked theorem: Nonadditivity.InitialNetReduction.finiteFactor_gram._simp_1_7
Checked theorem: Nonadditivity.HaarProfilePadding.embedWords._proof_1
Checked theorem: Nonadditivity.Linearization.constant_correction_posSemidef
Checked theorem: Nonadditivity.HaarNonbacktracking.BranchPlan.retime.eq_6
Checked theorem: Nonadditivity.Operational.mean_sqrt_le_sqrt_mean
Checked theorem: Nonadditivity.WeightedCertificate.weighted_observable_sub_norm_le
Checked theorem: Nonadditivity.QuantumCodingContinuity.vonNeumann_traceDistance_bound_log_two
Checked theorem: Nonadditivity.HaarPathExpansion.word_eval_eq_matrixProduct
Checked theorem: Nonadditivity.HaarPermutationSupport.enumerate._proof_1
Checked theorem: Nonadditivity.GaussianQuadratic.integrable_exp_centered_quadratic
Checked theorem: Nonadditivity.Linearization.gram_factorization_of_sqrt
Checked theorem: Nonadditivity.QuantumCoding.filtered_reject_trace_amplitude._simp_1_1
Checked theorem: Nonadditivity.ProductHaagerupCreation.createWord_inner_zero._simp_1_1
Checked theorem: Nonadditivity.PolynomialReduction.splitSupport_card
Checked theorem: Nonadditivity.HaarPathWeights.count_edgeList
Checked theorem: Nonadditivity.HaarPathRunCounterexample.path._proof_2
Checked theorem: Nonadditivity.HaarColumnMoments.integral_sample_entry_norm_even
Checked theorem: Nonadditivity.RegularCoefficientEnergy.regularPolynomial._proof_3
Checked theorem: Nonadditivity.HaarPathClasses.SamePattern.dartEquiv._proof_6
Checked theorem: Nonadditivity.ProductMomentBridge.coefficientOperator_norm_sq_le._simp_1_1
Checked theorem: Nonadditivity.Operational.oneMessage._proof_1
Checked theorem: Nonadditivity.ProductHaagerupProduct.RadiusLe.eq_1
Checked theorem: Nonadditivity.ProductHaagerupBall.polynomial_norm_sq_le._proof_1_1
Checked theorem: Nonadditivity.ProductHaagerupWords.annihilateWord._proof_8
Checked theorem: Nonadditivity.Channels.jointSelector.congr_simp
Checked theorem: Nonadditivity.NoncommutativeCS.EndpointSkeleton.blockFactors.eq_def
Checked theorem: Nonadditivity.PolynomialReduction.Polynomial.dilate_subset_cover
Checked theorem: Nonadditivity.NoncommutativeCS.columnGram.congr_simp
Checked theorem: Nonadditivity.HaarPathGraph.Path.sum_visitCount
Checked theorem: Nonadditivity.EntropyMixtures.densityMatrix_entropy_concave
Checked theorem: Nonadditivity.HaarPathClasses.SamePattern.traversalList_map
Checked theorem: Nonadditivity.TensorPartitionReduction.leftChild._proof_2
Checked theorem: Nonadditivity.GaussianNormalization.eigenvalue_lower
Checked theorem: Nonadditivity.HaarNonbacktracking.BranchPlan.timeSum._proof_1
Checked theorem: Nonadditivity.HaarMomentConstants.graph_defect_eq_singletons_add_twice_deficit._proof_1_1
Checked theorem: Nonadditivity.FreeCreation.creation._proof_2
Checked theorem: Nonadditivity.BellOutput.pairedChannel_bell_eq_merged._simp_1_7
Checked theorem: Nonadditivity.UpperHaarRealization.exists_one_block_ratio._simp_1_4
Checked theorem: Nonadditivity.EntropyMixtures.densityMatrix_spectral_entry
Checked theorem: Nonadditivity.ShiftNorm.orbitSegment_shift_error
Checked theorem: Nonadditivity.NoncommutativeCS.EndpointSkeleton.blocks.eq_def
Checked theorem: Nonadditivity.HaarPathClasses.singletonEdges_map_card._simp_1_2
Checked theorem: Nonadditivity.HaarNonbacktracking.BranchPlan.singleton.congr_simp
Checked theorem: Nonadditivity.HaarPathExpansion.integral_word_trace_eq_sum_pathProduct
Checked theorem: Nonadditivity.ObservableDimension.observableEquivTraceKernel._proof_7
Checked theorem: Nonadditivity.RegularFactorization.term_adjoint
Checked theorem: Nonadditivity.ProductHaagerupProduct.polynomial_norm_sq_le
Checked theorem: Nonadditivity.Entropy.DensityMatrix.vonNeumann_le_log_dim
Checked theorem: Nonadditivity.QuantumCodingContinuity.jordanPositive_trace
Checked theorem: Nonadditivity.StateEnsembles.Ensemble.mk.sizeOf_spec
Checked theorem: Nonadditivity.HaarPathGraph.Path.firstFresh._proof_1
Checked theorem: Nonadditivity.HaarPathClasses.prefixSamePattern_fresh_run._proof_1_2
Checked theorem: Nonadditivity.HaarPathClasses.card_refined_subfamily_weighted_le
Checked theorem: Nonadditivity.ProductPolynomialReduction.reduce_dimension
Checked theorem: Nonadditivity.HaarPathGraph.Path.positionDart_reversePosition
Checked theorem: Nonadditivity.Operational.CodeSequence.rate_nonneg
Checked theorem: Nonadditivity.HaarPathGraph.Path.discoveryGraph_succ_of_first._proof_1_5
Checked theorem: Nonadditivity.HaarOperatorPathBridge.coefficient_bound._proof_1_2
Checked theorem: Nonadditivity.HaarPathRuns.middleRuns_add_head_le._proof_1_6
Checked theorem: Nonadditivity.QuantumCoding.trace_union_bound_amplitude._simp_1_3
Checked theorem: Nonadditivity.ShiftNorm.orbitSegment_shift_sub
Checked theorem: Nonadditivity.Entropy.shannon_ge_neg_log_purity._simp_1_3
Checked theorem: Nonadditivity.RegularShiftedDilation.grading._proof_7
Checked theorem: Nonadditivity.HaarPathProfiles.wordProfile._proof_1
Checked theorem: Nonadditivity.Linearization.card_differenceSupport_le
Checked theorem: Nonadditivity.HaarProfilePatternBound.blockFactor._sparseCasesOn_1.else_eq
Checked theorem: Nonadditivity.NoncommutativeCS.row_apply
Checked theorem: Nonadditivity.CollinsYounTensor.mixed._proof_5
Checked theorem: Nonadditivity.FreeBridge.outputObservable_trace
Checked theorem: Nonadditivity.HaarInvariantTensor.gram_isUnit
Checked theorem: _private.Nonadditivity.NoncommutativeCSSkeletonDecoration.0.Nonadditivity.NoncommutativeCS.EndpointSkeleton.decorate.match_1.eq_5
Checked theorem: Nonadditivity.NoncommutativeCS.closeRegister_norm_le
Checked theorem: Nonadditivity.FreeCreation.Cone.eq_1
Checked theorem: Nonadditivity.Weyl.phase.congr_simp
Checked theorem: _private.Nonadditivity.RegularFubini.0.Nonadditivity.RegularFubini.sum_branch_succ
Checked theorem: Nonadditivity.HaarPathClasses.explorationEventList._proof_2
Checked theorem: Nonadditivity.OperationalFlaggedEntropy.blockMatrix_mul
Checked theorem: Nonadditivity.ProductMomentBridge.norm_even_pow_le_trace._proof_1_1
Checked theorem: Nonadditivity.OperationalFlaggedEntropy.mixture_flags_eq
Checked theorem: Nonadditivity.SpectralDamping.damping_trace_loss
Checked theorem: Nonadditivity.OperationalConsequences.exists_prescribed_channel_with_capacity_gain
Checked theorem: Nonadditivity.CollinsYounTensor.local_polynomial_norm_le_three_coeff
Checked theorem: Nonadditivity.Operational.Code.reindex_success
Checked theorem: Nonadditivity.HaarPathClasses.colorNormalizer._proof_1
Checked theorem: Nonadditivity.HaarNonbacktracking.killedPolynomial_coefficient_energy_le
Checked theorem: Nonadditivity.ActualConsequences.actual_small_large_regularizedGain
Checked theorem: Nonadditivity.HaarTensorReplacement.vacuumTrace_partialEval
Checked theorem: Nonadditivity.HaarPathGraph.color_dart
Checked theorem: Nonadditivity.NetPolynomial.regularTestPolynomial_norm
Checked theorem: Nonadditivity.Operational.POVM.projectedState.eq_1
Checked theorem: _private.Nonadditivity.NoncommutativeCSMemory.0.Nonadditivity.NoncommutativeCS.Contraction.evaluate.match_1.eq_3
Checked theorem: Nonadditivity.PolynomialReduction.Polynomial.errorCost.eq_def
Checked theorem: Nonadditivity.HaarPermutationSupport.two_le_distance_of_ne
Checked theorem: Nonadditivity.DampedBellStability.vectorize_sub
Checked theorem: Nonadditivity.QuantumCodingConditionalTypicality.jointDistribution_sum
Checked theorem: Nonadditivity.HaarMatchingCount.target_unique_of_not_marked
Checked theorem: Nonadditivity.UniversalFactorization.dilationSplit_symm_inr
Checked theorem: Nonadditivity.HaarMomentConstants.two_entry_prefactors_bound
Checked theorem: Nonadditivity.GaussianRectangular.quadraticOperator_trace_square._simp_1_1
Checked theorem: Nonadditivity.Channels.select_jointLabelledState._simp_1_2
Checked theorem: Nonadditivity.TensorPartitionReduction.mem_stageSupport_iff._simp_1_2
Checked theorem: Nonadditivity.UniversalFactorization.evaluate_place
Checked theorem: Nonadditivity.UniversalFactorization.rectLift_one
Checked theorem: Nonadditivity.QuantumCoding.tensorMatrix_diagonalization
Checked theorem: Nonadditivity.ProductPolynomialReduction.degree_firstPart_le
Checked theorem: Nonadditivity.QuantumCodingTypicality.expectation_mul_const
Checked theorem: Nonadditivity.HaarNonbacktracking.coefficient_factorization_positive
Checked theorem: Nonadditivity.QuantumCoding.tensorTypicalProjector_le_one
Checked theorem: Nonadditivity.FiniteSetFactorization.evaluate_add
Checked theorem: Nonadditivity.NoncommutativeCS.Contraction.pathSum._proof_1
Checked theorem: Nonadditivity.HaarNonbacktracking.BranchPlan.singletons.eq_def
Checked theorem: Nonadditivity.QuantumCoding.amplitudeColumn.eq_1
Checked theorem: Nonadditivity.InitialNetReduction.polynomial_support
Checked theorem: Nonadditivity.Main.quantitative_gap_of_bounds
Checked theorem: Nonadditivity.ProductHaagerupHomogeneous.polynomial._proof_1
Checked theorem: Nonadditivity.Channels.KrausChannel.complementary_conjugate_map
Checked theorem: Nonadditivity.HaarNonbacktracking.rightShift_apply
Checked theorem: Nonadditivity.NoncommutativeCS.EndpointSkeleton.blocks.eq_4
Checked theorem: Nonadditivity.DeterministicQualitative.exists_actual_channel_bounds_with_dimensions._simp_1_6
Checked theorem: _private.Nonadditivity.FreeEmbedding.0.Nonadditivity.FreeEmbedding.map_injective
Checked theorem: Nonadditivity.QuantumCoding.expMessages_rate_lower._simp_1_1
Checked theorem: Nonadditivity.NoncommutativeCS.AssignmentProgram.openReg.injEq
Checked theorem: Nonadditivity.ProductHaagerupWords.annihilateWord._proof_1
Checked theorem: Nonadditivity.SpectralDamping.spectral_trace
Checked theorem: Nonadditivity.HaarIteratedMoments.ofPolynomial_support_subset
Checked theorem: Nonadditivity.PrescribedTest.exists_prescribed_test._proof_1_3
Checked theorem: Nonadditivity.StructuredLinearization.testFinal_error_transfer
Checked theorem: Nonadditivity.HaarPathGraph.Path.edgeAt_eq_unoriented
Checked theorem: Nonadditivity.Channels.KrausChannel.tensor_output
Checked theorem: Nonadditivity.WeightedBellScalar.perturbedWeights_sum_sq._simp_1_4
Checked theorem: Nonadditivity.NoncommutativeCS.crossing_pair_norm_le
Checked theorem: _private.Nonadditivity.FreeEmbedding.0.Nonadditivity.FreeEmbedding.Covering.transition_tree
Checked theorem: Nonadditivity.HaarMatchingSharp.card_restrictionFiber_le
Checked theorem: Nonadditivity.BlockBell.blockBellState.eq_1
Checked theorem: Nonadditivity.HaarProfilePermutations.labelEquiv_map
Checked theorem: Nonadditivity.HaarPathGraph.Path.reverse_traversal_mem._simp_1_2
Checked theorem: Nonadditivity.FreeCreation.creation_apply
Checked theorem: Nonadditivity.NoncommutativeCS.EndpointTrace.factors.eq_5
Checked theorem: Nonadditivity.StructuredHaarConsequences.exists_explicit_certificate
Checked theorem: Nonadditivity.QuadraticNet.exists_net
Checked theorem: Nonadditivity.RegularShiftedDilation.grading_conjugate
Checked theorem: Nonadditivity.OperationalConsequences.actual_capacity_ratio_tendsto_atTop
Checked theorem: Nonadditivity.Operational.BlockRates.blockCount_ratio_tendsto._simp_1_2
Checked theorem: Nonadditivity.ActualConsequences.exists_actual_channel_bounds_positive._proof_1_1
Checked theorem: Nonadditivity.ProductPolynomialReduction.dimensionCost_pos
Checked theorem: Nonadditivity.BellOutput.mergedWeights_shannon._simp_1_5
Checked theorem: Nonadditivity.Channels.KrausChannel.complementary_adjointMap_eq_gram
Checked theorem: Nonadditivity.RegularizedHolevo.PositiveTensorIndex.eq_def
Checked theorem: Nonadditivity.HaarPathGraph.Path.end_mem._proof_1_1
Checked theorem: Nonadditivity.CollinsYounOne.oneMatrix_hsLength
Checked theorem: Nonadditivity.CollinsYounTensor.doubleCreation_inner_zero
Checked theorem: Nonadditivity.ProductHaagerupReindex.groupEquiv._proof_7
Checked theorem: Nonadditivity.BellOutput.complementary_bell_entropy_le
Checked theorem: Nonadditivity.PositiveHolevo.exists_block_entropy_le._proof_1_1
Checked theorem: Nonadditivity.StructuredHaarModel.tensorRepresentation.eq_def
Checked theorem: Nonadditivity.ProductHaagerupWords.sector.congr_simp
Checked theorem: Nonadditivity.HaarMixedWordExpansion.integral_mixed_error_by_length
Checked theorem: _private.Nonadditivity.HaarBranchTimeSum.0.Nonadditivity.HaarNonbacktracking.BranchPlan.retime.match_1.eq_5
Checked theorem: Nonadditivity.RegularFactorization.evaluate_polarInsertion
Checked theorem: Nonadditivity.HaarNonbacktracking.BranchPlan.singletons.eq_2
Checked theorem: Nonadditivity.WeylTensor.orbit_ensemble_average
Checked theorem: Nonadditivity.HaarAveraging.mul_average._simp_1_2
Checked theorem: Nonadditivity.FiniteSetFactorization.evaluate_gramMatrix
Checked theorem: Nonadditivity.HaarNonbacktracking.BranchPlan.singletons.eq_6
Checked theorem: Nonadditivity.Operational.POVM.sqrtEffect_hermitian
Checked theorem: Nonadditivity.HaarInvariantTensor.mixed_average_hermitian
Checked theorem: Nonadditivity.SpectralDamping.spectral._proof_2
Checked theorem: _private.Nonadditivity.GapFractionAsymptotics.0.Nonadditivity.Scalar.log_remainder_bounds._simp_1_5
Checked theorem: Nonadditivity.Entropy.DensityMatrix.conjugate_matrix_eq_map_star
Checked theorem: Nonadditivity.GaussianNormalization.slice.eq_1
Checked theorem: Nonadditivity.HaarRefinedVertexFibre.coarseColor._proof_1
Checked theorem: Nonadditivity.ProductHaagerupWords.annihilateWord._proof_3
Checked theorem: Nonadditivity.QuantumCodingContinuity.negative_eigenvalues_sum
Checked theorem: Nonadditivity.ShortEmbeddingNorm.gammaShort._proof_2
Checked theorem: Nonadditivity.HaarOperatorCurry.operatorCurry_norm
Checked theorem: Nonadditivity.HaarPathClasses.SamePattern.color_dartPerm_of_colors_eq
Checked theorem: Nonadditivity.RegularShiftedDilation.liftStarAlgHom._proof_13
Checked theorem: Nonadditivity.Quantitative.remainder_log_bound
Checked theorem: Nonadditivity.HaarPathClasses.SamePattern.coreChainMap._proof_1
Checked theorem: Nonadditivity.FiniteSetFactorization.polarInsertion._proof_6
Checked theorem: Nonadditivity.HaarProfilePermutations.restricted_fiber_card
Checked theorem: Nonadditivity.Entropy.shannon_lt_log_card_of_not_uniform._simp_1_7
Checked theorem: Nonadditivity.HaarPrescribedDimension.prescribedFamily_gap_upper_eventually
Checked theorem: _private.Nonadditivity.FreeEmbedding.0.Nonadditivity.FreeEmbedding.Covering.norm_basedLoop_le._proof_1_1
Checked theorem: Nonadditivity.SmallEnvironment.shannon_le_log_card_sub_one._proof_1_1
Checked theorem: Nonadditivity.HaarPathClasses.orientation_mem
Checked theorem: Nonadditivity.HaarPathGraph.walkOfSteps.eq_1
Checked theorem: Nonadditivity.FiniteRealization.adjointOnObservables._proof_1
Checked theorem: Nonadditivity.HaarOperatorPathBridge.operatorCurry_support
Checked theorem: Nonadditivity.Operational.POVM.normalizedBlockState._proof_2
Checked theorem: Nonadditivity.HaarOperatorPolynomial.regular_adjoint_vacuum
Checked theorem: Nonadditivity.StructuredCostBounds.errorProduct_bound
Checked theorem: Nonadditivity.StructuredHaarConsequences.localDimension_pos
Checked theorem: Nonadditivity.FiniteRegularMatrix.regularUnitaryHom._proof_4
Checked theorem: Nonadditivity.NoncommutativeCS.Contraction.kernel_open
Checked theorem: Nonadditivity.HaarMatchingCount.marked.eq_1
Checked theorem: Nonadditivity.InitialNetReduction.regularPaired_shifted_norm
Checked theorem: Nonadditivity.NoncommutativeCS.EndpointSkeleton.decorate_markedFlags
Checked theorem: Nonadditivity.QuantumCoding.tensorFamilyBandProjector._proof_1
Checked theorem: Nonadditivity.HaarPathGraph.Path.representativePosition_surjective
Checked theorem: _private.Nonadditivity.QuantumCodingTraceUnion.0.Nonadditivity.QuantumCoding.actualProduct.match_1.eq_1
Checked theorem: Nonadditivity.WeightedBlock.scale_mul_uniform._simp_1_2
Checked theorem: Nonadditivity.CollinsYounTensor.creation.eq_1
Checked theorem: Nonadditivity.StateEnsembles.singleton._proof_1
Checked theorem: Nonadditivity.HaarModel.qualitative_realization_of_CY_and_Haar_strong_convergence
Checked theorem: Nonadditivity.HaarNonbacktracking.BranchPlan.timeSum._proof_2
Checked theorem: Nonadditivity.Scalar.gap_fraction_identity
Checked theorem: _private.Nonadditivity.OperationalStrongConverse.0.Nonadditivity.Operational.CodeSequence.success_tendsto_zero_of_exponential_bound._simp_1_1
Checked theorem: Nonadditivity.NoncommutativeCS.EndpointSkeleton.marked_count_boundary
Checked theorem: Nonadditivity.Entropy.bellWeights.eq_1
Checked theorem: Nonadditivity.HaarOperatorPolynomial.killed_energy._simp_1_1
Checked theorem: Nonadditivity.HaarFourthMoments.mixedMoment_self
Checked theorem: Nonadditivity.StateEnsembles.quantity_reindex_le
Checked theorem: Nonadditivity.ProductHaagerupWords.annihilateWord._proof_7
Checked theorem: Nonadditivity.CollinsYounProduct.polynomial_sum
Checked theorem: Nonadditivity.GaussianQuadratic.abs_eigenvalue_le_norm
Checked theorem: Nonadditivity.Operational.BlockRates.blockIndex_ratio_tendsto
Checked theorem: Nonadditivity.FiniteRealization.norm_matrixToEntries_eq_hsLength
Checked theorem: Nonadditivity.GaussianRectangular.quadraticOperator_trace
Checked theorem: Nonadditivity.HaarPathGraph.Path.chainWords_flatMap
Checked theorem: Nonadditivity.HaarColumnMoments.averagePolynomial_coeff
Checked theorem: Nonadditivity.HaarPathClasses.SamePattern.dartEquiv._proof_3
Checked theorem: Nonadditivity.RegularRestriction.extendZero._proof_1
Checked theorem: Nonadditivity.InitialNetReduction.finitePaired_selfAdjoint
Checked theorem: Nonadditivity.HaarNonbacktracking.BranchPlan.singletons.eq_4
Checked theorem: Nonadditivity.StructuredCostBounds.log_tensorSupportBound_le._proof_1_2
Checked theorem: Nonadditivity.HaarSkeletonSegmentation.length_scanWords
Checked theorem: Nonadditivity.HaarAveraging.average_conjTranspose
Checked theorem: Nonadditivity.HaarInvariantTensor.norm_entry_moment_le_of_dimension
Checked theorem: Nonadditivity.Channels.KrausChannel.uniform_complementary_map_entry
Checked theorem: Nonadditivity.HaarMomentConstants.localEncodingBeta._proof_1
Checked theorem: Nonadditivity.FiniteBlockModel.tensorRepresentation.eq_2
Checked theorem: Nonadditivity.RegularFactorization.rectLift_zero
Checked theorem: Nonadditivity.StructuredCostBounds.supportProduct_pos
Checked theorem: Nonadditivity.NoncommutativeCS.columnGram._proof_3
Checked theorem: Nonadditivity.Channels.KrausChannel.controlled_map
Checked theorem: Nonadditivity.UniversalFactorization.evaluate._proof_5
Checked theorem: Nonadditivity.HaarMomentConstants.strong_implies_dimension
Checked theorem: Nonadditivity.RegularFubini.curry._proof_1
Checked theorem: Nonadditivity.Operational.Code.transport_error
Checked theorem: Nonadditivity.QuantumCodingContinuity.sum_abs_diagonal_unitary_le._simp_1_1
Checked theorem: Nonadditivity.RegularDilation.fiberLeft_apply
Checked theorem: Nonadditivity.HaarProfileCompositionBound.compositionCoefficient._proof_1
Checked theorem: Nonadditivity.TensorPartitionReduction.one_mem_stageSupport
Checked theorem: Nonadditivity.HaarPathClasses.RefinedPattern.weightDartEquiv_count
Checked theorem: Nonadditivity.NoncommutativeCS.insertState_apply
Checked theorem: Nonadditivity.Channels.KrausChannel.mk.sizeOf_spec
Checked theorem: Nonadditivity.RegularCoefficientEnergy.coefficient_gram_le._simp_1_2
Checked theorem: Nonadditivity.HaarInvariantCommutant.commute_transvection_of_unitary
Checked theorem: Nonadditivity.CollinsYoun.mixed.eq_1
Checked theorem: Nonadditivity.HaarPathGraph.Path.named_old_tree_reconstruction._proof_1_2
Checked theorem: _private.Nonadditivity.QuantitativeNet.0.Nonadditivity.QuantitativeNet.separated_insert
Checked theorem: Nonadditivity.FreeModel.reindexIsometry._proof_4
Checked theorem: _private.Nonadditivity.HaarNonbacktrackingRenewal.0.Nonadditivity.HaarNonbacktracking.killedPolynomial.match_1.eq_2
Checked theorem: Nonadditivity.GaussianConsequences.exists_small_chi_large_regularized_ratio
Checked theorem: Nonadditivity.HaarCoefficientBounds.polynomial_adjoint_single
Checked theorem: Nonadditivity.StructuredHaarConsequences.exists_explicit_certificate._simp_1_7
Checked theorem: Nonadditivity.BellOutput.diagonalEquiv._proof_1
Checked theorem: Nonadditivity.FiniteBlockModel.representation_branchWord
Checked theorem: Nonadditivity.HaarWeingartenCycles.fixedTupleEquiv._proof_1
Checked theorem: Nonadditivity.TensorPartitionReduction.reduce_correction_bounds
Checked theorem: Nonadditivity.GaussianQuadratic.measure_abs_quadratic_ge_le._simp_1_2
Checked theorem: Nonadditivity.DampingNet.exists_even_moment_small
Checked theorem: Nonadditivity.HaarOperatorPathBridge.reducedWord_injective
Checked theorem: Nonadditivity.Channels.KrausChannel.productEnsemble._proof_2
Checked theorem: Nonadditivity.NoncommutativeCS.Contraction.kernel.eq_1
Checked theorem: Nonadditivity.Asymptotics.separationLower_ge_sqrt
Checked theorem: Nonadditivity.HaarWordExpansion.regularWordHom._proof_2
Checked theorem: Nonadditivity.HaarPathGraph.Path.namedPath_tree_edge_mem_iff._simp_1_1
Checked theorem: _private.Nonadditivity.NoncommutativeCSSingletons.0.Nonadditivity.NoncommutativeCS.EndpointSkeleton.singletonLabels.match_1.eq_3
Checked theorem: Nonadditivity.ProductHaagerupHomogeneous.polynomial_norm_le
Checked theorem: Nonadditivity.HaarPathGraph.Path.discoveryGraph_succ_of_not_first
Checked theorem: Nonadditivity.HaarPathGraph.Path.coreChainProfile_last
Checked theorem: Nonadditivity.Asymptotics.exists_small_large_of_bounds
Checked theorem: Nonadditivity.freeNormConstant_sq
Checked theorem: Nonadditivity.NoncommutativeCS.EndpointSkeleton.marked_count_boundary._proof_1_9
Checked theorem: Nonadditivity.HaarPathGraph.Path.firstTimes_terminal_image
Checked theorem: Nonadditivity.ProductPolynomialReduction.splitSupport_degree._simp_1_4
Checked theorem: Nonadditivity.NoncommutativeCS.Contraction.pathSum.congr_simp
Checked theorem: Nonadditivity.Channels.KrausChannel.conjugate.eq_1
Checked theorem: Nonadditivity.PolynomialReduction.Polynomial.dilate_regular_norm
Checked theorem: Nonadditivity.HaarWeingartenCycles.norm_gram_mul_sqrt_pow_le
Checked theorem: Nonadditivity.RegularFactorization.evaluate._proof_4
Checked theorem: Nonadditivity.HaarOperatorPathBridge.pathWeight_support
Checked theorem: Nonadditivity.HaarPathGraph.Path.oldTreeSegment_support
Checked theorem: Nonadditivity.HaarPathProfiles.wordProfile.eq_1
Checked theorem: Nonadditivity.ActualConsequences.FiniteQuantumChannel.normalizedPowerHolevo_bddAbove
Checked theorem: Nonadditivity.HaarPrescribedDimension.exists_prescribed_channel
Checked theorem: Nonadditivity.DampedBellStability.map_rank_one_entry_norm_le
Checked theorem: Nonadditivity.GaussianChannelBounds.converted_bounds._simp_1_6
Checked theorem: Nonadditivity.PrescribedCost.growingFamily_chi_input_cost_bounds._simp_1_6
Checked theorem: Nonadditivity.Operational.Code.flatten_error
Checked theorem: Nonadditivity.MatrixNormReindex.reindexStarAlgEquiv._proof_1
Checked theorem: Nonadditivity.HaarMatchingCount.two_le_count_ofFn
Checked theorem: Nonadditivity.Asymptotics.finiteSizeCorrection_tendsto_zero
Checked theorem: Nonadditivity.HaarPathGraph.Path.ChainColoring.coefficient_factorization
Checked theorem: Nonadditivity.HaarPathClasses.normalColor.congr_simp
Checked theorem: Nonadditivity.FreeModel.reindexIsometry._proof_3
Checked theorem: Nonadditivity.PositiveHolevo.uniformUnitary_output_eq_twoMerged._simp_1_1
Checked theorem: Nonadditivity.SpectralDamping.damping_posSemidef
Checked theorem: Nonadditivity.HaarPathGraph.Path.internalChain_take._proof_1_3
Checked theorem: Nonadditivity.FreeCreation.mask._proof_1
Checked theorem: Nonadditivity.RegularRestriction.gammaInfinite._proof_4
Checked theorem: Nonadditivity.TensorPartitionReduction.mem_stageSupport_iff
Checked theorem: Nonadditivity.GaussianQuadratic.measure_quadratic_ge_le
Checked theorem: Nonadditivity.HaarPathExpansion.assignmentPath.congr_simp
Checked theorem: Nonadditivity.HaarPathLocalPhase.columnCount_eq_multiplicity
Checked theorem: Nonadditivity.StructuredLinearization.exists_net_linearization
Checked theorem: Nonadditivity.HaarPathGraph.Path.card_importantTimes_le
Checked theorem: Nonadditivity.Operational.Code.padTo.eq_1
Checked theorem: Nonadditivity.Channels.jointSelector.eq_1
Checked theorem: Nonadditivity.HaarPathGraph.Path.ChainColoring.ext_value
Checked theorem: Nonadditivity.HaarProfileBlockCoefficients.family_singleton_bound
Checked theorem: Nonadditivity.DampedChannel.replacementKraus.congr_simp
Checked theorem: Nonadditivity.HaarPermutationSupport.distance_self
Checked theorem: Nonadditivity.HaarPathGraph.Path.ChainColoring.color_kernel
Checked theorem: Nonadditivity.HaarPathGraph.Path.recolor_chain
Checked theorem: Nonadditivity.HaarPathExpansion.integrable_pathProduct
Checked theorem: Nonadditivity.UniversalFactorization.shift_apply
Checked theorem: Nonadditivity.CollinsYounOne.collapsedPolynomial._proof_2
Checked theorem: Nonadditivity.StructuredLinearization.testFinal_error_transfer_exp
Checked theorem: Nonadditivity.FiniteMomentMatching.trace_pow_eq_regular_vacuum
Checked theorem: Nonadditivity.HaarPathClasses.SamePattern.coreChainMap_val
Checked theorem: Nonadditivity.RegularizedHolevo.powerHolevo_succ
Checked theorem: Nonadditivity.Operational.achievableRate_of_block
Checked theorem: Nonadditivity.RegularRestriction.productFreeInclusion_injective
Checked theorem: Nonadditivity.Channels.KrausChannel.reindex_conjugate_eq
Checked theorem: Nonadditivity.UniversalShiftedDilation.dilation._proof_6
Checked theorem: Nonadditivity.Entropy.shannon_lt_log_card_of_not_uniform._simp_1_5
Checked theorem: _private.Nonadditivity.RegularizedHolevo.0.Nonadditivity.RegularizedHolevo.PositiveTensorIndex.match_1.eq_2
Checked theorem: Nonadditivity.HaarInvariantTensor.gram_card_le_of_ne
Checked theorem: Nonadditivity.FiniteRegularMatrix.regularUnitaryHom._proof_1
Checked theorem: Nonadditivity.EntropyStability.exists_damped_bell_entropy_modulus
Checked theorem: Nonadditivity.DeterministicConsequences.actual_small_large
Checked theorem: Nonadditivity.NoncommutativeCS.EndpointSkeleton.singletonWeight_chain_labels_reverse
Checked theorem: Nonadditivity.QuantumCodingContinuity.traceDistance_le_hsNorm_of_gram._simp_1_1
Checked theorem: Nonadditivity.Quantitative.n₀._proof_1
Checked theorem: Nonadditivity.PrescribedCost.growingFamily_two_use_input_cost_lower._simp_1_5
Checked theorem: Nonadditivity.ProductHaagerupCreation.createWord_flip_zero
Checked theorem: Nonadditivity.HaarPathGraph.Path.toCore_predecessor_or_first
Checked theorem: Nonadditivity.FreeBridge.trace_submatrix_equiv
Checked theorem: Nonadditivity.HaarPathGraph.Path.label_representative
Checked theorem: Nonadditivity.HaarPathGraph.Path.named_old_tree_reconstruction._proof_1_7
Checked theorem: Nonadditivity.HaarIteratedMoments.iteratedMoment._proof_2
Checked theorem: Nonadditivity.FiniteFreeModel.partialTranslation._proof_9
Checked theorem: Nonadditivity.HaarPathGraph.Path.coreChain_source_mem_core_iff._proof_1_1
Checked theorem: Nonadditivity.StructuredCostBounds.coefficientBound_log_bound
Checked theorem: Nonadditivity.HaarPathProfiles.count_eq_residual_add
Checked theorem: Nonadditivity.PrescribedCost.log2_inputQubits_div_log_tendsto
Checked theorem: Nonadditivity.Scalar.gap_fraction_identity._simp_1_6
Checked theorem: Nonadditivity.StructuredLinearization.linear_letters
Checked theorem: Nonadditivity.HaarPathGraph.Path.firstVisit_next._proof_1_3
Checked theorem: Nonadditivity.BellOutput.star_mulVec
Checked theorem: Nonadditivity.HaarNonbacktracking.killed.eq_2
Checked theorem: Nonadditivity.QuantumCoding.trace_gram_eq_sum_column_norm_sq._simp_1_1
Checked theorem: Nonadditivity.WordBallReduction.stage_correction_le
Checked theorem: Nonadditivity.OperationalFlaggedEntropy.flag_matrix_apply
Checked theorem: Nonadditivity.WeightedBlock.scale_mul_uniform._simp_1_1
Checked theorem: Nonadditivity.HaarMatchingCount.card_relativeMatching_le
Checked theorem: Nonadditivity.purity_factor_identity
Checked theorem: Nonadditivity.Scalar.purity_inflation._simp_1_3
Checked theorem: Nonadditivity.WeightedBlock.outputScale_uniform
Checked theorem: Nonadditivity.HaarPathClasses.incidence_at_fresh_vertex_unique._proof_1_3
Checked theorem: Nonadditivity.HaarPathWeights.listMonomial_relabel
Checked theorem: Nonadditivity.HaarModel.continuous_tensorWord
Checked theorem: Nonadditivity.RegularFactorization.evaluate._proof_10
Checked theorem: Nonadditivity.WordBallReduction.wordBall.eq_1
Checked theorem: Nonadditivity.HaarMomentTail.measure_norm_ge_le_normalized_trace_moment._simp_1_7
Checked theorem: Nonadditivity.ShortEmbeddingNorm.gammaShort._proof_3
Checked theorem: Nonadditivity.Weyl.orbitEnsemble._proof_3
Checked theorem: Nonadditivity.HaarPathClasses.normalized_initial_fresh_run._proof_1_3
Checked theorem: Nonadditivity.GeneralBell.shannon_le_of_large_atom._simp_1_4
Checked theorem: Nonadditivity.PolynomialReduction.Polynomial.correction.congr_simp
Checked theorem: Nonadditivity.RegularRestriction.gammaInfinite._proof_3
Checked theorem: Nonadditivity.HaarTimeCompositions.compositions.eq_1
Checked theorem: Nonadditivity.Channels.KrausChannel.output_matrix
Checked theorem: _private.Nonadditivity.ProductHaagerupWords.0.Nonadditivity.ProductHaagerupWords.sector.match_1.eq_3
Checked theorem: _private.Nonadditivity.FreeEmbedding.0.Nonadditivity.FreeEmbedding.Covering.child_pos
Checked theorem: Nonadditivity.ExactQualitative.exists_actual_channel_bounds_with_dimensions._proof_1_3
Checked theorem: Nonadditivity.WeylPowersTwirl.orbit_ensemble_average
Checked theorem: Nonadditivity.StructuredCostBounds.tensorSupportBound_pos
Checked theorem: Nonadditivity.HaarNonbacktracking.killedPolynomial.eq_2
Checked theorem: Nonadditivity.NoncommutativeCS.AssignmentProgram.variableCount.eq_1
Checked theorem: Nonadditivity.Weyl.depolarizingChannel_output
Checked theorem: Nonadditivity.HaarPathGraph.Path.firstVisit_terminal_ne_root
Checked theorem: Nonadditivity.NetPolynomial.netNegationEquiv._proof_4
Checked theorem: Nonadditivity.HaarTimeCompositions.length_of_mem._simp_1_6
Checked theorem: Nonadditivity.StateEnsembles.quantity_le
Checked theorem: Nonadditivity.PrescribedTest.gamma_test._simp_1_3
Checked theorem: Nonadditivity.ProductHaagerupReindex.groupEquiv._proof_10
Checked theorem: Nonadditivity.NoncommutativeCS.Contraction.pathSum.eq_4
Checked theorem: Nonadditivity.Entropy.shannon_ge_neg_log_purity
Checked theorem: Nonadditivity.Channels.KrausChannel.stinespring_partialTrace_output
Checked theorem: Nonadditivity.HaarInvariantCommutant.commute_diagonal_of_unitary
Checked theorem: Nonadditivity.collinsYounConstant_pos
Checked theorem: Nonadditivity.PrescribedTest.core_trace
Checked theorem: Nonadditivity.HaarTensorReplacement.adjointPolynomial.eq_1
Checked theorem: _private.Nonadditivity.HolevoRateLimit.0.Nonadditivity.RegularizedHolevo.positiveTensorSplit.match_1.eq_2
Checked theorem: Nonadditivity.Quantitative.dimension_choice_bounds
Checked theorem: Nonadditivity.HaarMatchingFibers.card_equiv_le_factorial
Checked theorem: Nonadditivity.Operational.POVM.projectedState.congr_simp
Checked theorem: Nonadditivity.HaarTensorConstants.momentMultiplier_pos
Checked theorem: Nonadditivity.ObservableDimension.hermitianTrace_apply
Checked theorem: Nonadditivity.HaarSharpSummation.card_fibre_le._proof_1_2
Checked theorem: Nonadditivity.Channels.KrausChannel.productEnsemble._simp_1
Checked theorem: _private.Nonadditivity.GapFractionAsymptotics.0.Nonadditivity.Scalar.log_remainder_bounds._simp_1_6
Checked theorem: Nonadditivity.TensorPartitionReduction.one_mem_stageSupport._simp_1
Checked theorem: Nonadditivity.NoncommutativeCS.EndpointSkeleton.profileLabels.eq_5
Checked theorem: Nonadditivity.HaarPathGraph.Path.nextImportant_mem
Checked theorem: Nonadditivity.CollinsYounProduct.polynomial_norm_sq_le
Checked theorem: Nonadditivity.HaarPathWeightTransport.selected_map_signedRelabel
Checked theorem: Nonadditivity.HaarTimeCompositions.sum_of_mem._simp_1_6
Checked theorem: Nonadditivity.HaarNonbacktracking.stationary_firstLetter
Checked theorem: Nonadditivity.BlockBell.tensor_conjugate
Checked theorem: Nonadditivity.Entropy.DensityMatrix.tensorPower_entropy
Checked theorem: Nonadditivity.FiniteRealization.entriesToMatrixLinear._proof_2
Checked theorem: _private.Nonadditivity.FreeEmbedding.0.Nonadditivity.FreeEmbedding.Covering.path._proof_1
Checked theorem: Nonadditivity.ProductMomentBridge.norm_pow_le_two_card_moment_of_injective._proof_1_5
Checked theorem: Nonadditivity.HaarProfilePermutations.exists_perm_labels_fix._proof_1_3
Checked theorem: Nonadditivity.TensorPartitionReduction.stageSupport_single_factor._proof_1_2
Checked theorem: Nonadditivity.RegularDilation.leftSlice_dilationPolynomial
Checked theorem: Nonadditivity.QuantumCoding.conditionalTypicalTest._proof_1
Checked theorem: Nonadditivity.HaarMatchingFibers.fiberEquiv._proof_6
Checked theorem: Nonadditivity.FreeBridge.branchToOutput_chain
Checked theorem: Nonadditivity.HaarPathClasses.prefixSamePattern_fresh_run._proof_1_7
Checked theorem: Nonadditivity.Quantitative.error_cost_absorption
Checked theorem: Nonadditivity.Scalar.gap_fraction_identity._simp_1_7
Checked theorem: Nonadditivity.HaarPathGraph.Path.FirstVisit.eq_1
Checked theorem: Nonadditivity.RegularRestriction.extendZero_apply_outside
Checked theorem: Nonadditivity.DeterministicConsequences.actual_ratio_tendsto_atTop
Checked theorem: Nonadditivity.HaarFiniteFaithfulness.blockTrace_zero
Checked theorem: Nonadditivity.Weyl.orbitClosure_entropy_image
Checked theorem: Nonadditivity.BlockScalars.gapCoefficient._proof_1
Checked theorem: Nonadditivity.PrescribedCost.sqrt_inputLog_ratio_tendsto
Checked theorem: Nonadditivity.OneBlockRealization.exists_positive_gap._proof_1_1
Checked theorem: Nonadditivity.FreeEmbedding.logarithmicEmbedding_injective
Checked theorem: Nonadditivity.HaarOperatorPathBridge.pathOperatorSum.congr_simp
Checked theorem: Nonadditivity.TensorPartitionReduction.dimensionCost_pos._proof_1_4
Checked theorem: Nonadditivity.UpperHaarRealization.exists_arbitrarily_large_gap._proof_1_1
Checked theorem: Nonadditivity.HaarPathWeights.selected_lengths._proof_1_5
Checked theorem: Nonadditivity.StructuredReductionCosts.tensor_errorCost_le
Checked theorem: _private.Nonadditivity.HaarProfilePatternBound.0.Nonadditivity.NoncommutativeCS.EndpointSkeleton.singletonWeight.match_1.eq_1
Checked theorem: Nonadditivity.StructuredCostBounds.geometric_sum_le._simp_1_5
Checked theorem: Nonadditivity.HaarNonbacktracking.BranchPlan.timeSum_norm_le_graph_budget
Checked theorem: Nonadditivity.WordBallReduction.dimensionCost_pos._proof_1_4
Checked theorem: Nonadditivity.StructuredFiniteChannel.block_adjoint_eq_branch_polynomial
Checked theorem: Nonadditivity.QuantumCoding.tensorFamilyWeights.eq_1
Checked theorem: Nonadditivity.NoncommutativeCS.openRegister._proof_1
Checked theorem: Nonadditivity.RegularDilation.dilation_polynomial_norm
Checked theorem: Nonadditivity.BellOutput.mergedWeights.eq_2
Checked theorem: Nonadditivity.FreeEmbedding.Covering.norm_shortEmbedding_of_le
Checked theorem: Nonadditivity.Channels.KrausChannel.outputUnitary_output
Checked theorem: Nonadditivity.UniversalShiftedDilation.dilation_apply_snd
Checked theorem: Nonadditivity.GeneralBell.shannon_le_of_large_atom._simp_1_2
Checked theorem: Nonadditivity.EntropyContinuity.diagonal_mem_Icc._simp_1_1
Checked theorem: _private.Nonadditivity.QuantumCodingChannelWords.0.Nonadditivity.QuantumCoding.positiveWordEquiv.match_1.eq_2
Checked theorem: Nonadditivity.StructuredHaarConsequences.exists_explicit_certificate._simp_1_4
Checked theorem: Nonadditivity.HaarOperatorPathBridge.colorsOfWord._proof_3
Checked theorem: Nonadditivity.Quantitative.dimension_error_contribution._simp_1_6
Checked theorem: Nonadditivity.ActualConsequences.actual_large_gap_and_ratio
Checked theorem: Nonadditivity.ProductPolynomialReduction.evaluate.eq_1
Checked theorem: Nonadditivity.QuantumCoding.globalTypicalProjector_average_acceptance_ge
Checked theorem: Nonadditivity.Weyl.orbit_ensemble_average
Checked theorem: Nonadditivity.Channels.KrausChannel.output_purity_and_entropy_of_certificate
Checked theorem: Nonadditivity.HaarWeingartenCounting.fixedZeroEquiv._proof_4
Checked theorem: Nonadditivity.FiniteSetFactorization.factorPolynomial_eq
Checked theorem: Nonadditivity.PrescribedCost.growingFamily_chi_input_cost_bounds._simp_1_1
Checked theorem: Nonadditivity.HaarPathVertexFibre.fibreEquiv._proof_7
Checked theorem: Nonadditivity.WeylPowers.positiveTensorPower_covariant_kraus
Checked theorem: Nonadditivity.PolynomialReduction.norm_suffix_le._proof_1_1
Checked theorem: Nonadditivity.GaussianNormalization.normalizer_hermitian
Checked theorem: Nonadditivity.NoncommutativeCS.EndpointSkeleton.length_blocks
Checked theorem: Nonadditivity.HaarPathRuns.occurrence_exponent_le
Checked theorem: Nonadditivity.WordBallReduction.mem_wordBall_of_bound
Checked theorem: Nonadditivity.WeylPowers.tensorWeylExtension_holevo
Checked theorem: Nonadditivity.Asymptotics.blockLength_div_upper
Checked theorem: Nonadditivity.HaarPathWeights.selected_lengths._proof_1_3
Checked theorem: Nonadditivity.HaarPathGraph.Path.coreVertices_add_twice_vertices_le._proof_1_2
Checked theorem: Nonadditivity.WeightedCertificate.sandwich_norm_le
Checked theorem: Nonadditivity.FiniteFreeModel.generatorPerm_inv_apply
Checked theorem: Nonadditivity.ProductHaagerupCreation.adjoint_energy_le
Checked theorem: Nonadditivity.UniversalShiftedDilation.Double._proof_1
Checked theorem: Nonadditivity.ObservableDimension.observableEquivTraceKernel._proof_9
Checked theorem: Nonadditivity.HaarPathGraph.Path.colorList_reduced
Checked theorem: Nonadditivity.HaarPrescribedDimension.prescribedFamily_gap_tendsto_atTop._proof_1_1
Checked theorem: Nonadditivity.ProductHaagerupHomogeneous.splitEquiv._proof_3
Checked theorem: Nonadditivity.Operational.Code.padRight_error
Checked theorem: Nonadditivity.HaarPathGraph.Path.two_le_visitCount_of_balanced._proof_1_4
Checked theorem: Nonadditivity.HaarNonbacktracking.BranchPlan.singletons.eq_3
Checked theorem: Nonadditivity.HaarNonbacktracking.coefficient_factorization_list
Checked theorem: Nonadditivity.HaarNonbacktracking.BranchPlan.timeWeight.eq_def
Checked theorem: Nonadditivity.NetPolynomialSupport.collectedScalar.congr_simp
Checked theorem: Nonadditivity.StructuredLinearization.testFinal_dimension
Checked theorem: Nonadditivity.WeightedParameters.exists_collinsYoun_budget
Checked theorem: Nonadditivity.FiniteSetFactorization.theta_le_card_mul_regularNorm
Checked theorem: Nonadditivity.PrescribedTest.freeNorm_test_pos
Checked theorem: Nonadditivity.Operational.uniformInformation_le_add_of_mean_traceDistance._simp_1_2
Checked theorem: Nonadditivity.NoncommutativeCS.AssignmentProgram.coefficient._proof_3
Checked theorem: Nonadditivity.Channels.KrausChannel.comp._proof_1
Checked theorem: Nonadditivity.HaarPermutationSupport.recover_supportCode
Checked theorem: Nonadditivity.HolevoBits.natural_upper_to_bits
Checked theorem: _private.Nonadditivity.FreeEmbedding.0.Nonadditivity.FreeEmbedding.Covering.transition._proof_1
Checked theorem: Nonadditivity.Scalar.gap_fraction_identity._simp_1_4
Checked theorem: Nonadditivity.HaarMatchingSharp.card_relativeMatching_le_sharp._simp_1_2
Checked theorem: Nonadditivity.HaarIteratedMoments.transportPolynomial_single
Checked theorem: Nonadditivity.FreeEmbedding.norm_embedding_of_le
Checked theorem: Nonadditivity.HaarPathExpansion.word_trace_eq_sum_pathProduct
Checked theorem: Nonadditivity.NoncommutativeCS.AssignmentProgram.middle.inj
Checked theorem: Nonadditivity.FiniteFreeModel.encode._proof_3
Checked theorem: Nonadditivity.WordBallReduction.stage_error_transfer._simp_1_10
Checked theorem: _private.Nonadditivity.BellOutput.0.Nonadditivity.BellOutput.mergedWeights.match_1.eq_1
Checked theorem: Nonadditivity.WeylPowers.positiveUnitaryPower.eq_2
Checked theorem: Nonadditivity.Weyl.orbit_ensemble_information
Checked theorem: Nonadditivity.HaarIteratedMoments.recursiveRepresentation_entry
Checked theorem: Nonadditivity.HaarPathGraph.Path.traversal_count_eq_chain_count
Checked theorem: Nonadditivity.NoncommutativeCS.closeRegister.congr_simp
Checked theorem: Nonadditivity.ProductHaagerupProduct.polynomial_norm_sq_le._proof_1_6
Checked theorem: Nonadditivity.HaarPathGraph.walkOfSteps.eq_2
Checked theorem: Nonadditivity.NoncommutativeCS.EndpointSkeleton.singletonLength.eq_3
Checked theorem: Nonadditivity.InitialNetReduction.polynomial_dimension
Checked theorem: Nonadditivity.WeightedBellScalar.continuous_perturbedWeights
Checked theorem: Nonadditivity.HaarInvariantTensor.power_map_star
Checked theorem: Nonadditivity.QuantumCoding.ensemble_information_le_capacity
Checked theorem: Nonadditivity.Entropy.bellWeights_sum._proof_1_1
Checked theorem: Nonadditivity.QuantumCodingTypicality.typical_mass_ge._simp_1_7
Checked theorem: Nonadditivity.FiniteSetFactorization.polynomial_dilation
Checked theorem: Nonadditivity.UniversalFactorization.term_one
Checked theorem: Nonadditivity.HaarSkeletonSegmentation.reverseFactors.eq_2
Checked theorem: Nonadditivity.FiniteFreeModel.productModel._proof_2
Checked theorem: Nonadditivity.NoncommutativeCS.insertState_norm_le
Checked theorem: Nonadditivity.Channels.KrausChannel.blockChannel_adjoint_eq_tensor_polynomial
Checked theorem: Nonadditivity.QuantumCoding.ProjectiveTest.raw_error_bound._proof_1_5
Checked theorem: Nonadditivity.CollinsYoun.mixed._proof_3
Checked theorem: Nonadditivity.QuantumCodingContinuity.negativeJordanState._proof_2
Checked theorem: Nonadditivity.NoncommutativeCS.EndpointSkeleton.sqrt_four_nat_pow
Checked theorem: Nonadditivity.HaarPathWeights.norm_listMonomial_integral_le
Checked theorem: Nonadditivity.HaarTensorReplacement.vacuumTrace_partialEval_pow
Checked theorem: Nonadditivity.RegularFactorization.rectLift_apply
Checked theorem: Nonadditivity.NoncommutativeCS.EndpointSkeleton.times.eq_5
Checked theorem: Nonadditivity.HaarPathGraph.Path.start_mem
Checked theorem: Nonadditivity.HaarAveraging.tensorPower.eq_def
Checked theorem: Nonadditivity.NetPolynomial.netRegularPolynomial_norm_mem_spectrum
Checked theorem: Nonadditivity.HaarPathClasses.refinedDefectEquiv._proof_8
Checked theorem: Nonadditivity.HaarPathGraph.Path.not_firstVisit_before_firstFresh
Checked theorem: Nonadditivity.Quantitative.moment_choice_bounds._proof_1_1
Checked theorem: Nonadditivity.ExactQualitative.exists_actual_channel_bounds_with_dimensions._proof_1_1
Checked theorem: Nonadditivity.PrescribedCost.growingFamily_two_use_input_cost_lower._simp_1_8
Checked theorem: Nonadditivity.HaarPathClasses.norm_sum_paths_smul_le
Checked theorem: Nonadditivity.RegularFactorization.term_add
Checked theorem: Nonadditivity.WeylPowers.positiveUnitaryPower.eq_1
Checked theorem: Nonadditivity.CollinsYounProduct.polynomial_step_bound
Checked theorem: Nonadditivity.HaarNonbacktracking.IsStationary._proof_1
Checked theorem: Nonadditivity.HaarColumnMoments.rowRotationMatrix.eq_1
Checked theorem: Nonadditivity.GaussianConsequences.exists_channel_bounds._proof_1_2
Checked theorem: Nonadditivity.HaarMomentConstants.sum_length_errors_le_with_overhead._proof_1_1
Checked theorem: Nonadditivity.StructuredHaarConsequences.exists_explicit_finite_channel._simp_1_2
Checked theorem: Nonadditivity.UpperHaarRealization.exists_arbitrarily_large_gap._proof_1_2
Checked theorem: Nonadditivity.OperationalFlaggedEntropy.blockUnitary._proof_1
Checked theorem: Nonadditivity.HaarIteratedMoments.pairMeasure.eq_1
Checked theorem: Nonadditivity.HaarMixedMoments.integral_entry_pow_mul_star_pow
Checked theorem: Nonadditivity.Weyl.family_card
Checked theorem: _private.Nonadditivity.FiniteSetFactorization.0.Nonadditivity.FiniteSetFactorization.sum_kronecker_one
Checked theorem: Nonadditivity.GeneralBell.tensor_mul_bell
Checked theorem: Nonadditivity.ProductMomentBridge.norm_pow_selfAdjoint
Checked theorem: Nonadditivity.HaarPathClasses.explorationEventList.congr_simp
Checked theorem: Nonadditivity.PrescribedCost.growingFamily_chi_input_cost_bounds._simp_1_7
Checked theorem: Nonadditivity.UniversalFactorization.shift_one
Checked theorem: Nonadditivity.HaarProfilePadding.columnGram_extend_zero
Checked theorem: Nonadditivity.HaarNonbacktracking.BranchPlan.middle.sizeOf_spec
Checked theorem: Nonadditivity.NoncommutativeCS.EndpointTrace.first.sizeOf_spec
Checked theorem: Nonadditivity.HaarPathGraph.Path.two_le_degree._proof_1_2
Checked theorem: Nonadditivity.Operational.Code.outputEnsemble.eq_1
Checked theorem: Nonadditivity.NetPolynomialSupport.polynomial_regularEval
Checked theorem: Nonadditivity.WeylTensor.uniform_average_eq._simp_1_7
Checked theorem: Nonadditivity.Operational.BlockRates.blockCount_pos._proof_1_2
Checked theorem: Nonadditivity.HaarAveraging.average_mulVec_eq_iff
Checked theorem: Nonadditivity.RegularShiftedDilation.liftStarAlgHom._proof_5
Checked theorem: Nonadditivity.WeightedBell.pairedChannel_bell_eq_merged
Checked theorem: Nonadditivity.HaarPathVertexFibre.fibreEquiv.eq_1
Checked theorem: Nonadditivity.DampedPositivity.converted_damped_block_holevoBits_pos._proof_1_1
Checked theorem: Nonadditivity.HaarInvariantTensor.mixed_mulVec_vectorize
Checked theorem: Nonadditivity.Operational.POVM.probability.eq_1
Checked theorem: Nonadditivity.ProductHaagerupProduct.RadiusLe.congr_simp
Checked theorem: Nonadditivity.Operational.operationalCapacity_le_log_output_dimension
Checked theorem: Nonadditivity.RegularFactorization.rectLift_adjoint
Checked theorem: Nonadditivity.HaarWordPhase.sum_counts
Checked theorem: Nonadditivity.NoncommutativeCS.EndpointSkeleton.marked_count_boundary._proof_1_7
Checked theorem: Nonadditivity.Channels.KrausChannel.covariantExtension.eq_1
Checked theorem: Nonadditivity.NoncommutativeCS.diagonal._proof_1
Checked theorem: Nonadditivity.CollinsYounTensor.local_polynomial_three_components
Checked theorem: Nonadditivity.InitialNetReduction.regularFactor._proof_1
Checked theorem: Nonadditivity.NoncommutativeCS.AssignmentProgram.compile.eq_5
Checked theorem: Nonadditivity.Channels.KrausChannel.identity.eq_1
Checked theorem: Nonadditivity.FreeBridge.chainTupleEquiv._proof_6
Checked theorem: Nonadditivity.HaarPathExpansion.ClosedAssignment._proof_1
Checked theorem: Nonadditivity.Probability.favorable_realization_probability._simp_1_2
Checked theorem: Nonadditivity.MatrixRegularRestriction.coefficientPolynomial_norm_le_of_injective
Checked theorem: Nonadditivity.BellOutput.pairedChannel_bell_entropy_le
Checked theorem: Nonadditivity.TensorPartitionReduction.residue_split._proof_1_1
Checked theorem: Nonadditivity.Entropy.bellVector.congr_simp
Checked theorem: Nonadditivity.GaussianRectangular.trace_pullback
Checked theorem: Nonadditivity.HaarMomentConstants.sum_length_errors_le_with_overhead
Checked theorem: Nonadditivity.StructuredLinearization.initialPolynomial_support
Checked theorem: Nonadditivity.HaarPrescribedDimension.exists_prescribed_channel_with_lower_bound._simp_1_6
Checked theorem: Nonadditivity.HaarPrescribedDimension.exists_prescribed_channel_of_lengthBounds._proof_1_1
Checked theorem: Nonadditivity.QuantumCoding.spectralProjector_trace
Checked theorem: Nonadditivity.HaarPathVertexFibre.labels.congr_simp
Checked theorem: Nonadditivity.NoncommutativeCS.Contraction.evaluate_norm_le
Checked theorem: Nonadditivity.DampedChannel.replacementKraus_map_sum._simp_1_2
Checked theorem: _private.Nonadditivity.WordBallReduction.0.Nonadditivity.WordBallReduction.stage.match_1.eq_1
Checked theorem: Nonadditivity.FreeModel.Hilbert._proof_1
Checked theorem: Nonadditivity.HaarIteratedMoments.OnePairTraceBound._proof_1
Checked theorem: Nonadditivity.Operational.CodeSequence.rate_le_normalizedPowerHolevo_add_correction._simp_1_1
Checked theorem: Nonadditivity.ProductPolynomialReduction.degree_secondPart_le
Checked theorem: Nonadditivity.NoncommutativeCS.row._proof_2
Checked theorem: Nonadditivity.FreeEmbedding.logarithmicEmbedding._proof_3
Checked theorem: Nonadditivity.HaarMomentExpectation.integral_norm_le_of_normalized_trace_moment_le._proof_1_1
Checked theorem: Nonadditivity.HaarPathVertexFibre.normalize_samePattern
Checked theorem: Nonadditivity.Channels.selector_mul_adjoint._simp_1_2
Checked theorem: Nonadditivity.HaarFourthMoments.rotationMatrix_sq._simp_1_3
Checked theorem: Nonadditivity.FiniteSetFactorization.polarInsertion._proof_2
Checked theorem: Nonadditivity.Main.block_entropy_of_purity._simp_1_3
Checked theorem: Nonadditivity.UpperHaarRealization.upper_of_strong
Checked theorem: Nonadditivity.ShiftNorm.orbitSegment_norm_sq
Checked theorem: Nonadditivity.ProductHaagerupWords.sector.eq_def
Checked theorem: Nonadditivity.HaarColumnMoments.continuous_coeff_pow
Checked theorem: _private.Nonadditivity.HaarBranchContractions.0.Nonadditivity.HaarNonbacktracking.BranchPlan.order.match_1.eq_1
Checked theorem: Nonadditivity.HaarIteratedMoments.recursiveRepresentation.eq_2
Checked theorem: Nonadditivity.HaarPathGraph.Path.ChainColoring.colorFibreEquiv._proof_1
Checked theorem: Nonadditivity.HaarPathProfiles.card_twoGeneratorProfile_le
Checked theorem: Nonadditivity.HaarSharpPathWeight.norm_pathWeight_le
Checked theorem: Nonadditivity.DampedChannel.residualRoot._proof_4
Checked theorem: Nonadditivity.NoncommutativeCS.Contraction.evaluate.eq_2
Checked theorem: Nonadditivity.HaarPathGraph.Path.chainWord_ne_one
Checked theorem: Nonadditivity.HaarPathGraph.Path.chain_colors_reduced
Checked theorem: Nonadditivity.HaarMomentConstants.sum_length_errors_le
Checked theorem: Nonadditivity.Operational.uniformInformation_le_add_of_traceDistance._simp_1_5
Checked theorem: Nonadditivity.RegularShiftedDilation.grading._proof_15
Checked theorem: _private.Nonadditivity.ProductHaagerupReindex.0.Nonadditivity.ProductHaagerupProduct.RadiusLe.match_1.eq_1
Checked theorem: Nonadditivity.HaarFourthMoments.rowRotation._proof_1
Checked theorem: Nonadditivity.HaarPathGraph.Path.ChainColoring.value_reverse._proof_1_1
Checked theorem: _private.Nonadditivity.NoncommutativeCSPaths.0.Nonadditivity.NoncommutativeCS.Contraction.pathSum.match_1.eq_4
Checked theorem: Nonadditivity.FiniteSetFactorization.selector_mul_adjoint._simp_1_2
Checked theorem: Nonadditivity.HaarPathGraph.Path.exists_traversal_chain_decomposition._proof_1_4
Checked theorem: Nonadditivity.RegularFactorization.rectLift_add
Checked theorem: Nonadditivity.RegularizedHolevo.positiveTensorPower_split
Checked theorem: Nonadditivity.Scalar.aK.eq_1
Checked theorem: Nonadditivity.HaarPathClasses.RefinedPattern.refl
Checked theorem: Nonadditivity.HaarPathClasses.RefinedPattern.samePattern
Checked theorem: Nonadditivity.StateEnsembles.minimumEntropy_le
Checked theorem: Nonadditivity.HaarPathClasses.explorationEventList_length
Checked theorem: Nonadditivity.Entropy.DensityMatrix.conjugate_entropy
Checked theorem: Nonadditivity.HaarNonbacktracking.BranchPlan.comp.injEq
Checked theorem: Nonadditivity.Channels.KrausChannel.holevoBits_nonneg
Checked theorem: Nonadditivity.Linearization.diagonalBlocksHom._proof_4
Checked theorem: Nonadditivity.RegularDilation.image_inv_eq._simp_1_1
Checked theorem: Nonadditivity.AdjointPurity.hsLength_sq
Checked theorem: Nonadditivity.CollinsYounProduct.collinsYounBound_of_squared
Checked theorem: Nonadditivity.FreeCreation.leftRegular_adjoint
Checked theorem: _private.Nonadditivity.TensorPartitionReduction.0.Nonadditivity.TensorPartitionReduction.reduce.match_1.eq_1
Checked theorem: _private.Nonadditivity.BlockBell.0.Nonadditivity.Entropy.TensorChainIndex.match_1.eq_1
Checked theorem: Nonadditivity.HaarTimeCompositions.length_of_mem._simp_1_5
Checked theorem: Nonadditivity.HaarPathGraph.Path.representativeReindex._proof_1
Checked theorem: Nonadditivity.NoncommutativeCS.Contraction.evaluate.eq_def
Checked theorem: Nonadditivity.HaarPathWeights.signedProduct_eq
Checked theorem: Nonadditivity.EntropyMixtures.ensembleAmplitude_leftGram
Checked theorem: Nonadditivity.NoncommutativeCS.EndpointSkeleton.coefficient_exponent_le
Checked theorem: Nonadditivity.PrescribedTest.freeNorm_test_eq_rpow._proof_1_1
Checked theorem: Nonadditivity.HaarPathClasses.SamePattern.singleton_card_eq
Checked theorem: Nonadditivity.ShortEmbeddingNorm.logarithmicEmbedding_regularPolynomial_norm_eq
Checked theorem: Nonadditivity.Channels.KrausChannel.map_add
Checked theorem: _private.Nonadditivity.FreeEmbedding.0.Nonadditivity.FreeEmbedding.Covering.path_pos
Checked theorem: Nonadditivity.QuantumCodingConditionalTypicality.average_conditional_band_mass_ge
Checked theorem: Nonadditivity.NoncommutativeCS.EndpointSkeleton.closed_singletonLabels_toFinset._simp_1_2
Checked theorem: Nonadditivity.FiniteMomentMatching.regularEval._proof_2
Checked theorem: Nonadditivity.HaarPathClasses.samePattern_relabeled
Checked theorem: Nonadditivity.HaarAveraging.average_mul
Checked theorem: Nonadditivity.UniversalFactorization.polynomial._proof_1
Checked theorem: Nonadditivity.UniversalShiftedDilation.dilation_apply_fst
Checked theorem: Nonadditivity.CollinsYounTensor.mixed._proof_3
Checked theorem: Nonadditivity.HaarMatchingSharp.fiberToLabel._proof_2
Checked theorem: Nonadditivity.HaarColumnMoments.entryPolynomial_degree._proof_1_1
Checked theorem: Nonadditivity.HaarPathGraph.Path.vertices_le_edges
Checked theorem: Nonadditivity.ProductHaagerupHomogeneous.splitEquiv._proof_4
Checked theorem: Nonadditivity.GaussianNormalization.rawAdjoint_eq_sum._simp_1_3
Checked theorem: Nonadditivity.Operational.Code.pad_error
Checked theorem: _private.Nonadditivity.FiniteSetFactorization.0.Nonadditivity.FiniteSetFactorization.algebraMap_kronecker_one
Checked theorem: Nonadditivity.Operational.DensityMatrix.one_sub_posSemidef
Checked theorem: Nonadditivity.WordBallReduction.one_mem_wordBall._simp_1
Checked theorem: Nonadditivity.GaussianRectangular.environmentExtension_mul
Checked theorem: Nonadditivity.RegularShiftedDilation.hilbertNontrivial
Checked theorem: Nonadditivity.Asymptotics.output_normalized_gap_liminf._simp_1_4
Checked theorem: Nonadditivity.Channels.KrausChannel.outputUnitary_map
Checked theorem: Nonadditivity.FiniteSetFactorization.theta_nonneg
Checked theorem: Nonadditivity.QuantumCodingContinuity.hsNorm_nonneg
Checked theorem: Nonadditivity.ProductHaagerupWords.annihilateWord.eq_2
Checked theorem: Nonadditivity.HaarPathExpansion.letterMatrix.eq_1
Checked theorem: Nonadditivity.QuantumCodingTypicality.variance.eq_1
Checked theorem: Nonadditivity.NoncommutativeCS.Contraction.identity.sizeOf_spec
Checked theorem: Nonadditivity.PolynomialReduction.Polynomial.errorCost.eq_2
Checked theorem: Nonadditivity.GaussianNormalization.normalized_isometry
Checked theorem: Nonadditivity.HaarCoefficientBounds.regular_adjoint_coefficient_energy_le
Checked theorem: Nonadditivity.HaarPathColorRelabel.source_kernel_iff_of_color_eq
Checked theorem: Nonadditivity.Weyl.density_conjugation_zero
Checked theorem: Nonadditivity.HaarOperatorPathBridge.refinedCoefficientSum_eq_palette
Checked theorem: Nonadditivity.TensorPartitionReduction.errorCost.congr_simp
Checked theorem: Nonadditivity.NoncommutativeCS.EndpointSkeleton.singletonWeight_chain_labels
Checked theorem: Nonadditivity.QuantumCoding.Projection.trajectory.eq_1
Checked theorem: Nonadditivity.HaarPathProfiles.encode_injective
Checked theorem: Nonadditivity.HaarHybridMoments.continuous_partial_regularEval
Checked theorem: Nonadditivity.QuantumCodingContinuity.traceDistance_le_hsNorm_of_gram
Checked theorem: Nonadditivity.HaarPathGraph.Path.namedPath_edgeAt_eq_iff
Checked theorem: Nonadditivity.eventually_exists_kappa_norm_certificate._simp_1_6
Checked theorem: Nonadditivity.HaarMatchingFibers.fiberEquiv._proof_5
Checked theorem: Nonadditivity.Operational.CodeSequence.success_le_input_exponential
Checked theorem: _private.Nonadditivity.OperationalStrongConverse.0.Nonadditivity.Operational.CodeSequence.success_tendsto_zero_of_exponential_bound
Checked theorem: Nonadditivity.BellOutput.normalizedBellVector.eq_1
Checked theorem: Nonadditivity.HaarTensorConstants.momentMultiplier_root_eq_exp._simp_1_8
Checked theorem: Nonadditivity.HaarPathClasses.SamePattern.dartPerm_mem_iff
Checked theorem: Nonadditivity.BlockScalars.amplification_gt_one
Checked theorem: Nonadditivity.GeneralBell.mul_log_lower._simp_1_6
Checked theorem: Nonadditivity.QuantumCoding.ProjectiveTest.filtered_raw_error_bound
Checked theorem: _private.Nonadditivity.FreeEmbedding.0.Nonadditivity.FreeEmbedding.Covering.edgeIndex._proof_1
Checked theorem: Nonadditivity.Operational.blockedIndex.eq_2
Checked theorem: Nonadditivity.HaarPathGraph.Path.namedPath_importantTimes._simp_1_2
Checked theorem: Nonadditivity.HaarPathGraph.Path.ChainColoring.ext_iff
Checked theorem: Nonadditivity.HaarTensorConstants.replacementMultiplier_nonneg
Checked theorem: Nonadditivity.ActualConsequences.FiniteQuantumChannel.classicalCapacity_nonneg
Checked theorem: Nonadditivity.BellOutput.pairedChannel_bell_eq_merged._simp_1_5
Checked theorem: Nonadditivity.NoncommutativeCS.row._proof_4
Checked theorem: Nonadditivity.FreeBridge.reindexedFreeNorm_le
Checked theorem: Nonadditivity.HaarProfileAssignmentBound.exists_invalid_of_not_mem_range
Checked theorem: Nonadditivity.QuantumCodingTypicality.wordSum_variance
Checked theorem: Nonadditivity.HaarPathGraph.Path.card_coreDarts_eq_sum
Checked theorem: Nonadditivity.QuantumCodingContinuity.negativeJordanState.eq_1
Checked theorem: Nonadditivity.HaarMatchingSharp.residualCount.congr_simp
Checked theorem: Nonadditivity.WordBallReduction.errorCost_product
Checked theorem: Nonadditivity.FiniteSetFactorization.theta_eq_modulus_sum_norm
Checked theorem: Nonadditivity.StructuredLinearization.fullError_pos
Checked theorem: Nonadditivity.HaarPathExplorationCounterexample.defect_twice
Checked theorem: Nonadditivity.HaarFourthMoments.rotationCoefficient_norm_four
Checked theorem: Nonadditivity.HaarPathWeights.pathEntries_length
Checked theorem: Nonadditivity.exists_symmetric_unitSphereNet_containing
Checked theorem: Nonadditivity.RegularShiftedDilation.grading._proof_26
Checked theorem: Nonadditivity.QuantumCoding.exp_negative_blocklength_tendsto._simp_1_1
Checked theorem: Nonadditivity.NoncommutativeCS.EndpointSkeleton.mem_singletonLabels_iff_count_eq_one_not_initial._simp_1_8
Checked theorem: Nonadditivity.CollinsYounProduct.constant_normalization._simp_1_6
Checked theorem: Nonadditivity.HaarPathClasses.SamePattern.dartPerm_traversal
Checked theorem: Nonadditivity.Operational.achievableRates_bddAbove
Checked theorem: Nonadditivity.HaarMatchingCount.card_agreementMatching_le
Checked theorem: Nonadditivity.HaarProfileCompositionBound.ofFn_duration_succ._proof_1_1
Checked theorem: Nonadditivity.HaarPermutationSupport.card_distance_layer_le
Checked theorem: Nonadditivity.GaussianRectangular.quadraticOperator._proof_4
Checked theorem: Nonadditivity.Channels.KrausChannel.emptyTensorChannel_output
Checked theorem: Nonadditivity.ProductHaagerupBall.polynomial_norm_sq_le
Checked theorem: _private.Nonadditivity.HaarProfilePatternBound.0.Nonadditivity.HaarProfilePatternBound.blockFactor.match_1.eq_1
Checked theorem: Nonadditivity.Scalar.log2.eq_1
Checked theorem: Nonadditivity.BellOutput.bellState._proof_2
Checked theorem: Nonadditivity.FiniteMomentMatching.regularEval._proof_4
Checked theorem: Nonadditivity.HaarWordExpansion.finiteEval_ofPolynomial
Checked theorem: _private.Nonadditivity.HaarMarkedCompositions.0.Nonadditivity.HaarMarkedCompositions.markedProduct.match_1.eq_2
Checked theorem: Nonadditivity.HaarPathWeights.signedProduct.eq_1
Checked theorem: Nonadditivity.Quantitative.moment_parameter_inverse_bound._proof_1_1
Checked theorem: Nonadditivity.UniversalShiftedDilation.dilation.congr_simp
Checked theorem: Nonadditivity.SmallEnvironment.shannon_le_log_card_sub_one
Checked theorem: Nonadditivity.HaarPathGraph.Path.edgeList_length
Checked theorem: Nonadditivity.HaarPathGraph.Path.toCore_head_mem
Checked theorem: Nonadditivity.HaarColumnMoments.coeff_linear_pow_two._simp_1_3
Checked theorem: Nonadditivity.HaarPathGraph.Path.reverse_traversal_mem
Checked theorem: Nonadditivity.WeylPowers.positivePairEquiv_succ_apply
Checked theorem: Nonadditivity.HaarMomentConstants.sum_refinedClass_products_le._simp_1_2
Checked theorem: Nonadditivity.GaussianQuadratic.measure_abs_quadratic_ge_le._simp_1_1
Checked theorem: Nonadditivity.HolevoBits.exists_block_channels_bits
Checked theorem: Nonadditivity.RegularFactorization.term_one
Checked theorem: Nonadditivity.CollinsYounProduct.zero_factor_traceless
Checked theorem: Nonadditivity.QuantumCoding.achievableRate_of_finite_codes
Checked theorem: Nonadditivity.HaarPathGraph.Path.nextImportant_is_important
Checked theorem: Nonadditivity.NoncommutativeCS.AssignmentProgram.cost.congr_simp
Checked theorem: Nonadditivity.HaarMoments.sum_entry_product
Checked theorem: Nonadditivity.QuantumCoding.packingError_tendsto_zero
Checked theorem: Nonadditivity.RegularizedHolevo.normalizedPowerHolevo_le
Checked theorem: Nonadditivity.BellOutput.diagonalEquiv._proof_3
Checked theorem: Nonadditivity.HaarPathInvolution.twice_card_pairs
Checked theorem: Nonadditivity.FiniteSetFactorization.paddedPolynomial_eq._simp_1_1
Checked theorem: Nonadditivity.Quantitative.haar_error_bound
Checked theorem: Nonadditivity.ProductPolynomialReduction.degree.eq_1
Checked theorem: Nonadditivity.FiniteSetFactorization.evaluate.eq_1
Checked theorem: Nonadditivity.HaarPathGraph.Path.named_old_tree_reconstruction._proof_1
Checked theorem: Nonadditivity.NoncommutativeCS.EndpointSkeleton.decorate_cost_le
Checked theorem: Nonadditivity.HaarPathProfiles.Profile.ext
Checked theorem: Nonadditivity.HaarPathGraph.Path.positionEquiv_symm_reverse
Checked theorem: Nonadditivity.WeightedBellScalar.weights_sum
Checked theorem: Nonadditivity.HaarIteratedMoments.canonicalMoment_eq_iteratedMoment
Checked theorem: Nonadditivity.InitialNetReduction.finiteFactor_gram._simp_1_5
Checked theorem: Nonadditivity.EntropyMixtures.densityMatrix_mixture_entropy_concave
Checked theorem: Nonadditivity.ActualConsequences.exists_actual_separating_channel
Checked theorem: Nonadditivity.SpectralDamping.spectral_mul._simp_1_2
Checked theorem: Nonadditivity.HaarWeingartenInverse.weighted_row_sum_le
Checked theorem: Nonadditivity.Operational.oneMessage._proof_2
Checked theorem: Nonadditivity.HaarPathClasses.sparseCodeWeight_nonneg
Checked theorem: Nonadditivity.HaarTimeCompositions.sum_succ._proof_1_4
Checked theorem: Nonadditivity.HaarPrescribedDimension.prescribedFamily_gap_liminf
Checked theorem: Nonadditivity.PrescribedTest.exists_prescribed_test._proof_1_2
Checked theorem: Nonadditivity.Weyl.quantity_orbitClosure
Checked theorem: _private.Nonadditivity.NoncommutativeCSAssignments.0.Nonadditivity.NoncommutativeCS.AssignmentProgram.variableCount.match_1.eq_1
Checked theorem: Nonadditivity.NoncommutativeCS.AssignmentProgram.factors.eq_2
Checked theorem: Nonadditivity.HaarMomentExpectation.integral_le_rpow_of_moment_le
Checked theorem: Nonadditivity.MatrixRegularRestriction.extendZero._proof_1
Checked theorem: Nonadditivity.Channels.KrausChannel.map_zero
Checked theorem: Nonadditivity.NetPolynomial.test_norm_le
Checked theorem: Nonadditivity.HaarPathClasses.RefinedPattern.positionPerm._proof_1
Checked theorem: Nonadditivity.HaarPermutationSupport.distanceLayerEquiv._proof_3
Checked theorem: Nonadditivity.Operational.POVM.ignoreRight_probability
Checked theorem: Nonadditivity.CollinsYounProduct.diagonalSum_trace
Checked theorem: Nonadditivity.HaarHybridMoments.termLinear._proof_2
Checked theorem: Nonadditivity.DampedPositivity.converted_damped_block_holevoBits_pos._proof_1_2
Checked theorem: Nonadditivity.ActualConsequences.exists_actual_separating_channel_positive._proof_1_1
Checked theorem: Nonadditivity.QuantumCodingContinuity.jordanPositive.eq_1
Checked theorem: Nonadditivity.QuadraticNet.exists_complex_input_net
Checked theorem: Nonadditivity.WeightedBellScalar.perturbedWeights_sum_sq._proof_1_1
Checked theorem: Nonadditivity.ProductPolynomialReduction.errorCost_pos
Checked theorem: Nonadditivity.HaarPathMultiplicity.singletonEdges.eq_1
Checked theorem: Nonadditivity.ProductHaagerupBall.polynomial._proof_1
Checked theorem: Nonadditivity.FreeEmbedding.Covering.shortEmbedding_injective
Checked theorem: Nonadditivity.ShiftNorm.orbitSegment._proof_1
Checked theorem: Nonadditivity.HaarPathGraph.Path.mk.injEq
Checked theorem: Nonadditivity.Entropy.shannon_le_log_card._simp_1_7
Checked theorem: Nonadditivity.NoncommutativeCS.sum_comp_diagonal_norm_le
Checked theorem: Nonadditivity.GaussianScalar.exists_parameter
Checked theorem: Nonadditivity.NoncommutativeCS.EndpointSkeleton.closed_singletonLabels_toFinset
Checked theorem: Nonadditivity.HaarPathClasses.outgoingCode.eq_1
Checked theorem: Nonadditivity.HaarPathGraph.Path.card_chainProfileAssignments_le
Checked theorem: Nonadditivity.PositiveHolevo.twoMergedWeights.eq_1
Checked theorem: Nonadditivity.Channels.KrausChannel.holevoBits._proof_1
Checked theorem: Nonadditivity.HaarIteratedMoments.tensorChainEquiv.eq_1
Checked theorem: Nonadditivity.NoncommutativeCS.EndpointSkeleton.profileLabels.eq_3
Checked theorem: Nonadditivity.NetPolynomial.blockDiagonal_isHermitian
Checked theorem: Nonadditivity.Weyl.twirl_sum_eq
Checked theorem: Nonadditivity.HaarMatchingSharp.fiberToLabel._proof_3
Checked theorem: Nonadditivity.HaarMatchingSharp.residualCount_le
Checked theorem: Nonadditivity.HaarPathClasses.RefinedDefectClass.congr_simp
Checked theorem: Nonadditivity.CollinsYounProduct.branchSuccEquiv._proof_1
Checked theorem: Nonadditivity.RegularShiftedDilation.liftStarAlgHom._proof_9
Checked theorem: Nonadditivity.Conversion.converted_holevo_le_of_adjoint_certificate
Checked theorem: Nonadditivity.Channels.KrausChannel.output_entropy_lower_bound_conjugate
Checked theorem: Nonadditivity.ActualConsequences.actual_gap_tendsto_atTop
Checked theorem: Nonadditivity.PrescribedTest.testScale._proof_1
Checked theorem: Nonadditivity.HaarPermutationSupport.code_injective
Checked theorem: Nonadditivity.TensorPartitionReduction.dimensionCost.eq_2
Checked theorem: Nonadditivity.StructuredHaarConsequences.exists_explicit_finite_channel._simp_1_6
Checked theorem: Nonadditivity.CollinsYounTensor.localPolynomial_apply
Checked theorem: Nonadditivity.HaarWordExpansion.normalizedTrace.eq_1
Checked theorem: Nonadditivity.QuantumCodingTypicality.sum_wordProbability._simp_1_2
Checked theorem: Nonadditivity.UniversalFactorization.rectLift_adjoint
Checked theorem: Nonadditivity.HaarPermutationSupport.supportCode._proof_1
Checked theorem: Nonadditivity.Channels.KrausChannel.tensor_shuffle_map
Checked theorem: Nonadditivity.QuantumCodingContinuity.positive_eigenvalues_sum
Checked theorem: Nonadditivity.RegularizedHolevo.positiveTensorIndexNonempty
Checked theorem: Nonadditivity.QuantumCoding.spectralProjector.eq_1
Checked theorem: _private.Nonadditivity.NoncommutativeCSSkeletonDecoration.0.Nonadditivity.NoncommutativeCS.EndpointSkeleton.decorate.match_1.eq_3
Checked theorem: Nonadditivity.CollinsYounProduct.offPolynomialEnergy.eq_1
Checked theorem: Nonadditivity.EntropyMixtures.shannon_mixture_concave
Checked theorem: Nonadditivity.HaarSharpSummation.sum_active_weights_le
Checked theorem: _private.Nonadditivity.NoncommutativeCSSkeletonDecoration.0.Nonadditivity.NoncommutativeCS.EndpointSkeleton.startsMiddle.match_1.eq_2
Checked theorem: Nonadditivity.HaarFiniteFaithfulness.bounded_product_eq_zero_of_finiteEval_eq_zero._simp_1_1
Checked theorem: Nonadditivity.HaarNonbacktracking.killedPolynomial_sum
Checked theorem: Nonadditivity.GaussianNormalization.eigenvalue_lower._simp_1_1
Checked theorem: Nonadditivity.Channels.KrausChannel.controlled_output_entropy_lower
Checked theorem: Nonadditivity.HaarPermutationSupport.card_supportSize_le._simp_1_1
Checked theorem: Nonadditivity.NoncommutativeCS.EndpointTrace.factors.eq_2
Checked theorem: Nonadditivity.QuantumCoding.tensorFamilyBandProjector_acceptance
Checked theorem: Nonadditivity.FiniteFreeModel.partialTranslation._proof_7
Checked theorem: Nonadditivity.Linearization.split_mem_differenceSupport
Checked theorem: Nonadditivity.GaussianChannelBounds.converted_bounds._simp_1_2
Checked theorem: Nonadditivity.Operational.mean_sqrt_le_sqrt_mean._simp_1_4
Checked theorem: Nonadditivity.RegularFactorization.padded_norm
Checked theorem: Nonadditivity.FiniteSetFactorization.polarInsertion.congr_simp
Checked theorem: Nonadditivity.HaarPathGraph.dart.eq_1
Checked theorem: Nonadditivity.HaarPathExpansion.assignmentPath._proof_1
Checked theorem: Nonadditivity.HaarMomentTail.measure_norm_ge_le_trace_moment
Checked theorem: Nonadditivity.HaarProfileCompositionBound.compositionCoefficient_norm_le
Checked theorem: Nonadditivity.GaussianRectangular.pullback_factorization._simp_1_4
Checked theorem: Nonadditivity.HaarPathClasses.normalizedPrefixEq_mono
Checked theorem: Nonadditivity.Scalar.aK_pos
Checked theorem: Nonadditivity.Operational.Code.success_le_dimension_div_messages
Checked theorem: Nonadditivity.CollinsYounTensor.creation_comp_creation_eq_shift
Checked theorem: Nonadditivity.StateEnsembles.density_reindex_symm
Checked theorem: Nonadditivity.WordBallReduction.length_wordLetters
Checked theorem: Nonadditivity.ProductMomentBridge.power_coefficient_energy_le_trace._simp_1_5
Checked theorem: Nonadditivity.Scalar.gap_fraction_identity._simp_1_5
Checked theorem: Nonadditivity.RegularizedHolevo.normalized_fixed_channel_gap_tendsto_zero._simp_1_4
Checked theorem: Nonadditivity.StructuredLinearization.final.eq_1
Checked theorem: _private.Nonadditivity.HaarBranchTimeSum.0.Nonadditivity.HaarNonbacktracking.BranchPlan.retime.match_1.eq_1
Checked theorem: Nonadditivity.HaarProfileBlockCoefficients.block_coefficient_norm_le
Checked theorem: Nonadditivity.CollinsYounTensor.maskFunction._proof_1
Checked theorem: _private.Nonadditivity.NoncommutativeCSBlocks.0.Nonadditivity.NoncommutativeCS.EndpointSkeleton.blocks.match_1.eq_1
Checked theorem: Nonadditivity.DampedBellStability.pure_map_row_energy
Checked theorem: Nonadditivity.CollinsYounTensor.leftRegular_letter_decomposition
Checked theorem: Nonadditivity.ProductHaagerupHomogeneous.coefficientEnergy_nonneg
Checked theorem: Nonadditivity.CollinsYounProduct.constant_normalization._simp_1_2
Checked theorem: Nonadditivity.Entropy.bellWeights_shannon._simp_1_11
Checked theorem: Nonadditivity.HaarFourthMoments.fourthMoment.eq_1
Checked theorem: Nonadditivity.MatrixRegularRestriction.coefficientPolynomial_equiv_norm_eq
Checked theorem: Nonadditivity.HaarOperatorPathBridge.pathEquiv._proof_6
Checked theorem: Nonadditivity.HaarTimeCompositions.sum_of_mem._simp_1_4
Checked theorem: Nonadditivity.HaarPathGraph.Path.ChainColoring.ext
Checked theorem: Nonadditivity.StructuredCostBounds.initialFactor._proof_1
Checked theorem: Nonadditivity.HaarInvariantTensor.gram_apply_self
Checked theorem: Nonadditivity.FiniteSetFactorization.factorPolynomial_norm_sq
Checked theorem: Nonadditivity.FiniteSetFactorization.factorPolynomial_gram._simp_1_1
Checked theorem: Nonadditivity.HaarWeingartenCycles.card_cycles_support_le._proof_1_1
Checked theorem: Nonadditivity.HaarFiniteFaithfulness.blockTrace_sum._simp_1_2
Checked theorem: Nonadditivity.UniversalShiftedDilation.dilation._proof_1
Checked theorem: Nonadditivity.HaarInvariantTensor.contractions_row_mulVec
Checked theorem: Nonadditivity.HaarPathClasses.normalColor_after_firstVisit
Checked theorem: Nonadditivity.WordBallReduction.stage_error_transfer._simp_1_7
Checked theorem: Nonadditivity.QuantumCoding.unitaryDiagonal_posSemidef
Checked theorem: Nonadditivity.HaarNonbacktracking.BranchPlan.closeReg.congr_simp
Checked theorem: Nonadditivity.HaarPathClasses.incidenceRank_injective._proof_1_3
Checked theorem: _private.Nonadditivity.FreeEmbedding.0.Nonadditivity.FreeEmbedding.Covering.child_injective
Checked theorem: Nonadditivity.NoncommutativeCS.EndpointSkeleton.closed_singletonLabels_toFinset._simp_1_1
Checked theorem: Nonadditivity.RegularShiftedDilation.liftStarAlgHom._proof_10
Checked theorem: Nonadditivity.NoncommutativeCS.EndpointTrace.compile.eq_def
Checked theorem: Nonadditivity.FiniteBlockModel.tensorRepresentation.eq_def
Checked theorem: Nonadditivity.GaussianQuadratic.neg_log_one_sub_le
Checked theorem: Nonadditivity.HaarPathClasses.outgoingMark_of_code_eq
Checked theorem: Nonadditivity.ProductMomentBridge.radius_one
Checked theorem: _private.Nonadditivity.NoncommutativeCSEndpointSkeleton.0.Nonadditivity.NoncommutativeCS.EndpointSkeleton.word.match_1.eq_2
Checked theorem: Nonadditivity.FiniteFreeModel.model_mk_base
Checked theorem: Nonadditivity.Operational.mean_sqrt_le_sqrt_mean._simp_1_2
Checked theorem: Nonadditivity.ProductPolynomialReduction.evaluate_localWord
Checked theorem: Nonadditivity.NoncommutativeCS.EndpointSkeleton.word.eq_5
Checked theorem: Nonadditivity.FreeModel.branchWord.eq_1
Checked theorem: Nonadditivity.Operational.CodeSequence.messages_pos
Checked theorem: Nonadditivity.HaarProfileCoefficient.returningCoefficients._proof_1
Checked theorem: Nonadditivity.HaarMarkedCompositions.markedProduct_le
Checked theorem: Nonadditivity.HaarNonbacktracking.killed_wordCoefficient_norm_le
Checked theorem: Nonadditivity.HaarPathClasses.normalized_initial_fresh_run._proof_1_1
Checked theorem: Nonadditivity.normalized_norm_bound
Checked theorem: Nonadditivity.ProductHaagerupWords.annihilateWord.eq_1
Checked theorem: Nonadditivity.HaarFourthMoments.column_sum_norm_sq._simp_1_1
Checked theorem: Nonadditivity.HaarPathClasses.normalized_initial_fresh_run._proof_1_2
Checked theorem: Nonadditivity.Operational.operationalCapacity_eq_regularizedHolevoSupremum
Checked theorem: Nonadditivity.NetPolynomial.netNegationEquiv._proof_1
Checked theorem: Nonadditivity.HaarPathGraph.Path.ChainColoring.color_eq_of_source_core
Checked theorem: Nonadditivity.OneBlockRealization.exists_one_block_bounds
Checked theorem: Nonadditivity.Conversion.weyl_tensor_holevo_lower
Checked theorem: Nonadditivity.HaarHybridMoments.replacement_norm_moment_le
Checked theorem: Nonadditivity.NoncommutativeCS.AssignmentProgram.sum_products_norm_le
Checked theorem: Nonadditivity.RegularFubini.curry_leftRegular
Checked theorem: Nonadditivity.FreeBridge.hsLength_submatrix_equiv
Checked theorem: Nonadditivity.HaarFiniteFaithfulness.probe_finiteEval
Checked theorem: Nonadditivity.QuantumCoding.tensorFamilyMatrix_star
Checked theorem: Nonadditivity.RegularFactorization.liftFunction_norm_le
Checked theorem: Nonadditivity.HaarMixedMoments.integral_eq_zero_of_row_phase._proof_1_3
Checked theorem: Nonadditivity.HaarPathGraph.Path.labelEdges_card
Checked theorem: Nonadditivity.HaarPathGraph.Path.representative._proof_1
Checked theorem: Nonadditivity.HaarPathGraph.Path.earlier_occurrence
Checked theorem: Nonadditivity.ObservableDimension.selfAdjoint_matrix_finrank._proof_1_1
Checked theorem: Nonadditivity.HaarWeingartenCounting.fixedZeroEquiv._proof_3
Checked theorem: Nonadditivity.HaarPathClasses.normalizedPrefixEq_zero
Checked theorem: Nonadditivity.QuantumCoding.spectralProjector_complement._simp_1_2
Checked theorem: Nonadditivity.HaarPathClasses.chainOrbit.eq_1
Checked theorem: Nonadditivity.HaarPathRuns.two_edge_run_counterexample
Checked theorem: Nonadditivity.FiniteSetFactorization.polynomial_decompose
Checked theorem: Nonadditivity.HaarPathGraph.Path.important_add_tree_visits
Checked theorem: Nonadditivity.HaarWeingartenCounting.fixedZeroEquiv._proof_1
Checked theorem: Nonadditivity.CollinsYoun.mixed._proof_2
Checked theorem: Nonadditivity.Operational.CodeSequence.hasRate_le_log_input_dimension
Checked theorem: Nonadditivity.ShortEmbeddingNorm.productLogarithmicEmbedding._proof_2
Checked theorem: Nonadditivity.QuantumCodingTypicality.wordSum_concentration._simp_1_1
Checked theorem: Nonadditivity.Operational.CodeSequence.rate_le_normalizedPowerHolevo_add_correction._simp_1_5
Checked theorem: _private.Nonadditivity.HaarAveraging.0.Nonadditivity.HaarAveraging.tensorPower.match_1.eq_1
Checked theorem: Nonadditivity.CollinsYounProduct.polynomial.eq_1
Checked theorem: Nonadditivity.HaarMatchingSharp.twice_residualCount_le
Checked theorem: Nonadditivity.UpperHaarRealization.exists_one_block_ratio._simp_1_6
Checked theorem: Nonadditivity.NoncommutativeCS.Contraction.cost.eq_4
Checked theorem: Nonadditivity.HaarPathExplorationCounterexample.path._proof_3
Checked theorem: Nonadditivity.RegularFactorization.term.eq_1
Checked theorem: Nonadditivity.NetPolynomialSupport.collected_finite_eq
Checked theorem: Nonadditivity.QuantumCoding.expMessages_lower
Checked theorem: Nonadditivity.HaarPathGraph.Path.twice_vertices_le_length_add_singletons
Checked theorem: Nonadditivity.PositiveHolevo.block_converted_holevo_lower
Checked theorem: Nonadditivity.HaarInvariantTensor.norm_gram_apply_le_of_ne
Checked theorem: Nonadditivity.HaarPathGraph.Path.oldTreeSegment.congr_simp
Checked theorem: Nonadditivity.NoncommutativeCS.EndpointSkeleton.decorate.eq_def
Checked theorem: _private.Nonadditivity.HaarBranchTimeSum.0.Nonadditivity.HaarNonbacktracking.BranchPlan.blocks.match_1.eq_1
Checked theorem: Nonadditivity.WeightedPositivity.tensorChain_repeated_diagonal
Checked theorem: Nonadditivity.ShortEmbeddingNorm.logarithmic_substitution
Checked theorem: Nonadditivity.HaarMoments.integral_entry_product
Checked theorem: Nonadditivity.StateEnsembles.quantity_le_log_dim_sub_minimumEntropy
Checked theorem: Nonadditivity.Operational.CodeSequence.holevoCorrection._proof_2
Checked theorem: Nonadditivity.HaarPathGraph.Path.traversalList.eq_1
Checked theorem: Nonadditivity.UniversalFactorization.term_adjoint._simp_1_2
Checked theorem: Nonadditivity.HaarProfilePatternBound.blockFactor._sparseCasesOn_2.else_eq
Checked theorem: Nonadditivity.RegularFactorization.rectLift._proof_10
Checked theorem: Nonadditivity.CollinsYounTensor.maskLinear._proof_1
Checked theorem: Nonadditivity.Entropy.DensityMatrix.mixture.congr_simp
Checked theorem: Nonadditivity.HaarOperatorPathBridge.colorsOfWord._proof_1
Checked theorem: Nonadditivity.HaarPathGraph.Path.old_segment_adj._proof_1_3
Checked theorem: Nonadditivity.HaarFiniteFaithfulness.blockTrace_kronecker
Checked theorem: Nonadditivity.UniversalFactorization.evaluate._proof_8
Checked theorem: Nonadditivity.TensorPartitionReduction.partWord_split
Checked theorem: Nonadditivity.QuantumCodingContinuity.positiveJordanState._proof_2
Checked theorem: Nonadditivity.Channels.KrausChannel.switch.eq_1
Checked theorem: Nonadditivity.HaarColumnMoments.mixed_self
Checked theorem: Nonadditivity.Channels.inputWeight_sum
Checked theorem: Nonadditivity.HaarPathClasses.SamePattern.firstVisit_iff
Checked theorem: Nonadditivity.Entropy.shannon_product._simp_1_2
Checked theorem: Nonadditivity.Entropy.DensityMatrix.trace_square_eq_purity
Checked theorem: Nonadditivity.InitialNetReduction.finiteEval.eq_1
Checked theorem: Nonadditivity.HaarPathGraph.Path.chainReindex_fixed_core
Checked theorem: Nonadditivity.HaarPermutationSupport.distance_symm
Checked theorem: Nonadditivity.NoncommutativeCS.Contraction.closeReg.injEq
Checked theorem: Nonadditivity.NoncommutativeCS.AssignmentProgram.cost.eq_def
Checked theorem: Nonadditivity.CollinsYounTensor.maskLinear.eq_1
Checked theorem: Nonadditivity.HaarPrescribedDimension.prescribedFamily_regularizedGain_tendsto_atTop
Checked theorem: Nonadditivity.FreeModel.c_pos._proof_1_2
Checked theorem: Nonadditivity.HaarPathExplorationCounterexample.balanced_counts
Checked theorem: Nonadditivity.HaarMoments.integral_entry_product_of_ne
Checked theorem: Nonadditivity.DampedBellStability.retainedBellOutput.eq_1
Checked theorem: Nonadditivity.NoncommutativeCS.Contraction.operator.eq_def
Checked theorem: Nonadditivity.HaarPathGraph.Path.vertexAt._proof_2
Checked theorem: Nonadditivity.HaarPathGraph.Path.coreChainProfile_first
Checked theorem: Nonadditivity.Channels.KrausChannel.stinespring_partialTrace_environment
Checked theorem: Nonadditivity.HolevoBits.natural_upper_to_bits._simp_1_3
Checked theorem: Nonadditivity.HaarSharpPathWeight.strong_path_moment_dimension._proof_1_1
Checked theorem: Nonadditivity.HaarPathClasses.outgoingCode_none_iff
Checked theorem: Nonadditivity.HaarPathRecoloring.recolorPath.congr_simp
Checked theorem: Nonadditivity.FreeCreation.flip_flip
Checked theorem: Nonadditivity.PolynomialReduction.Polynomial.halve._proof_1
Checked theorem: Nonadditivity.ProductHaagerupReindex.groupEquiv._proof_2
Checked theorem: Nonadditivity.DampedRealization.exists_moment_order
Checked theorem: Nonadditivity.BlockScalars.log_purity_factor_le
Checked theorem: Nonadditivity.HaarWeingartenCounting.fixedSuccEquiv._proof_2
Checked theorem: Nonadditivity.HaarPathClasses.SamePattern.incidenceDart_eq_iff._simp_1_2
Checked theorem: Nonadditivity.HaarRefinedVertexFibre.card_vertexLabels_le
Checked theorem: _private.Nonadditivity.WeylPowersTwirl.0.Nonadditivity.WeylPowersTwirl.family_entry_moment
Checked theorem: Nonadditivity.QuantumCodingContinuity.spectralMatrix_positive
Checked theorem: Nonadditivity.HaarFiniteFaithfulness.blockTrace_kronecker._simp_1_2
Checked theorem: Nonadditivity.Asymptotics.blockLength_pos._proof_1_1
Checked theorem: Nonadditivity.HaarNonbacktracking.BranchPlan.timeSum_norm_le_graph_budget._proof_1_1
Checked theorem: Nonadditivity.Conversion.converted_input_dimension
Checked theorem: Nonadditivity.WeylTensor.uniform_average_eq_weighted_sum
Checked theorem: Nonadditivity.HaarPathGraph.Path.refinedChainWord._proof_4
Checked theorem: Nonadditivity.HaarOperatorPathBridge.pathWeight_eq_zero_of_not_even
Checked theorem: Nonadditivity.RegularDilation.rightSlice_embedRight
Checked theorem: Nonadditivity.RegularRestriction.productFreeInclusion._proof_1
Checked theorem: Nonadditivity.BlockConstruction.blockOutputEquiv.congr_simp
Checked theorem: Nonadditivity.QuantumCodingContinuity.traceDistance.eq_1
Checked theorem: Nonadditivity.InitialNetReduction.coefficient._proof_8
Checked theorem: Nonadditivity.HaarConsequences.exists_small_chi_large_regularized_gain
Checked theorem: Nonadditivity.Probability.favorable_realization
Checked theorem: Nonadditivity.QuantumCoding.tensorTypicalProjector_compression_le
Checked theorem: Nonadditivity.Operational.uniformInformation_le_add_of_traceDistance._simp_1_2
Checked theorem: Nonadditivity.InitialNetReduction.coefficient._proof_2
Checked theorem: Nonadditivity.Linearization.norm_sum_sq_le_card_sum_sq
Checked theorem: Nonadditivity.GaussianRectangular.quadraticOperator_trace._simp_1_6
Checked theorem: Nonadditivity.StructuredCostBounds.geometric_sum_le._simp_1_2
Checked theorem: Nonadditivity.ShortEmbeddingNorm.productLogarithmicEmbedding_total_norm_le
Checked theorem: Nonadditivity.TensorPartitionReduction.dimensionCost_pos
Checked theorem: Nonadditivity.QuantumCoding.exp_negative_blocklength_tendsto
Checked theorem: Nonadditivity.Operational.achievableRate_le_log_output_dimension
Checked theorem: Nonadditivity.Operational.POVM.sqrtEffect_gram
Checked theorem: Nonadditivity.RegularFactorization.term_identity
Checked theorem: Nonadditivity.QuantumCoding.Sampling.expect_product
Checked theorem: Nonadditivity.NoncommutativeCS.AssignmentProgram.closeReg.sizeOf_spec
Checked theorem: Nonadditivity.HaarPathGraph.Path.labelEdges.eq_1
Checked theorem: Nonadditivity.Channels.KrausChannel.conjugate_output
Checked theorem: Nonadditivity.HaarPathGraph.Path.twice_coreEdgeBudget_le._proof_1_1
Checked theorem: Nonadditivity.HaarPathGraph.Path.instFintype._proof_1
Checked theorem: Nonadditivity.SpectralDamping.spectral_sub
Checked theorem: Nonadditivity.RegularRestriction.cosetSlice_regularPolynomial
Checked theorem: Nonadditivity.Linearization.modulus_sum_norm_le_sqrt_card
Checked theorem: Nonadditivity.NoncommutativeCS.splitRegister._proof_1
Checked theorem: Nonadditivity.FiniteMomentMatching.branch_pair_length_le
Checked theorem: Nonadditivity.CollinsYoun.offDiagonal.eq_1
Checked theorem: _private.Nonadditivity.HaarIteratedMoments.0.Nonadditivity.HaarIteratedMoments.iteratedMoment.match_1.eq_1
Checked theorem: Nonadditivity.WeylPowersTwirl.twirl_sum_eq
Checked theorem: Nonadditivity.Holevo.Ensemble.mk.injEq
Checked theorem: Nonadditivity.ProductHaagerupHomogeneous.splitEquiv._proof_5
Checked theorem: Nonadditivity.HaarProfileCoefficient.returningCoefficients_eq_firstStep
Checked theorem: Nonadditivity.ShortEmbeddingNorm.gammaShort._proof_4
Checked theorem: Nonadditivity.InitialNetReduction.norm_freeGroup_map_le
Checked theorem: Nonadditivity.HaarNonbacktracking.killed_coefficient_row_norm_le
Checked theorem: Nonadditivity.RegularizedHolevo.normalized_fixed_channel_gap_tendsto_zero._simp_1_3
Checked theorem: Nonadditivity.HaarPathWeights.norm_sample_pathProduct_integral_le
Checked theorem: Nonadditivity.QuantumCodingConditionalTypicality.conditionalWord_nonneg
Checked theorem: Nonadditivity.HaarPathClasses.prefixSamePattern_full._proof_1_1
Checked theorem: Nonadditivity.BlockConstruction.blockChannel._proof_1
Checked theorem: Nonadditivity.RegularShiftedDilation.norm_mem_dilation_spectrum
Checked theorem: Nonadditivity.Weyl.uniform_average_eq._simp_1_4
Checked theorem: Nonadditivity.Entropy.emptyTensorState._proof_2
Checked theorem: Nonadditivity.HaarPathWeights.mul_rowPermutation_entry
Checked theorem: Nonadditivity.NoncommutativeCS.AssignmentProgram.cost.eq_2
Checked theorem: Nonadditivity.HaarPathWeights.columnCount_negative_pathEntries
Checked theorem: Nonadditivity.StructuredHaarModel.tensorRepresentation._proof_2
Checked theorem: Nonadditivity.HaarPathVertexFibre.sum_fibre_colors
Checked theorem: Nonadditivity.HaarColumnMoments.coeff_linear_pow_two._proof_1_1
Checked theorem: Nonadditivity.HaarVacuumFunctional.operatorLengthContribution._proof_2
Checked theorem: Nonadditivity.HaarPathGraph.Path.twice_card_unorientedChains_le_defect
Checked theorem: Nonadditivity.HaarPermutationSupport.distanceLayerEquiv._proof_5
Checked theorem: Nonadditivity.NetPolynomial.embed.eq_1
Checked theorem: Nonadditivity.Scalar.aK._proof_1
Checked theorem: Nonadditivity.Entropy.DensityMatrix.entropy_eq_shannon_of_diagonalization
Checked theorem: Nonadditivity.InitialNetReduction.gramMatrix.eq_1
Checked theorem: Nonadditivity.HaarPathGraph.Path.ofFn_flip_rev
Checked theorem: Nonadditivity.StateEnsembles.Ensemble.reindex_information
Checked theorem: Nonadditivity.ProductMomentBridge.functionGroupHom._proof_2
Checked theorem: Nonadditivity.HaarOperatorPathBridge.norm_normalized_pathOperatorSum_le_of_coefficient_bound
Checked theorem: Nonadditivity.PrescribedCost.growingFamily_chi_input_cost_bounds._simp_1_5
Checked theorem: Nonadditivity.InitialNetReduction.shortWord_norm_le
Checked theorem: Nonadditivity.PrescribedTest.test_hsLength
Checked theorem: Nonadditivity.Linearization.right_isometry_mul_norm
Checked theorem: Nonadditivity.HaarColumnMoments.coeff_linear_pow_one
Checked theorem: Nonadditivity.NoncommutativeCS.swap._proof_9
Checked theorem: Nonadditivity.HaarPathGraph.Path.representative_mem
Checked theorem: _private.Nonadditivity.NoncommutativeCSBlocks.0.Nonadditivity.NoncommutativeCS.EndpointSkeleton.blocks.match_1.eq_5
Checked theorem: _private.Nonadditivity.NoncommutativeCSMemory.0.Nonadditivity.NoncommutativeCS.Contraction.evaluate.match_1.eq_2
Checked theorem: Nonadditivity.HaarPathClasses.matchingIncidences.eq_1
Checked theorem: Nonadditivity.HaarPathGraph.Path.firstVisit_next
Checked theorem: Nonadditivity.Quantitative.moment_parameter_inverse_bound
Checked theorem: Nonadditivity.NoncommutativeCS.EndpointTrace.markedFlags.eq_5
Checked theorem: Nonadditivity.HaarPathGraph.Path.ChainColoring.value_step
Checked theorem: Nonadditivity.ActualConsequences.FiniteQuantumChannel.mk.sizeOf_spec
Checked theorem: Nonadditivity.TensorPartitionReduction.dimensionCost.eq_def
Checked theorem: Nonadditivity.DampedBellStability.posSemidef_entry_norm_le_trace
Checked theorem: Nonadditivity.QuantumCodingContinuity.traceDistance_le_one._simp_1_1
Checked theorem: Nonadditivity.Channels.KrausChannel.complete
Checked theorem: Nonadditivity.HaarPrescribedDimension.prescribed_polynomial_favorable_probability
Checked theorem: Nonadditivity.CollinsYounOne.oneMatrix_trace
Checked theorem: Nonadditivity.QuantitativeNet.exists_symmetric_unitSphereNet_containing
Checked theorem: Nonadditivity.StructuredCostBounds.coefficientBound_log
Checked theorem: Nonadditivity.UniversalShiftedDilation.grading._proof_1
Checked theorem: Nonadditivity.HaarOperatorPolynomial.firstStep._proof_1
Checked theorem: Nonadditivity.HaarPathGraph.Path.reverseProfileWord._proof_1
Checked theorem: Nonadditivity.HaarPathGraph.Path.firstVisit_not_last
Checked theorem: Nonadditivity.WeightedBellScalar.exists_perturbation_parameter
Checked theorem: Nonadditivity.HaarWordExpansion.coefficient_power_energy
Checked theorem: Nonadditivity.EntropyContinuity.diagonal_mem_Icc
Checked theorem: Nonadditivity.NoncommutativeCS.AssignmentProgram.coefficient_eq_product
Checked theorem: Nonadditivity.Linearization.hermitianDilation.eq_1
Checked theorem: Nonadditivity.HaarPathGraph.Path.refinedChainWord._proof_3
Checked theorem: Nonadditivity.Holevo.Ensemble.weight_nonneg
Checked theorem: Nonadditivity.WeightedBlock.outputScale.eq_1
Checked theorem: Nonadditivity.StructuredHaarModel.sampleRepresentation_branchWord
Checked theorem: Nonadditivity.HaarModel.haar._proof_1
Checked theorem: Nonadditivity.HaarOperatorPathBridge.colorsOfWord_word._proof_1_1
Checked theorem: Nonadditivity.HaarOperatorPolynomial.wordHom._proof_1
Checked theorem: Nonadditivity.RegularFubini.coefficientPolynomial_norm_le_diagonal_offDiagonal
Checked theorem: Nonadditivity.RegularFubini.curryIsometry._proof_3
Checked theorem: Nonadditivity.HaarPathWeights.listMonomial_eq_entryMonomial
Checked theorem: Nonadditivity.PrescribedCost.scalarInputQubits_div_sq_tendsto
Checked theorem: Nonadditivity.HaarPathClasses.explorationEventList._proof_3
Checked theorem: Nonadditivity.HaarTensorReplacement.kronecker_punit_one_norm
Checked theorem: Nonadditivity.HaarWeingartenCycles.fixedTupleEquiv._proof_5
Checked theorem: Nonadditivity.QuantumCodingConditionalTypicality.log_conditionalWord
Checked theorem: Nonadditivity.NetPolynomial.netRegularPolynomial_norm_le
Checked theorem: Nonadditivity.RegularFactorization.evaluate_sum
Checked theorem: Nonadditivity.HaarMomentConstants.strong_square_root_lower
Checked theorem: Nonadditivity.HaarInvariantTensor.sum_row_products
Checked theorem: _private.Nonadditivity.HaarBranchTimeSum.0.Nonadditivity.HaarNonbacktracking.BranchPlan.blocks.match_1.eq_6
Checked theorem: Nonadditivity.Entropy.bellWeights_nonneg
Checked theorem: Nonadditivity.Quantitative.final_log_comparison
Checked theorem: Nonadditivity.Scalar.purity_inflation
Checked theorem: Nonadditivity.HaarWeingartenCounting.card_fixed_succ
Checked theorem: Nonadditivity.Asymptotics.output_normalized_gap_liminf._simp_1_1
Checked theorem: Nonadditivity.Weyl.uniformWeight_nonneg
Checked theorem: Nonadditivity.HaarPathClasses.singletonEdges_map_card
Checked theorem: Nonadditivity.ProductHaagerupProduct.RadiusLe.eq_def
Checked theorem: Nonadditivity.QuantumCoding.expMessages_rate_lower
Checked theorem: Nonadditivity.QuantumCodingContinuity.vonNeumann_traceDistance_bound_uniform
Checked theorem: Nonadditivity.Linearization.coefficient_energy_le_of_gram_norm
Checked theorem: Nonadditivity.FiniteSetFactorization.theta.congr_simp
Checked theorem: Nonadditivity.MatrixRegularRestriction.extendZero_apply_image
Checked theorem: Nonadditivity.QuantumCoding.typicalProjector_trace_bound
Checked theorem: _private.Nonadditivity.GapFractionAsymptotics.0.Nonadditivity.Scalar.log_remainder_bounds._simp_1_4
Checked theorem: Nonadditivity.HaarPathGraph.Path.coreChainReverse_ne_self
Checked theorem: Nonadditivity.HaarPathGraph.Path.card_treeEdges
Checked theorem: Nonadditivity.SmallEnvironment.converted_holevo_pos
Checked theorem: Nonadditivity.FiniteMomentMatching.regularEval_gammaPolynomial
Checked theorem: Nonadditivity.Channels.conditionalInput.congr_simp
Checked theorem: Nonadditivity.RegularFactorization.evaluate._proof_8
Checked theorem: Nonadditivity.HaarPathClasses.classRepresentative_defect
Checked theorem: Nonadditivity.HaarRefinedVertexFibre.fibreEquiv._proof_8
Checked theorem: Nonadditivity.Linearization.backward_error_chain
Checked theorem: Nonadditivity.InitialNetReduction.regularEval_norm_sq
Checked theorem: Nonadditivity.WordBallReduction.stage.eq_def
Checked theorem: Nonadditivity.HaarOperatorPathBridge.pathEquiv._proof_1
Checked theorem: Nonadditivity.NoncommutativeCS.AssignmentProgram.middle.sizeOf_spec
Checked theorem: Nonadditivity.HaarNonbacktracking.coefficient_regularEval
Checked theorem: Nonadditivity.NoncommutativeCS.EndpointTrace.compile_factors
Checked theorem: Nonadditivity.HaarSkeletonSegmentation.reverseFactors_snoc
Checked theorem: Nonadditivity.Entropy.normalizePositive._proof_1
Checked theorem: Nonadditivity.HaarMomentConstants.lengthMajorant._proof_1
Checked theorem: Nonadditivity.FiniteBlockModel.localRepresentation_trace
Checked theorem: Nonadditivity.Asymptotics.regrouping_gap_div_tendsto_zero._simp_1_2
Checked theorem: Nonadditivity.QuantumCoding.Projection.mk.sizeOf_spec
Checked theorem: Nonadditivity.HaarModel.continuous_blockAdjoint
Checked theorem: Nonadditivity.InitialNetReduction.gramMatrix.congr_simp
Checked theorem: Nonadditivity.HaarPathClasses.patternCode_eq_iff._simp_1_2
Checked theorem: Nonadditivity.NoncommutativeCS.EndpointSkeleton.blocks_nonempty
Checked theorem: Nonadditivity.QuantumCoding.spectralProjector_le_one
Checked theorem: Nonadditivity.Entropy.DensityMatrix.purity_eq_inv_dim_add_centered._simp_1_2
Checked theorem: Nonadditivity.FreeModel.leftRegular_preserves_norm
Checked theorem: Nonadditivity.FiniteFreeModel.partialTranslation._proof_10
Checked theorem: Nonadditivity.CollinsYounTensor.mixed_norm_le
Checked theorem: Nonadditivity.PrescribedTest.freeNorm_test_pos._proof_1_1
Checked theorem: Nonadditivity.HaarVacuumFunctional.vacuumFunctional_norm_le
Checked theorem: Nonadditivity.Entropy.DensityMatrix.vonNeumann_lt_log_card_of_ne_maximallyMixed
Checked theorem: Nonadditivity.InitialNetReduction.coefficient._proof_9
Checked theorem: Nonadditivity.Channels.KrausChannel.complementary._proof_1
Checked theorem: Nonadditivity.RegularizedHolevo.positiveTensorPower_holevoBits_superadditive
Checked theorem: Nonadditivity.Linearization.backward_error_chain._proof_1_2
Checked theorem: Nonadditivity.DampedChannel.residualRoot._proof_7
Checked theorem: _private.Nonadditivity.FreeEmbedding.0.Nonadditivity.FreeEmbedding.Covering.path.eq_def
Checked theorem: Nonadditivity.HaarPathGraph.Path.traversal.eq_1
Checked theorem: Nonadditivity.HaarMixedMoments.integral_entry_pow_mul_star_pow_of_ne
Checked theorem: Nonadditivity.WeightedBell.pairedChannel_bell_matrix
Checked theorem: Nonadditivity.HaarPathWeights.rowCount_negative_pathEntries._simp_1_1
Checked theorem: Nonadditivity.StructuredLinearization.dimensionMultiplier.eq_1
Checked theorem: Nonadditivity.HaarPathGraph.Path.ChainColoring.path_vertex
Checked theorem: Nonadditivity.ProductPolynomialReduction.errorCost.eq_1
Checked theorem: Nonadditivity.Main.block_entropy_of_purity
Checked theorem: Nonadditivity.CollinsYoun.local_polynomial_offDiagonal
Checked theorem: Nonadditivity.CollinsYounProduct.diagonalEnergy_nonneg
Checked theorem: Nonadditivity.GeneralBell.mul_log_lower._simp_1_5
Checked theorem: Nonadditivity.QuantumCoding.productInputState.eq_2
Checked theorem: Nonadditivity.PositiveHolevo.twoMergedWeights_sum
Checked theorem: Nonadditivity.Entropy.shannon_lt_log_card_of_not_uniform
Checked theorem: Nonadditivity.UniversalFactorization.evaluate._proof_4
Checked theorem: Nonadditivity.Operational.BlockRates.blockCount_pos
Checked theorem: Nonadditivity.PrescribedTest.core.eq_1
Checked theorem: Nonadditivity.HaarPathClasses.incidenceColor.eq_1
Checked theorem: Nonadditivity.HaarSharpSummation.weight_mono
Checked theorem: Nonadditivity.NoncommutativeCS.EndpointTrace.done.sizeOf_spec
Checked theorem: Nonadditivity.StructuredCostBounds.sum_dyadicCeil_le
Checked theorem: Nonadditivity.HaarNonbacktracking.packet.eq_1
Checked theorem: Nonadditivity.QuantumCodingTypicality.typical_mass_ge._simp_1_6
Checked theorem: Nonadditivity.Operational.POVM.ignoreRight._proof_1
Checked theorem: Nonadditivity.HaarPathGraph.Path.vertexName_root._proof_1_1
Checked theorem: Nonadditivity.HaarAveraging.continuous_mixedTensor
Checked theorem: Nonadditivity.TensorPartitionReduction.dimensionCost.eq_1
Checked theorem: Nonadditivity.FiniteSetFactorization.paddedPolynomial_norm._simp_1_1
Checked theorem: Nonadditivity.PositiveHolevo.uniformUnitary_output_eq_twoMerged._simp_1_3
Checked theorem: Nonadditivity.HaarPathGraph.Path.firstTimes.congr_simp
Checked theorem: Nonadditivity.StateEnsembles.quantity.eq_1
Checked theorem: Nonadditivity.HaarMomentConstants.refinedClassCountMajorant._proof_2
Checked theorem: Nonadditivity.QuantumCoding.tensorFamilyUnitary._proof_1
Checked theorem: Nonadditivity.HaarMoments.rowPermutation._simp_1
Checked theorem: Nonadditivity.HaarPathGraph.Path.degree.congr_simp
Checked theorem: Nonadditivity.Quantitative.explicit_haar_error_bound
Checked theorem: Nonadditivity.Linearization.modulus_apply_norm
Checked theorem: Nonadditivity.HaarVacuumFunctional.vacuumFunctional_smul._simp_1_2
Checked theorem: Nonadditivity.FreeEmbedding.norm_logarithmicEmbedding_of_le
Checked theorem: Nonadditivity.HaarOperatorPathBridge.pairGenerator_eq
Checked theorem: Nonadditivity.HaarPathClasses.SamePattern.dartPerm_reverse
Checked theorem: Nonadditivity.HaarCoefficientBounds.column_adjoint_comp_column
Checked theorem: Nonadditivity.HaarNonbacktracking.BranchPlan.comp.sizeOf_spec
Checked theorem: Nonadditivity.Entropy.DensityMatrix.entropy_eq_of_padded_charpoly
Checked theorem: Nonadditivity.QuantumCoding.trace_gram_eq_sum_column_norm_sq
Checked theorem: Nonadditivity.Operational.POVM.labelBlock.congr_simp
Checked theorem: Nonadditivity.SpectralDamping.abs_le_one_add_even_pow
Checked theorem: Nonadditivity.SpectralDamping.congruence_mono
Checked theorem: Nonadditivity.UpperHaarRealization.eventually_exists_certificate_of_upper_tails._simp_1_2
Checked theorem: Nonadditivity.TensorPartitionReduction.quotient_lt_width
Checked theorem: Nonadditivity.ProductMomentBridge.norm_pow_le_two_card_moment_of_injective._proof_1_2
Checked theorem: Nonadditivity.HaarPathRunCounterexample.violates_uncorrected_run_bound._proof_1_1
Checked theorem: Nonadditivity.NoncommutativeCS.EndpointSkeleton.budget_nonneg
Checked theorem: Nonadditivity.HaarPathGraph.Path.reduced_invRev
Checked theorem: Nonadditivity.CanonicalBlockBell.bellState_entry
Checked theorem: Nonadditivity.HaarMatchingCount.target_unique_of_not_marked._proof_1_2
Checked theorem: Nonadditivity.NoncommutativeCS.Contraction.pathSum_eq_kernel
Checked theorem: Nonadditivity.FiniteSetFactorization.unitaryColumn.congr_simp
Checked theorem: Nonadditivity.HaarPathVertexFibre.fibreEquiv._proof_3
Checked theorem: Nonadditivity.HaarCoefficientBounds.column_norm_sq
Checked theorem: Nonadditivity.RegularDilation.embedRight._proof_1
Checked theorem: Nonadditivity.BlockBell.blockComplementary.congr_simp
Checked theorem: Nonadditivity.kappa_net_certificate
Checked theorem: Nonadditivity.HaarHybridMoments.continuous_partial_vacuumMoment
Checked theorem: Nonadditivity.UniversalFactorization.polynomial_dilation
Checked theorem: Nonadditivity.WordBallReduction.stage_error_transfer._simp_1_9
Checked theorem: Nonadditivity.Channels.KrausChannel.controlled_kraus_apply
Checked theorem: Nonadditivity.ActualConsequences.FiniteQuantumChannel.two_use_gain_le_classical_gain
Checked theorem: Nonadditivity.HaarPathGraph.Path.visitCount_pos
Checked theorem: Nonadditivity.BellOutput.conjugateUnitary.eq_1
Checked theorem: Nonadditivity.GaussianRectangular.quadraticOperator_trace._simp_1_3
Checked theorem: Nonadditivity.RegularShiftedDilation.liftStarAlgHom._proof_2
Checked theorem: Nonadditivity.HaarMomentConstants.local_alpha_le
Checked theorem: Nonadditivity.opNorm_le_of_unitSphereNet
Checked theorem: Nonadditivity.NoncommutativeCS.EndpointSkeleton.Compressed.eq_2
Checked theorem: Nonadditivity.EntropyMixtures.ensembleAmplitude.eq_1
Checked theorem: Nonadditivity.FreeModel.freeNorm.eq_1
Checked theorem: Nonadditivity.Linearization.positive_gram_factorization
Checked theorem: Nonadditivity.HaarWordExpansion.vacuumTrace_pow_re_le
Checked theorem: Nonadditivity.HaarInvariantTensor.matchingMultiplicity_le_sharp
Checked theorem: Nonadditivity.PositiveHolevo.twoMergedWeights._proof_1
Checked theorem: Nonadditivity.Operational.POVM.probability_sum._simp_1_3
Checked theorem: Nonadditivity.HaarPathGraph.Path.namedPath._proof_2
Checked theorem: Nonadditivity.WordBallReduction.stage.eq_1
Checked theorem: Nonadditivity.HaarTensorConstants.sum_stage_dimension
Checked theorem: Nonadditivity.QuantumCodingTypicality.surprisal.eq_1
Checked theorem: Nonadditivity.DeterministicConsequences.exists_actual_separating_channel_positive._proof_1_1
Checked theorem: Nonadditivity.HaarRefinedVertexFibre.fibreEquiv._proof_4
Checked theorem: Nonadditivity.HaarPathGraph.Path.firstVisit_next._proof_1_5
Checked theorem: Nonadditivity.RegularFactorization.rectLift_smul
Checked theorem: Nonadditivity.Entropy.positive_trace_re_nonneg
Checked theorem: Nonadditivity.RegularFactorization.rectLift._proof_4
Checked theorem: Nonadditivity.RegularShiftedDilation.grading._proof_13
Checked theorem: Nonadditivity.HaarTensorReplacement.finiteEval_partial_eq
Checked theorem: Nonadditivity.HaarOperatorPathBridge.pathEquiv._proof_9
Checked theorem: _private.Nonadditivity.FreeEmbedding.0.Nonadditivity.FreeEmbedding.Covering.loopMap.eq_1
Checked theorem: Nonadditivity.HaarRefinedVertexFibre.fibreEquiv._proof_5
Checked theorem: Nonadditivity.QuantumCoding.ProjectiveTest.rejectProduct.eq_def
Checked theorem: Nonadditivity.StructuredReductionCosts.dimensionCosts_le
Checked theorem: Nonadditivity.HaarNonbacktracking.BranchPlan.realize._proof_2
Checked theorem: Nonadditivity.WeightedBlock.scale_mul_uniform._simp_1_3
Checked theorem: Nonadditivity.HaarPathClasses.SamePattern.dartEquiv._proof_4
Checked theorem: Nonadditivity.ActualConsequences.actual_regularizedGain_tendsto_atTop
Checked theorem: Nonadditivity.HaarProfilePatternBound.blockFactor.congr_simp
Checked theorem: Nonadditivity.RegularFactorization.shift_adjoint
Checked theorem: Nonadditivity.CollinsYounTensor.creation_adjoint
Checked theorem: Nonadditivity.HaarOperatorPathBridge.mem_activeRefinedClasses._simp_1
Checked theorem: Nonadditivity.SpectralDamping.penalty.eq_1
Checked theorem: Nonadditivity.HaarDecodedCoefficientBound.blockFactors_segmentedListProduct
Checked theorem: Nonadditivity.Operational.CodeSequence.VanishingError.eq_1
Checked theorem: Nonadditivity.FreeModel.gamma._proof_1
Checked theorem: Nonadditivity.QuantumCodingTypicality.wordConsEquiv._proof_2
Checked theorem: Nonadditivity.CollinsYoun.mixed_norm_le
Checked theorem: Nonadditivity.HaarPathGraph.Path.vertexAt_eq
Checked theorem: Nonadditivity.HaarTimeCompositions.card_le
Checked theorem: Nonadditivity.HaarMomentConstants.refinedClassWeightMajorant._proof_1
Checked theorem: Nonadditivity.HaarColumnMoments.entryPolynomial.eq_1
Checked theorem: Nonadditivity.ProductHaagerupProduct.sum_reduced_wordIndex._simp_1_2
Checked theorem: Nonadditivity.ProductHaagerupWords.regular_word_decomposition._simp_1_8
Checked theorem: Nonadditivity.InitialNetReduction.regularFactor_gram._simp_1_3
Checked theorem: Nonadditivity.NoncommutativeCS.EndpointSkeleton.blockFactors.eq_2
Checked theorem: Nonadditivity.HaarPathGraph.Path.exploration_block_split
Checked theorem: Nonadditivity.HaarPathClasses.SamePattern.coreChainMap_symm_apply
Checked theorem: Nonadditivity.NoncommutativeCS.EndpointSkeleton.blocks.eq_1
Checked theorem: Nonadditivity.ProductPolynomialReduction.subset_difference_splitSupport
Checked theorem: Nonadditivity.Quantitative.tailBound._proof_3
Checked theorem: Nonadditivity.HaarNonbacktracking.removeConstant_support._simp_1_1
Checked theorem: Nonadditivity.HaarProfileCoefficient.returning_coefficient_norm_le
Checked theorem: Nonadditivity.HaarMomentConstants.local_beta_le
Checked theorem: Nonadditivity.HaarWordExpansion.coefficientHom._proof_2
Checked theorem: Nonadditivity.PositiveHolevo.twoMergedWeights_shannon
Checked theorem: Nonadditivity.HaarNonbacktracking.coefficient_factorization_of_reduced_append
Checked theorem: Nonadditivity.FiniteBlockModel.finiteEval_eq_block_adjoint
Checked theorem: Nonadditivity.Operational.operationalCapacity_block_le
Checked theorem: Nonadditivity.StructuredCostBounds.geometric_sum_le._simp_1_1
Checked theorem: Nonadditivity.DampedChannel.damped_adjointMap_traceless
Checked theorem: Nonadditivity.HaarNonbacktracking.BranchPlan.closeReg.injEq
Checked theorem: Nonadditivity.WeylPowersTwirl.orbitEnsemble._proof_1
Checked theorem: Nonadditivity.UniversalFactorization.evaluate_smul
Checked theorem: _private.Nonadditivity.HaarRecursiveSample.0.Nonadditivity.HaarIteratedMoments.recursiveRepresentation.match_1.eq_1
Checked theorem: Nonadditivity.QuantumCoding.spectralProjector._proof_2
Checked theorem: Nonadditivity.NoncommutativeCS.insertState._proof_3
Checked theorem: Nonadditivity.HaarAveraging.mul_average._simp_1_3
Checked theorem: Nonadditivity.RegularFactorization.relative_error_transfer
Checked theorem: Nonadditivity.GaussianNetRealization.quadratic._proof_3
Checked theorem: Nonadditivity.HaarTensorReplacement.partialWordHom._proof_2
Checked theorem: Nonadditivity.HaarSharpSummation.sum_active_weights_le._proof_1_1
Checked theorem: Nonadditivity.Channels.KrausChannel.mk.injEq
Checked theorem: Nonadditivity.HaarPathGraph.Path.two_le_visitCount_of_balanced._proof_1_1
Checked theorem: Nonadditivity.HaarVacuumFunctional.norm_mixedLengthContribution_le
Checked theorem: Nonadditivity.HaarInvariantTensor.power_star_mul
Checked theorem: Nonadditivity.HaarModel.haarInvariant
Checked theorem: Nonadditivity.NoncommutativeCS.extractState_apply
Checked theorem: Nonadditivity.TensorPartitionReduction.restrictChoices.congr_simp
Checked theorem: Nonadditivity.StructuredCostBounds.wordSupportBound_pos
Checked theorem: Nonadditivity.HaarNonbacktracking.removeConstant_mul_killed
Checked theorem: Nonadditivity.Asymptotics.output_normalized_gap_liminf._simp_1_2
Checked theorem: Nonadditivity.HaarMomentConstants.final_error_bound_with_overhead._proof_1_1
Checked theorem: Nonadditivity.HaarAveraging.mixedTensor.eq_1
Checked theorem: Nonadditivity.HaarPathGraph.Path.occurrenceSet_nonempty
Checked theorem: Nonadditivity.Entropy.bellVector.eq_1
Checked theorem: Nonadditivity.BellOutput.mergedWeights_sum
Checked theorem: Nonadditivity.HaarPathWeights.integral_pathProduct_eq_zero_of_vertices_gt._proof_1_1
Checked theorem: Nonadditivity.Main.block_entropy_of_purity._simp_1_5
Checked theorem: Nonadditivity.Entropy.DensityMatrix.mixture._proof_1
Checked theorem: Nonadditivity.HaarPathGraph.Path.reverse_mem._simp_1_2
Checked theorem: Nonadditivity.HaarOperatorPathBridge.operatorLengthContribution_eq_colorSum._proof_1_1
Checked theorem: Nonadditivity.UniversalFactorization.polynomial_decompose
Checked theorem: Nonadditivity.HaarPrescribedDimension.prescribedFamily_gap_lower_eventually
Checked theorem: Nonadditivity.HaarMomentConstants.encoding_final_error_le
Checked theorem: Nonadditivity.StructuredReductionCosts.tensor_dimensionCost_le
Checked theorem: Nonadditivity.HaarPathClasses.SamePattern.dartEquiv._proof_2
Checked theorem: Nonadditivity.HaarWordExpansion.coefficient_word_commute._simp_1_1
Checked theorem: Nonadditivity.CollinsYounTensor.leftRegular_preserves_norm
Checked theorem: Nonadditivity.UpperHaarRealization.exists_block_channel_of_trace_moments
Checked theorem: Nonadditivity.HaarWeingartenInverse.inverse_sum_bound
Checked theorem: Nonadditivity.QuantumCodingContinuity.mixWeight_sum
Checked theorem: Nonadditivity.TensorPartitionReduction.restrictChoices.eq_1
Checked theorem: Nonadditivity.GaussianChannelBounds.converted_bounds._simp_1_8
Checked theorem: Nonadditivity.RegularFactorization.padded.congr_simp
Checked theorem: Nonadditivity.HaarSkeletonSegmentation.reverseFactors_mapIdx._simp_1_5
Checked theorem: _private.Nonadditivity.RegularFubini.0.Nonadditivity.RegularFubini.branchSuccEquiv._proof_2
Checked theorem: Nonadditivity.HaarPathGraph.Path.edgeList.eq_1
Checked theorem: Nonadditivity.HaarSharpSummation.card_fibre_le._proof_1_1
Checked theorem: Nonadditivity.ObservableDimension.observableEquivTraceKernel._proof_8
Checked theorem: Nonadditivity.CollinsYounTensor.leftRegular_inner
Checked theorem: Nonadditivity.CollinsYounProduct.collinsYounBound
Checked theorem: _private.Nonadditivity.FreeEmbedding.0.Nonadditivity.FreeEmbedding.Covering.path_action
Checked theorem: Nonadditivity.NoncommutativeCS.AssignmentProgram.coefficient.eq_3
Checked theorem: Nonadditivity.HaarMarkedCompositions.markedProduct.eq_1
Checked theorem: Nonadditivity.WeightedBlock.continuous_chainScale
Checked theorem: Nonadditivity.FiniteRealization.entriesToMatrix_matrixToEntries
Checked theorem: _private.Nonadditivity.HaarBranchTimeSum.0.Nonadditivity.HaarNonbacktracking.BranchPlan.blocks.match_1.eq_3
Checked theorem: Nonadditivity.PrescribedCost.growingFamily_two_use_input_cost_lower
Checked theorem: Nonadditivity.Conversion.converted_holevo
Checked theorem: Nonadditivity.ActualConsequences.FiniteQuantumChannel.chi_le_classicalCapacity
Checked theorem: Nonadditivity.HaarProfilePadding.rowGram_extend_zero
Checked theorem: Nonadditivity.HaarMarkedCompositions.blocks_exponent_le
Checked theorem: Nonadditivity.OneBlockRealization.exists_one_block_ratio_lower
Checked theorem: Nonadditivity.HaarOperatorPolynomial.adjoint_coefficient_energy_le
Checked theorem: Nonadditivity.HaarNonbacktracking.firstLetter._proof_1
Checked theorem: Nonadditivity.HaarIteratedMoments.pairRepresentation.eq_1
Checked theorem: Nonadditivity.HaarNonbacktracking.BranchPlan.marked.eq_5
Checked theorem: Nonadditivity.HaarIteratedMoments.tensorRepresentation_entry
Checked theorem: Nonadditivity.HaarProfileBlockCoefficients.family.eq_1
Checked theorem: _private.Nonadditivity.HaarBranchContractions.0.Nonadditivity.NoncommutativeCS.Contraction.operator.match_1.eq_5
Checked theorem: Nonadditivity.Purity.purity_le
Checked theorem: Nonadditivity.HaarPathVertexFibre.fibreEquiv._proof_6
Checked theorem: _private.Nonadditivity.OperationalCapacity.0.Nonadditivity.Operational.CodeSequence.inverse_length_tendsto
Checked theorem: Nonadditivity.HaarPathMultiplicity.sum_occurrence_weights
Checked theorem: Nonadditivity.InitialNetReduction.polynomial_finiteEval
Checked theorem: Nonadditivity.BellOutput.pairState_entropy_zero
Checked theorem: Nonadditivity.Entropy.DensityMatrix.purity_eq_inv_dim_add_centered
Checked theorem: Nonadditivity.Asymptotics.blockLength_tendsto_atTop
Checked theorem: Nonadditivity.HaarPathClasses.treeStopIndex.congr_simp
Checked theorem: Nonadditivity.WeightedBlock.weightedBlock.eq_1
Checked theorem: Nonadditivity.StructuredFiniteChannel.outputMatrix.congr_simp
Checked theorem: Nonadditivity.WeightedBellScalar.perturbedWeights_zero_index
Checked theorem: Nonadditivity.OperationalConsequences.exists_small_chi_large_capacity_gain_and_ratio
Checked theorem: Nonadditivity.UniversalShiftedDilation.grading._proof_2
Checked theorem: Nonadditivity.ProductMomentBridge.norm_pow_le_two_card_moment._proof_1_2
Checked theorem: Nonadditivity.FiniteRealization.adjointOnObservables._proof_11
Checked theorem: Nonadditivity.WeylPowers.normalizedPowerHolevo_weylExtension
Checked theorem: Nonadditivity.HaarAveraging.average_mixedTensor_hermitian
Checked theorem: Nonadditivity.Operational.POVM.sqrtEffect._proof_7
Checked theorem: Nonadditivity.PrescribedTest.unnormalized_isHermitian
Checked theorem: Nonadditivity.Operational.uniformInformation_le_add_of_traceDistance._simp_1_6
Checked theorem: Nonadditivity.PolynomialReduction.firstHalf_mul_suffix
Checked theorem: Nonadditivity.Entropy.maximallyMixed_purity
Checked theorem: Nonadditivity.HaarProfilePadding.padded_endpoint_bounds
Checked theorem: Nonadditivity.QuantumCoding.Sampling.expect_sum
Checked theorem: Nonadditivity.InitialNetReduction.collectedCoefficient.eq_1
Checked theorem: Nonadditivity.HaarPathGraph.Path.twice_coreEdgeBudget_le
Checked theorem: Nonadditivity.CollinsYoun.doubleCreation_self
Checked theorem: Nonadditivity.Scalar.deltaK_lower
Checked theorem: Nonadditivity.HaarMomentConstants.encodingMajorant._proof_2
Checked theorem: Nonadditivity.WeylTensor.family_matrix_eq._simp_1_6
Checked theorem: Nonadditivity.PolynomialReduction.Polynomial.reduce.eq_def
Checked theorem: Nonadditivity.Quantitative.tolerance_times_error_factor
Checked theorem: Nonadditivity.HaarMixedWordExpansion.identitySlice_add
Checked theorem: Nonadditivity.NoncommutativeCS.EndpointSkeleton.prependMiddle.eq_2
Checked theorem: Nonadditivity.HaarMomentConstants.sum_refinedClass_products_le._simp_1_3
Checked theorem: Nonadditivity.HaarFourthMoments.fourth_polarization
Checked theorem: Nonadditivity.HaarWeingartenCounting.fixedSuccEquiv._proof_4
Checked theorem: Nonadditivity.HaarPrescribedDimension.prescribedFamily_ratio_liminf
Checked theorem: Nonadditivity.HaarPathClasses.normalized_fresh_run._proof_1_3
Checked theorem: Nonadditivity.HaarOperatorPathBridge.exists_reducedWord
Checked theorem: Nonadditivity.RegularCoefficientEnergy.reindexIsometry._proof_5
Checked theorem: Nonadditivity.Linearization.operator_sum_norm_le_support_size
Checked theorem: Nonadditivity.Quantitative.coefficient_error_contribution._simp_1_4
Checked theorem: Nonadditivity.HaarPathClasses.card_explorationMark
Checked theorem: Nonadditivity.TensorPartitionReduction.reduce_finite_norm_sq
Checked theorem: Nonadditivity.DampedChannel.residualRoot_isHermitian
Checked theorem: Nonadditivity.HaarPathGraph.Path.vertices_le_edges._proof_1_2
Checked theorem: Nonadditivity.HaarPathGraph.Path.coreVertices._proof_1
Checked theorem: Nonadditivity.GaussianConstruction.exists_channel
Checked theorem: Nonadditivity.Asymptotics.ratio_lower_of_holevo_bounds._proof_1_1
Checked theorem: Nonadditivity.Quantitative.final_three_tails_lt
Checked theorem: _private.Nonadditivity.HaarCanonicalTransport.0.Nonadditivity.HaarIteratedMoments.tensorTupleEquiv.match_1.eq_2
Checked theorem: Nonadditivity.HaarProfileCoefficient.word_toWord
Checked theorem: Nonadditivity.HaarPathClasses.flipIncidence.eq_1
Checked theorem: Nonadditivity.NoncommutativeCS.EndpointSkeleton.budget.eq_3
Checked theorem: Nonadditivity.Operational.Code.pulledBack.eq_1
Checked theorem: Nonadditivity.HaarPathExplorationCounterexample.path._proof_2
Checked theorem: Nonadditivity.WeightedBlock.weightedBlock_kraus
Checked theorem: Nonadditivity.FiniteSetFactorization.factorCoefficient._proof_2
Checked theorem: Nonadditivity.HaarPathGraph.Path.reversePosition._proof_1
Checked theorem: Nonadditivity.HaarPathClasses.prefixSamePattern_extend_firstVisit._proof_1_1
Checked theorem: Nonadditivity.Operational.BlockRates.blockCount_ratio_tendsto._simp_1_5
Checked theorem: Nonadditivity.ProductPolynomialReduction.dimensionCost_pos._proof_1_4
Checked theorem: Nonadditivity.DampedChannel.damped_kraus_inr
Checked theorem: Nonadditivity.HaarPathClasses.orientation._proof_1
Checked theorem: Nonadditivity.HaarNonbacktracking.BranchPlan.blocks.eq_2
Checked theorem: Nonadditivity.PrescribedCost.log_inputQubits_div_log_tendsto._proof_1_1
Checked theorem: Nonadditivity.HaarPathGraph.Path.ChainColoring.assignedWords_reduced
Checked theorem: Nonadditivity.HaarNonbacktracking.killedPolynomial_eq_zero_of_last_ne
Checked theorem: Nonadditivity.HaarVacuumFunctional.vacuumFunctional_sum
Checked theorem: Nonadditivity.HaarPathExplorationCounterexample.path._proof_1
Checked theorem: Nonadditivity.TensorPartitionReduction.rightChild.eq_1
Checked theorem: Nonadditivity.FiniteMomentMatching.coefficient_sum
Checked theorem: Nonadditivity.QuantumCoding.positiveWordEquiv._proof_3
Checked theorem: Nonadditivity.HaarPathClasses.classDefectTwice.congr_simp
Checked theorem: Nonadditivity.QuantumCodingContinuity.hsNorm_sub_sq
Checked theorem: Nonadditivity.HaarNonbacktracking.IsStationary.kill
Checked theorem: Nonadditivity.HaarMixedMoments.integral_eq_zero_of_row_phase
Checked theorem: Nonadditivity.NoncommutativeCS.EndpointSkeleton.mem_range_removeNth
Checked theorem: Nonadditivity.HolevoBits.natural_upper_to_bits._simp_1_2
Checked theorem: Nonadditivity.Operational.CodeSequence.rate_le_normalizedPowerHolevo_add_correction._simp_1_3
Checked theorem: Nonadditivity.HaarPathGraph.Path.visitCount.congr_simp
Checked theorem: Nonadditivity.RegularShiftedDilation.grading._proof_20
Checked theorem: Nonadditivity.RegularFactorization.lift._proof_3
Checked theorem: Nonadditivity.HaarColumnMoments.moment_rotation
Checked theorem: Nonadditivity.HaarPathGraph.Path.nextImportant.congr_simp
Checked theorem: Nonadditivity.HaarIteratedMoments.recursiveRepresentation_eq_sample
Checked theorem: Nonadditivity.QuantumCoding.Projection.ofMatrix._proof_3
Checked theorem: Nonadditivity.HaarVacuumFunctional.vacuumFunctional._proof_1
Checked theorem: Nonadditivity.HaarPathMultiplicity.twice_edges_le_length_add_singletons
Checked theorem: Nonadditivity.CollinsYounProduct.constant_normalization._simp_1_5
Checked theorem: Nonadditivity.exists_unitSphereNet_containing
Checked theorem: Nonadditivity.OperationalFlaggedEntropy.blockMatrix.eq_1
Checked theorem: Nonadditivity.HaarNonbacktracking.BranchPlan.singletons_retime
Checked theorem: Nonadditivity.CanonicalBlockBell.block_complementary_canonical_entropy_le
Checked theorem: Nonadditivity.HaarMomentConstants.refinedClass_product_eq._proof_1_3
Checked theorem: Nonadditivity.RegularCoefficientEnergy.modulus_sum_norm_le_regular
Checked theorem: Nonadditivity.HaarPathWeights.integral_sample_pathProduct_eq_zero_of_vertices_gt
Checked theorem: Nonadditivity.HaarPathClasses.over_samePattern
Checked theorem: Nonadditivity.Entropy.DensityMatrix.positive
Checked theorem: Nonadditivity.WeightedParameters.exists_norm_budget
Checked theorem: Nonadditivity.ShortEmbeddingNorm.gammaShort._proof_1
Checked theorem: Nonadditivity.HaarMomentConstants.strong_fourth_root_lower
Checked theorem: Nonadditivity.HaarProfilePadding.embedWords._proof_2
Checked theorem: Nonadditivity.HolevoBits.natural_upper_to_bits._simp_1_5
Checked theorem: Nonadditivity.HaarInvariantCommutant.commute_transvection_of_unitary._simp_1_1
Checked theorem: Nonadditivity.QuantumCoding.Projection.ofMatrix._proof_1
Checked theorem: _private.Nonadditivity.ProductHaagerupWords.0.Nonadditivity.ProductHaagerupWords.sector.match_1.eq_1
Checked theorem: Nonadditivity.HaarPathWeights.integral_signedProduct_eq_of_family_relabel
Checked theorem: Nonadditivity.NoncommutativeCS.AssignmentProgram.openReg.inj
Checked theorem: _private.Nonadditivity.WeightedPositivity.0.Nonadditivity.WeightedPositivity.repeatedIndex.match_1.eq_2
Checked theorem: Nonadditivity.FiniteRealization.eventually_exists_kraus_entropy_and_holevo
Checked theorem: Nonadditivity.FiniteBlockModel.representation_trace
Checked theorem: _private.Nonadditivity.QuantumCodingUnion.0.Nonadditivity.QuantumCoding.Projection.trajectory.match_1.eq_1
Checked theorem: Nonadditivity.HaarMarkedCompositions.length_blocks._proof_1_7
Checked theorem: Nonadditivity.RegularFubini.uncurry._proof_1
Checked theorem: Nonadditivity.Channels.inputWeight_smul_conditionalInput
Checked theorem: Nonadditivity.FreeCreation.cone_shift_iff
Checked theorem: Nonadditivity.ProductMomentBridge.norm_even_pow_le_trace
Checked theorem: Nonadditivity.Channels.KrausChannel.pure_output_complementary_entropy_eq
Checked theorem: Nonadditivity.HaarNonbacktracking.BranchPlan.timeWeight_le._proof_1_19
Checked theorem: Nonadditivity.QuantumCodingContinuity.mixWeight.eq_1
Checked theorem: Nonadditivity.HaarProfileAssignmentBound.dependent_profile_sum_norm_le
Checked theorem: Nonadditivity.HaarSharpSummation.sum_products_le._simp_1_2
Checked theorem: Nonadditivity.PolynomialReduction.Polynomial.dilate_finite_norm
Checked theorem: Nonadditivity.HaarMixedMoments.integral_entry_pow_mul_star_pow._simp_1_1
Checked theorem: Nonadditivity.QuantumCoding.finite_ensemble_codes
Checked theorem: Nonadditivity.HaarProfileAssignmentBound.block_product_zero_of_invalid
Checked theorem: Nonadditivity.inverse_n_net_certificate._simp_1_3
Checked theorem: Nonadditivity.Scalar.gap_fraction_explicit_remainder
Checked theorem: Nonadditivity.HaarPathGraph.Path.ChainColoring.color_injective_internal._proof_1_1
Checked theorem: Nonadditivity.QuantumCodingContinuity.traceDistance_zero_imp_eq
Checked theorem: Nonadditivity.RegularDilation.leftSlice._proof_1
Checked theorem: Nonadditivity.NoncommutativeCS.EndpointTrace.labels.eq_4
Checked theorem: Nonadditivity.CollinsYounTensor.doubleAnnihilation.eq_1
Checked theorem: Nonadditivity.HaarPathLocalPhase.rowCount_eq_multiplicity
Checked theorem: Nonadditivity.Quantitative.momentChoice._proof_1
Checked theorem: Nonadditivity.RegularShiftedDilation.grading._proof_2
Checked theorem: Nonadditivity.HaarAveraging.average.eq_1
Checked theorem: Nonadditivity.HaarInvariantTensor.power_mul_star
Checked theorem: Nonadditivity.Operational.Code.mean_failure_eq_error
Checked theorem: Nonadditivity.OperationalFlaggedEntropy.blockMatrix_apply
Checked theorem: Nonadditivity.HaarAveraging.average_mixedTensor_sq
Checked theorem: Nonadditivity.HaarPathWeights.norm_signedProduct_integral_le._proof_1_1
Checked theorem: Nonadditivity.HaarNonbacktracking.last_return_polynomial_decomposition
Checked theorem: Nonadditivity.BlockBell.blockComplementary.eq_1
Checked theorem: Nonadditivity.QuantumCodingTypicality.expectation_wordSum_sq_of_centered
Checked theorem: Nonadditivity.UniversalShiftedDilation.grading_sq
Checked theorem: Nonadditivity.QuantumCodingContinuity.jordanState_balance
Checked theorem: Nonadditivity.NoncommutativeCS.column_apply_norm_le
Checked theorem: Nonadditivity.FreeCreation.mask_norm_le
Checked theorem: Nonadditivity.NetPolynomial.netRegularPolynomial_selfAdjoint
Checked theorem: Nonadditivity.HaarPathExplorationCounterexample.attains_corrected_important_bound
Checked theorem: _private.Nonadditivity.HaarPathTreeSegment.0.Nonadditivity.HaarPathGraph.walkOfSteps.match_1.eq_2
Checked theorem: Nonadditivity.UniversalFactorization.evaluate_polarInsertion
Checked theorem: Nonadditivity.GaussianNetRealization.quadratic.congr_simp
Checked theorem: Nonadditivity.FiniteRegularMatrix.regularHom_trace._simp_1_1
Checked theorem: Nonadditivity.HaarOperatorPathBridge.reducedWord_toWord
Checked theorem: Nonadditivity.CollinsYounProduct.two_sector_estimate
Checked theorem: Nonadditivity.HaarProfileCoefficient.oriented_singleton_bound
Checked theorem: Nonadditivity.HaarInvariantTensor.gram_posDef
Checked theorem: Nonadditivity.ProductPolynomialReduction.degree.congr_simp
Checked theorem: Nonadditivity.QuantumCoding.spectralProjector_idempotent
Checked theorem: Nonadditivity.HaarPathWeights.norm_pathProduct_integral_le._proof_1_2
Checked theorem: Nonadditivity.QuantumCodingConditionalTypicality.joint_mean
Checked theorem: Nonadditivity.HaarAveraging.average_mul._simp_1_3
Checked theorem: Nonadditivity.UniversalFactorization.rectLift._proof_3
Checked theorem: Nonadditivity.NoncommutativeCS.row._proof_3
Checked theorem: Nonadditivity.NoncommutativeCS.splitRegister._proof_7
Checked theorem: Nonadditivity.Operational.Code.log_messages_le_holevo_add_dimension_error
Checked theorem: Nonadditivity.TensorPartitionReduction.reduce_error_transfer._simp_1_8
Checked theorem: Nonadditivity.PrescribedTest.shiftWord_inverse
Checked theorem: Nonadditivity.PositiveHolevo.block_converted_holevoBits_pos._proof_1_1
Checked theorem: Nonadditivity.WeylPowers.positiveTensorPower_covariant
Checked theorem: Nonadditivity.Channels.KrausChannel.adjointMap_one
Checked theorem: Nonadditivity.Channels.KrausChannel.trace_duality
Checked theorem: Nonadditivity.HaarInvariantTensor.gram_apply_sum._simp_1_2
Checked theorem: Nonadditivity.HaarPathClasses.color_two_card
Checked theorem: _private.Nonadditivity.HaarProfilePatternBound.0.Nonadditivity.NoncommutativeCS.EndpointSkeleton.singletonWeight.match_1.eq_5
Checked theorem: Nonadditivity.HaarColumnMoments.entryPolynomial_degree
Checked theorem: Nonadditivity.RegularFactorization.padded_eq
Checked theorem: Nonadditivity.HaarPathClasses.SamePattern.vertexPerm_mem_vertices_iff
Checked theorem: Nonadditivity.Entropy.tensorUnitary.eq_1
Checked theorem: _private.Nonadditivity.FreeEmbedding.0.Nonadditivity.FreeEmbedding.Covering.basedLoop_action
Checked theorem: Nonadditivity.InitialNetReduction.shortProductEmbedding_branchWord
Checked theorem: Nonadditivity.HaarNonbacktracking.BranchPlan.marked.eq_3
Checked theorem: Nonadditivity.WeightedBlock.weightedComplementary_kraus_entry
Checked theorem: Nonadditivity.SpectralDamping.spectral_hermitian
Checked theorem: Nonadditivity.RegularRestriction.regularPolynomial._proof_2
Checked theorem: Nonadditivity.QuantumCoding.ProjectiveTest.complete
Checked theorem: Nonadditivity.StructuredLinearization.final_dimension
Checked theorem: Nonadditivity.TensorPartitionReduction.partWord.eq_1
Checked theorem: Nonadditivity.RegularRestriction.regularPolynomial_subgroup_norm_ge
Checked theorem: Nonadditivity.Asymptotics.eventually_ratio_of_holevo_bounds
Checked theorem: Nonadditivity.HaarNonbacktracking.coefficient._proof_1
Checked theorem: Nonadditivity.PrescribedCost.correction_sqrt_log_tendsto_zero
Checked theorem: Nonadditivity.PolynomialReduction.splitSupport_degree
Checked theorem: Nonadditivity.NoncommutativeCS.EndpointSkeleton.decorate_factors
Checked theorem: Nonadditivity.HaarPathGraph.Path.toCore_nodup._proof_1_2
Checked theorem: Nonadditivity.ProductMomentBridge.regularEval_radius_norm_sq_le
Checked theorem: Nonadditivity.QuantumCoding.spectralProjector._proof_1
Checked theorem: Nonadditivity.QuantumCoding.ProjectiveTest.decoder._proof_1
Checked theorem: Nonadditivity.WeightedBellScalar.perturbedWeights._proof_2
Checked theorem: Nonadditivity.HaarMomentTail.measure_norm_ge_le_normalized_trace_moment._simp_1_6
Checked theorem: Nonadditivity.HaarPathMultiplicity.excessOccurrences_eq._proof_1_1
Checked theorem: Nonadditivity.QuantumCodingContinuity.traceDistance_le_hsNorm_of_gram._simp_1_2
Checked theorem: Nonadditivity.QuantumCoding.typicalProjector._proof_1
Checked theorem: Nonadditivity.DampedChannel.damped.eq_1
Checked theorem: Nonadditivity.WordBallReduction.one_mem_wordBall
Checked theorem: Nonadditivity.HaarPathRuns.middleRuns.eq_2
Checked theorem: Nonadditivity.HaarWeingartenCycles.cycleMap_apply
Checked theorem: Nonadditivity.FiniteSetFactorization.factorCoefficient._proof_1
Checked theorem: Nonadditivity.HaarNonbacktracking.firstReturnSum.eq_def
Checked theorem: Nonadditivity.Channels.KrausChannel.trace_map
Checked theorem: Nonadditivity.QuantumCodingContinuity.jordan_difference
Checked theorem: Nonadditivity.FreeCreation.creation.eq_1
Checked theorem: Nonadditivity.WordBallReduction.bound_of_mem_wordBall._proof_1_4
Checked theorem: Nonadditivity.QuantumCoding.Projection.union_bound
Checked theorem: Nonadditivity.HaarOperatorPathBridge.norm_pathOperatorSum_le_of_coefficient_bound
Checked theorem: Nonadditivity.HaarOperatorPolynomial.killed_norm
Checked theorem: _private.Nonadditivity.FreeEmbedding.0.Nonadditivity.FreeEmbedding.Covering.extraEdges_card._proof_1_1
Checked theorem: Nonadditivity.QuantumCoding.Sampling.expect_one
Checked theorem: Nonadditivity.HaarWordExpansion.support_pow_length_le
Checked theorem: Nonadditivity.NoncommutativeCS.EndpointTrace.labels.eq_1
Checked theorem: Nonadditivity.RegularCoefficientEnergy.regularPolynomial._proof_2
Checked theorem: Nonadditivity.HaarPathProfiles.card_boundedProfile_le
Checked theorem: Nonadditivity.StateEnsembles.Ensemble.mk.inj
Checked theorem: Nonadditivity.GeneralBell.mul_log_lower
Checked theorem: Nonadditivity.WordBallReduction.SingleFactorBound.mono
Checked theorem: Nonadditivity.SpectralDamping.spectral_pow
Checked theorem: Nonadditivity.NoncommutativeCS.Contraction.cost.eq_def
Checked theorem: Nonadditivity.HaarProfilePatternBound.blockFactor.eq_2
Checked theorem: Nonadditivity.HaarPathClasses.card_refinedOver_le
Checked theorem: Nonadditivity.FreeModel.gamma.eq_1
Checked theorem: Nonadditivity.NoncommutativeCS.EndpointSkeleton.markedFlags.eq_4
Checked theorem: Nonadditivity.QuantumCoding.tensorFamilyBandProjector_posSemidef
Checked theorem: Nonadditivity.PrescribedTest.unnormalized.eq_1
Checked theorem: Nonadditivity.Linearization.relative_backward_error_transfer
Checked theorem: Nonadditivity.HaarProfileCoefficient.orientedCoefficients.eq_1
Checked theorem: Nonadditivity.HaarPathClasses.overProfiles_all
Checked theorem: Nonadditivity.Entropy.bipartiteRight._proof_1
Checked theorem: Nonadditivity.RegularDilation.embedRight_norm
Checked theorem: Nonadditivity.StructuredFiniteChannel.outputMatrix.eq_1
Checked theorem: Nonadditivity.NoncommutativeCS.EndpointSkeleton.singletonLength_eq_map_sum
Checked theorem: Nonadditivity.HaarFourthMoments.rotationMatrix_star
Checked theorem: Nonadditivity.NoncommutativeCS.EndpointTrace.middle.sizeOf_spec
Checked theorem: Nonadditivity.HaarProfileBlockCoefficients.padded_endpoint_bounds
Checked theorem: Nonadditivity.Operational.POVM.dilate.eq_1
Checked theorem: Nonadditivity.StructuredHaarConsequences.ExplicitHaarExpectation._proof_2
Checked theorem: Nonadditivity.SmallEnvironment.entropy_le_of_singular
Checked theorem: Nonadditivity.HaarProfilePermutations.coreChainProfile_first
Checked theorem: Nonadditivity.HaarOperatorPolynomial.wordHom._proof_2
Checked theorem: Nonadditivity.HaarPathClasses.prefixSamePattern_fresh_run._proof_1_3
Checked theorem: Nonadditivity.HaarPathWeightTransport.dartRelabel._proof_2
Checked theorem: Nonadditivity.HaarPathVertexFibre.fibreEquiv._proof_2
Checked theorem: Nonadditivity.HaarFourthMoments.rotationCoefficient_star
Checked theorem: Nonadditivity.HaarMatchingCount.two_le_count_ofFn._simp_1_1
Checked theorem: Nonadditivity.NoncommutativeCS.EndpointTrace.singleton.inj
Checked theorem: Nonadditivity.HaarPathExpansion.matrixProduct_trace_closed
Checked theorem: Nonadditivity.HaarTensorConstants.sum_stage_free._proof_1_1
Checked theorem: Nonadditivity.CollinsYoun.mixed._proof_5
Checked theorem: Nonadditivity.RegularCoefficientEnergy.reindexIsometry._proof_3
Checked theorem: Nonadditivity.QuantumCodingTypicality.wordConsEquiv.eq_1
Checked theorem: Nonadditivity.ProductHaagerupProduct.canonicalBallWord._proof_1
Checked theorem: Nonadditivity.InitialNetReduction.finiteFactor_gram._simp_1_2
Checked theorem: Nonadditivity.WordBallReduction.radius.eq_1
Checked theorem: Nonadditivity.RegularFactorization.lift._proof_1
Checked theorem: Nonadditivity.FiniteSetFactorization.paddedPolynomial_dilation_norm_sq
Checked theorem: Nonadditivity.HaarIteratedMoments.uncurry_measurePreserving._simp_1_3
Checked theorem: Nonadditivity.Entropy.DensityMatrix.mixture._proof_2
Checked theorem: Nonadditivity.BellOutput.conjugation_vecMulVec
Checked theorem: Nonadditivity.DampedBellStability.filteredBell_eq
Checked theorem: Nonadditivity.InitialNetReduction.finiteColumn_gram._simp_1_1
Checked theorem: Nonadditivity.InitialNetReduction.finiteEval_norm._simp_1_1
Checked theorem: Nonadditivity.HaarWordPhase.exponentSum.eq_1
Checked theorem: Nonadditivity.HaarPathGraph.Path.ChainColoring.reversal
Checked theorem: Nonadditivity.RegularFubini.groupSuccEquiv._proof_4
Checked theorem: Nonadditivity.UniversalFactorization.polynomial_dilation_inr
Checked theorem: Nonadditivity.AdjointPurity.norm_state_expectation_le_opNorm
Checked theorem: Nonadditivity.InitialNetReduction.shortProductEmbedding_injective
Checked theorem: Nonadditivity.QuantumCodingContinuity.hsNorm_sq
Checked theorem: Nonadditivity.NoncommutativeCS.EndpointSkeleton.startsMiddle.eq_2
Checked theorem: Nonadditivity.HaarPathGraph.Path.chainLabel_reverse
Checked theorem: Nonadditivity.RegularFactorization.rectLift_sum
Checked theorem: Nonadditivity.SpectralDamping.exists_damping
Checked theorem: Nonadditivity.CollinsYounTensor.lift_doubleAnnihilation_commute
Checked theorem: Nonadditivity.HaarWordExpansion.regularEval_eq_sum
Checked theorem: Nonadditivity.QuantumCoding.trace_union_bound
Checked theorem: Nonadditivity.HaarPathClasses.incidenceRank.eq_1
Checked theorem: Nonadditivity.QuantumCodingContinuity.traceDistance_gentle_projection
Checked theorem: Nonadditivity.NoncommutativeCS.EndpointTrace.labels.eq_5
Checked theorem: Nonadditivity.QuantumCodingContinuity.entropy_sub_le_of_balance
Checked theorem: Nonadditivity.NoncommutativeCS.swap._proof_4
Checked theorem: Nonadditivity.QuantumCoding.tensorTypicalProjector_trace_bound
Checked theorem: _private.Nonadditivity.NoncommutativeCSAssignments.0.Nonadditivity.NoncommutativeCS.AssignmentProgram.variableCount.match_1.eq_2
Checked theorem: Nonadditivity.QuantumCoding.Sampling.weight_nonneg
Checked theorem: Nonadditivity.WeylPowersTwirl.uniformWeight.eq_1
Checked theorem: Nonadditivity.Operational.mean_sqrt_le_sqrt_mean._simp_1_1
Checked theorem: Nonadditivity.HaarPathGraph.Path.chainWord_toWord
Checked theorem: Nonadditivity.WeylTensor.amplitude.eq_1
Checked theorem: Nonadditivity.HaarPathClasses.SamePattern.source_reverse_dartPerm
Checked theorem: Nonadditivity.UniversalFactorization.regular_error_transfer
Checked theorem: Nonadditivity.HaarPathClasses.prefixSamePattern_extend_firstVisit._proof_1_3
Checked theorem: Nonadditivity.RegularRestriction.extendZero_apply_image
Checked theorem: Nonadditivity.OperationalFlaggedEntropy.flaggedState_diagonalization._simp_1_2
Checked theorem: Nonadditivity.EntropyContinuity.unitaryConjugate_sub_norm
Checked theorem: Nonadditivity.HaarPathGraph.Path.toCore_last_core
Checked theorem: Nonadditivity.NoncommutativeCS.EndpointTrace.factors.eq_4
Checked theorem: Nonadditivity.QuantumCoding.ProjectiveTest.mk.injEq
Checked theorem: Nonadditivity.Weyl.uniform_average_eq._simp_1_5
Checked theorem: Nonadditivity.HaarPathGraph.Path.ofFn_flip_rev._proof_1_1
Checked theorem: Nonadditivity.HaarColumnMoments.rowRotationMatrix_star
Checked theorem: Nonadditivity.WeylTensor.orbitEnsemble._proof_1
Checked theorem: Nonadditivity.HaarPathClasses.normalColor_incoming
Checked theorem: Nonadditivity.QuantumCodingTypicality.wordProbability_cons
Checked theorem: Nonadditivity.NoncommutativeCS.AssignmentProgram.cost_nonneg
Checked theorem: Nonadditivity.RegularShiftedDilation.grading._proof_3
Checked theorem: Nonadditivity.SpectralDamping.spectral_smul
Checked theorem: Nonadditivity.HaarOperatorPathBridge.active_refined_even
Checked theorem: Nonadditivity.Asymptotics.finiteSizeCorrection.eq_1
Checked theorem: Nonadditivity.FiniteMomentMatching.regularHom._proof_2
Checked theorem: Nonadditivity.WeightedPositivity.weightedBlock_exists_output_ne_maximallyMixed
Checked theorem: Nonadditivity.HaarTensorReplacement.regularEval_injective
Checked theorem: Nonadditivity.HaarSharpBound.mixed_length_bound
Checked theorem: Nonadditivity.HaarPathWeights.selected_lengths._proof_1_2
Checked theorem: Nonadditivity.CollinsYoun.doubleCreation_inner_zero
Checked theorem: Nonadditivity.ObservableDimension.observableEquivTraceKernel._proof_16
Checked theorem: Nonadditivity.Weyl.density_conjugation_apply
Checked theorem: Nonadditivity.Linearization.mem_differenceSupport._simp_1_2
Checked theorem: Nonadditivity.Entropy.shannon_product
Checked theorem: Nonadditivity.NoncommutativeCS.sum_comp_norm_le
Checked theorem: Nonadditivity.PrescribedTest.freeNorm_test._proof_1_1
Checked theorem: Nonadditivity.HaarSharpSummation.product_eq._proof_1_2
Checked theorem: Nonadditivity.PrescribedTest.branchEquiv.eq_1
Checked theorem: Nonadditivity.HaarPathExplorationCounterexample.first_times
Checked theorem: Nonadditivity.OperationalFlaggedEntropy.blockMatrix.congr_simp
Checked theorem: Nonadditivity.HaarPaletteDecoder.blockDirections.eq_1
Checked theorem: Nonadditivity.GaussianQuadratic.integral_exp_centered_quadratic_le
Checked theorem: Nonadditivity.HaarOperatorPolynomial.regular._proof_1
Checked theorem: Nonadditivity.Operational.POVM.probability_le_one
Checked theorem: Nonadditivity.PrescribedCost.growingFamily_vanishing_diverging
Checked theorem: Nonadditivity.HaarNonbacktracking.BranchPlan.retime.eq_1
Checked theorem: _private.Nonadditivity.ProductHaagerupProduct.0.Nonadditivity.ProductHaagerupProduct.wordValue.match_1.eq_2
Checked theorem: Nonadditivity.HaarFourthMoments.rowRotation.congr_simp
Checked theorem: Nonadditivity.HaarOperatorPathBridge.normalized_pathWeight_smul_norm_le._proof_1_2
Checked theorem: Nonadditivity.Entropy.maximallyMixed._proof_2
Checked theorem: Nonadditivity.WordBallReduction.dimensionCost.eq_2
Checked theorem: Nonadditivity.QuantumCoding.wordCode_probability
Checked theorem: Nonadditivity.HaarTimeCompositions.length_of_mem._simp_1_7
Checked theorem: Nonadditivity.PrescribedTest.freeNorm_test._simp_1_3
Checked theorem: Nonadditivity.RegularShiftedDilation.grading._proof_27
Checked theorem: Nonadditivity.HaarPathGraph.Path.representativePosition.eq_1
Checked theorem: Nonadditivity.HaarPathGraph.Path.vertexAt_fin
Checked theorem: Nonadditivity.Asymptotics.separationUpper._proof_1
Checked theorem: Nonadditivity.Operational.POVM.probability_sum
Checked theorem: Nonadditivity.EntropyMixtures.unitaryWeights_col_sum
Checked theorem: Nonadditivity.HaarPathClasses.SamePattern.degree_vertexPerm
Checked theorem: Nonadditivity.QuantumCodingConditionalTypicality.conditionalWord_sum
Checked theorem: Nonadditivity.HaarModel.haar._proof_2
Checked theorem: Nonadditivity.HaarAveraging.haarRightInvariant
Checked theorem: Nonadditivity.HaarNonbacktracking.BranchPlan.closeReg.inj
Checked theorem: Nonadditivity.RegularizedHolevo.normalizedPowerHolevo.eq_1
Checked theorem: Nonadditivity.HaarPathGraph.Path.twice_treeEdges_le_visits_add_singletons._proof_1_2
Checked theorem: Nonadditivity.Channels.KrausChannel.tensorChain.eq_def
Checked theorem: Nonadditivity.NoncommutativeCS.EndpointTrace.markedFlags.eq_3
Checked theorem: Nonadditivity.Operational.POVM.dilate_entropy
Checked theorem: Nonadditivity.StructuredLinearization.initialPolynomial.congr_simp
Checked theorem: Nonadditivity.Entropy.normalizePositive._proof_2
Checked theorem: Nonadditivity.RegularCoefficientEnergy.liftOperator_single
Checked theorem: Nonadditivity.HaarPathClasses.explorationMark_eq_of_eventList_eq
Checked theorem: Nonadditivity.FreeCreation.letter_flip
Checked theorem: Nonadditivity.NetPolynomial.permutationIsometry._proof_4
Checked theorem: Nonadditivity.HaarNonbacktracking.BranchPlan.realize.eq_3
Checked theorem: Nonadditivity.HaarPathGraph.Path.toCore_nonempty
Checked theorem: Nonadditivity.SpectralDamping.damping_hermitian
Checked theorem: Nonadditivity.HaarPathClasses.SamePattern.coreChainEquiv.congr_simp
Checked theorem: Nonadditivity.GaussianNormalization.gram_hermitian
Checked theorem: Nonadditivity.HaarPathClasses.SamePattern.symm
Checked theorem: Nonadditivity.StructuredHaarModel.integrable_polynomial_norm
Checked theorem: Nonadditivity.RegularFactorization.rectLift._proof_5
Checked theorem: Nonadditivity.Entropy.DensityMatrix.purity_eq_inv_dim_add_centered._simp_1_1
Checked theorem: Nonadditivity.HaarPathClasses.prefixSamePattern_mono
Checked theorem: _private.Nonadditivity.HaarCanonicalTransport.0.Nonadditivity.HaarIteratedMoments.tensorTupleEquiv.match_1.eq_1
Checked theorem: Nonadditivity.PrescribedTest.core_isHermitian
Checked theorem: Nonadditivity.QuantumCoding.actualProduct.eq_2
Checked theorem: _private.Nonadditivity.HaarBranchContractions.0.Nonadditivity.NoncommutativeCS.Contraction.operator.match_1.eq_1
Checked theorem: Nonadditivity.HaarColumnMoments.coeff_one_add_X_sq_pow_one
Checked theorem: Nonadditivity.QuantumCoding.ProjectiveTest.filteredFailure_positive
Checked theorem: Nonadditivity.QuantumCoding.tensorFamilyUnitary.eq_1
Checked theorem: Nonadditivity.HaarPathGraph.Path.coreChainProfile_last._simp_1_3
Checked theorem: Nonadditivity.NoncommutativeCS.EndpointSkeleton.mem_singletonLabels_iff_count_eq_one_not_initial._simp_1_7
Checked theorem: Nonadditivity.HaarPathGraph.Path.exists_traversal_chain_decomposition._proof_1_1
Checked theorem: Nonadditivity.HaarInvariantTensor.mixed_mul
Checked theorem: Nonadditivity.HaarTensorReplacement.regularEval_adjointPolynomial
Checked theorem: Nonadditivity.Channels.KrausChannel.holevoBits.congr_simp
Checked theorem: Nonadditivity.EntropyMixtures.unitaryWeights_row_sum
Checked theorem: Nonadditivity.NetPolynomialSupport.collectedScalar.eq_1
Checked theorem: Nonadditivity.HaarPathGraph.Path.coreChain_edges_nodup
Checked theorem: Nonadditivity.RegularFubini.groupSuccEquiv._proof_2
Checked theorem: Nonadditivity.GaussianConstruction.exists_channel._proof_1_1
Checked theorem: Nonadditivity.HaarPathGraph.Path.discoveryGraph_eq_of_vertex_prefix._proof_1_2
Checked theorem: Nonadditivity.HaarTensorReplacement.rectLift_norm
Checked theorem: Nonadditivity.HaarPathGraph.Path.coreChainReverse_involutive
Checked theorem: Nonadditivity.HaarTensorConstants.moment_parameter_dimension_bound
Checked theorem: Nonadditivity.Linearization.backward_error_chain._proof_1_1
Checked theorem: Nonadditivity.WeightedBellScalar.perturbedWeights_sum
Checked theorem: Nonadditivity.HaarPathGraph.Path.ChainColoring.assignedWords_prod
Checked theorem: Nonadditivity.Asymptotics.normalized_gap_liminf
Checked theorem: Nonadditivity.NoncommutativeCS.AssignmentProgram.compile.eq_2
Checked theorem: Nonadditivity.DampedBellStability.loss_nonneg
Checked theorem: Nonadditivity.HaarPathClasses.source_incidenceDart
Checked theorem: Nonadditivity.HaarTensorConstants.replacementMultiplier.eq_1
Checked theorem: Nonadditivity.HaarPathGraph.Path.coreChain_reverse_source_mem_core_iff._proof_1_1
Checked theorem: Nonadditivity.SpectralDamping.damping.congr_simp
Checked theorem: Nonadditivity.HaarPathGraph.Path.chain_or_reverse_mem_decomposition
Checked theorem: Nonadditivity.Weyl.orbitClosure_closed
Checked theorem: Nonadditivity.QuantumCoding.crossAcceptance_nonneg
Checked theorem: _private.Nonadditivity.FreeEmbedding.0.Nonadditivity.FreeEmbedding.Covering.child_parent._proof_1_4
Checked theorem: Nonadditivity.Weyl.orbitEnsemble._proof_2
Checked theorem: Nonadditivity.HaarMatchingSharp.sum_high_multiplicity
Checked theorem: Nonadditivity.QuantumCoding.ProjectiveTest.positive
Checked theorem: Nonadditivity.HaarPathGraph.Path.firstVisit_terminal_injective
Checked theorem: _private.Nonadditivity.ProductHaagerupWords.0.Nonadditivity.ProductHaagerupWords.sector.match_1.eq_2
Checked theorem: Nonadditivity.HaarWordPhase.even_length_of_balanced
Checked theorem: Nonadditivity.HaarPathClasses.rangeEquivOfKernel._proof_9
Checked theorem: Nonadditivity.HaarPathGraph.Path.discoveryGraph_succ_of_not_first._proof_1_2
Checked theorem: Nonadditivity.NoncommutativeCS.Contraction.cost_nonneg
Checked theorem: Nonadditivity.HaarPrescribedDimension.onePairLengthBounds
Checked theorem: Nonadditivity.HaarNonbacktracking.BranchPlan.order.eq_3
Checked theorem: Nonadditivity.RegularCoefficientEnergy.liftFunction._proof_1
Checked theorem: Nonadditivity.Channels.KrausChannel.ext
Checked theorem: Nonadditivity.WeightedBellScalar.perturbedWeights_positive
Checked theorem: Nonadditivity.HaarPathClasses.refinedDefectEquiv._proof_6
Checked theorem: Nonadditivity.WeylPowers.operationalCapacity_weylExtension
Checked theorem: Nonadditivity.HaarPathGraph.Path.coreVertices_add_twice_vertices_le._proof_1_3
Checked theorem: Nonadditivity.HaarPathGraph.Path.reduced
Checked theorem: Nonadditivity.HaarTimeCompositions.length_of_mem._simp_1_4
Checked theorem: Nonadditivity.DeterministicQualitative.exists_actual_channel_bounds_with_dimensions._simp_1_5
Checked theorem: Nonadditivity.Operational.Code.mk.sizeOf_spec
Checked theorem: Nonadditivity.Entropy.TensorChainIndex.eq_def
Checked theorem: Nonadditivity.ActualConsequences.FiniteQuantumChannel.chiTwo.eq_1
Checked theorem: Nonadditivity.HaarPathGraph.Path.internal_darts_color_separated._proof_1_3
Checked theorem: Nonadditivity.PolynomialReduction.Polynomial.dimensionCost_pos
Checked theorem: Nonadditivity.HaarPathGraph.Path.coreProfileWord._proof_1
Checked theorem: Nonadditivity.Scalar.norm_bound_of_square
Checked theorem: Nonadditivity.HaarPathClasses.prefixSamePattern_fresh_run._proof_1_8
Checked theorem: Nonadditivity.HaarConsequences.exists_block_channel
Checked theorem: Nonadditivity.Quantitative.final_error_from_contributions
Checked theorem: Nonadditivity.ProductHaagerupWords.sector.eq_2
Checked theorem: Nonadditivity.UniversalFactorization.column._proof_1
Checked theorem: Nonadditivity.HaarPathWeights.edgeList_pathEntries
Checked theorem: Nonadditivity.HaarPathGraph.Path.representativePosition_surjective._proof_1_1
Checked theorem: Nonadditivity.Operational.uniformAverage.congr_simp
Checked theorem: Nonadditivity.PrescribedCost.growingFamily_chi_input_cost_bounds
Checked theorem: Nonadditivity.HaarPathMultiplicity.excess_add_twice_edges._proof_1_2
Checked theorem: Nonadditivity.Operational.BlockRates.rescaled_rate
Checked theorem: Nonadditivity.Channels.KrausChannel.holevoBits_reindex
Checked theorem: Nonadditivity.HaarTimeCompositions.mem_compositions_reverse_iff._simp_1_1
Checked theorem: Nonadditivity.HaarNonbacktracking.killedPolynomial_sum_source
Checked theorem: _private.Nonadditivity.ComplementaryAdjoint.0.Nonadditivity.Channels.KrausChannel.tensorWord.match_1.eq_1
Checked theorem: Nonadditivity.BellOutput.pairedChannel_bell_eq_merged
Checked theorem: Nonadditivity.RegularizedHolevo.positiveTensorSplit.eq_2
Checked theorem: Nonadditivity.HaarPathGraph.Path.edgeAt.eq_1
Checked theorem: Nonadditivity.RegularDilation.rightSlice._proof_1
Checked theorem: Nonadditivity.HaarPathRuns.corrected_exponent_le._proof_1_1
Checked theorem: Nonadditivity.HaarSharpConstants.sharp_final_error_bound
Checked theorem: Nonadditivity.HaarPermutationSupport.distance_triangle._simp_1_3
Checked theorem: Nonadditivity.StructuredLinearization.final_letters
Checked theorem: Nonadditivity.Operational.uniformWeight.eq_1
Checked theorem: Nonadditivity.QuantumCoding.tensorMatrix.eq_1
Checked theorem: Nonadditivity.kappa_net_certificate._simp_1_6
Checked theorem: Nonadditivity.HaarMatchingFibers.prod_factorial_le_pow_half_high
Checked theorem: Nonadditivity.ProductMomentBridge.norm_pow_le_two_card_moment._proof_1_3
Checked theorem: Nonadditivity.NoncommutativeCS.insertState._proof_4
Checked theorem: Nonadditivity.HolevoBits.natural_upper_to_bits._simp_1_4
Checked theorem: Nonadditivity.HaarPathGraph.Path.toCore_nodup
Checked theorem: Nonadditivity.NoncommutativeCS.EndpointSkeleton.compressed_length_le._proof_1_9
Checked theorem: Nonadditivity.HaarPathGraph.Path.namedPath._proof_1
Checked theorem: Nonadditivity.Channels.KrausChannel.controlled.eq_1
Checked theorem: Nonadditivity.UniversalFactorization.factor_eq
Checked theorem: Nonadditivity.HaarPathClasses.coreChainProfile_eq_of_colorList_eq
Checked theorem: Nonadditivity.PolynomialReduction.splitSupport_card._proof_1_1
Checked theorem: _private.Nonadditivity.HaarTimeCompositions.0.Nonadditivity.HaarTimeCompositions.compositions.match_1.eq_2
Checked theorem: Nonadditivity.HaarPrescribedDimension.log2_ge_one
Checked theorem: Nonadditivity.NoncommutativeCS.Contraction.cost.congr_simp
Checked theorem: Nonadditivity.HaarFourthMoments.fourthMoment_eq_two_mixed
Checked theorem: Nonadditivity.Weyl.orbit_information_lower_bound
Checked theorem: Nonadditivity.HaarPathRuns.head_endpointFlags
Checked theorem: Nonadditivity.TensorPartitionReduction.codedWord_eq_partWord
Checked theorem: Nonadditivity.HaarIteratedMoments.recursiveMoment_eq_iteratedMoment
Checked theorem: Nonadditivity.HaarPathClasses.normalized_fresh_run._proof_1_2
Checked theorem: Nonadditivity.InitialNetReduction.finiteEval_norm_sq_symmetric
Checked theorem: Nonadditivity.HaarTimeCompositions.reverse_mem_compositions
Checked theorem: Nonadditivity.UniversalShiftedDilation.shifted_dilation_norm
Checked theorem: Nonadditivity.HaarPathGraph.Path.paletteWord._proof_3
Checked theorem: Nonadditivity.PrescribedCost.growingFamily._proof_1
Checked theorem: Nonadditivity.GaussianNetRealization.quadratic_sub_one
Checked theorem: Nonadditivity.HaarPathClasses.normalizedPrefixEq_zero._proof_1_2
Checked theorem: Nonadditivity.NoncommutativeCS.extractState_norm_le
Checked theorem: Nonadditivity.HaarPathClasses.eventList_eq_of_sparseCode_eq
Checked theorem: Nonadditivity.FreeModel.reindexFunction_apply
Checked theorem: Nonadditivity.EntropyContinuity.exists_vonNeumann_hsLength_modulus
Checked theorem: Nonadditivity.FiniteSetFactorization.gramMatrix.eq_1
Checked theorem: Nonadditivity.OperationalConsequences.actual_vanishing_chi_diverging_capacity
Checked theorem: Nonadditivity.HaarTensorReplacement.partialEval.eq_1
Checked theorem: Nonadditivity.QuantumCoding.ProjectiveTest.filtered_complete
Checked theorem: Nonadditivity.PrescribedCost.inputQubits_div_sq_tendsto
Checked theorem: Nonadditivity.HaarFourthMoments.rotationMatrix_mul
Checked theorem: Nonadditivity.HaarMomentConstants.fourth_root_lower
Checked theorem: Nonadditivity.QuantumCoding.conditionalTypicalProjector.eq_1
Checked theorem: Nonadditivity.HaarSharpConstants.polynomial_prefactor_bound._proof_1_1
Checked theorem: Nonadditivity.Channels.KrausChannel.controlled._proof_1
Checked theorem: Nonadditivity.FiniteSetFactorization.representation_difference
Checked theorem: Nonadditivity.InitialNetReduction.shortEmbedding_injective
Checked theorem: Nonadditivity.HaarPathGraph.Path.traversal_count_constant_on_chain
Checked theorem: Nonadditivity.DampedBellStability.filteredBell_sub_length_sq_le
Checked theorem: Nonadditivity.HaarNonbacktracking.chunk_flatMap_reduced
Checked theorem: Nonadditivity.DeterministicQualitative.exists_actual_channel_bounds_with_dimensions._simp_1_3
Checked theorem: Nonadditivity.Entropy.DensityMatrix.unitaryConjugate.eq_1
Checked theorem: Nonadditivity.InitialNetReduction.polynomial.eq_1
Checked theorem: Nonadditivity.HaarNonbacktracking.BranchPlan.regular_timeSum_norm_le
Checked theorem: Nonadditivity.WordBallReduction.stage_finite_norm_sq
Checked theorem: Nonadditivity.HaarTensorReplacement.partial_commute._simp_1_1
Checked theorem: Nonadditivity.ProductHaagerupWords.sector.eq_1
Checked theorem: Nonadditivity.NoncommutativeCS.EndpointSkeleton.mem_initial_range_word_or_final
Checked theorem: Nonadditivity.QuantumCoding.Projection.pythagoras
Checked theorem: Nonadditivity.PolynomialReduction.Polynomial.nonempty
Checked theorem: Nonadditivity.NetPolynomial.scalarPolynomial._proof_2
Checked theorem: _private.Nonadditivity.FiniteBlockModel.0.Nonadditivity.FiniteBlockModel.tensorRepresentation.match_1.eq_2
Checked theorem: Nonadditivity.MatrixRegularRestriction.coefficientPolynomial_subgroup_norm_le
Checked theorem: Nonadditivity.HaarColumnMoments.moment.eq_1
Checked theorem: Nonadditivity.Operational.operationalCapacity.congr_simp
Checked theorem: Nonadditivity.HaarPathGraph.Path.firstVisit_edge_not_earlier._proof_1_1
Checked theorem: Nonadditivity.MatrixRegularRestriction.coefficientPolynomial.eq_1
Checked theorem: Nonadditivity.QuantumCodingContinuity.positiveJordanState._proof_1
Checked theorem: Nonadditivity.HaarModel.sampleProbability
Checked theorem: _private.Nonadditivity.HaarBranchTimeSum.0.Nonadditivity.HaarNonbacktracking.BranchPlan.retime.match_1.eq_4
Checked theorem: Nonadditivity.UpperHaarRealization.exists_arbitrarily_large_gap
Checked theorem: Nonadditivity.HaarPathGraph.Path.coreVertices_add_twice_vertices_le._proof_1_5
Checked theorem: Nonadditivity.HaarPathWeightTransport.dartRelabel_reverse
Checked theorem: Nonadditivity.HaarPathGraph.Path.discoveryGraph_succ_of_first._proof_1_7
Checked theorem: Nonadditivity.Quantitative.coefficient_error_contribution._simp_1_6
Checked theorem: Nonadditivity.PolynomialReduction.Polynomial.dimensionCost.eq_1
Checked theorem: Nonadditivity.Scalar.conversion
Checked theorem: Nonadditivity.HaarMomentConstants.norm_sum_classes_le_encodingMajorant
Checked theorem: Nonadditivity.WordBallReduction.dimensionCost.eq_def
Checked theorem: Nonadditivity.NoncommutativeCS.EndpointTrace.middle.injEq
Checked theorem: Nonadditivity.HaarProfileCoefficient.returning_endpoint_bounds
Checked theorem: Nonadditivity.Channels.KrausChannel.productEnsemble_information
Checked theorem: Nonadditivity.FiniteFreeModel.mk_cons_true
Checked theorem: Nonadditivity.CollinsYounProduct.constant_normalization._simp_1_4
Checked theorem: Nonadditivity.WeylTensor.uniformWeight_nonneg
Checked theorem: _private.Nonadditivity.HaarCanonicalTransport.0.Nonadditivity.StructuredHaarModel.tensorRepresentation.match_1.eq_2
Checked theorem: Nonadditivity.HaarNonbacktracking.removeConstant_mul_constant
Checked theorem: Nonadditivity.HaarFourthMoments.rotationMatrix_sq._simp_1_4
Checked theorem: Nonadditivity.HaarPrescribedDimension.prescribedFamily_gap_upper
Checked theorem: Nonadditivity.Quantitative.tolerance.eq_1
Checked theorem: Nonadditivity.HaarPrescribedDimension.prescribedFamily_output_qubits
Checked theorem: Nonadditivity.PositiveHolevo.exists_block_entropy_le
Checked theorem: Nonadditivity.ProductPolynomialReduction.flatten.eq_1
Checked theorem: Nonadditivity.NoncommutativeCS.EndpointSkeleton.word.eq_3
Checked theorem: Nonadditivity.HaarPermutationSupport.distanceLayerEquiv._proof_6
Checked theorem: Nonadditivity.GaussianRectangular.quadraticOperator_trace_square._simp_1_4
Checked theorem: Nonadditivity.SpectralDamping.damping.eq_1
Checked theorem: Nonadditivity.HaarPermutationSupport.distance_eq_support._simp_1_1
Checked theorem: Nonadditivity.DampedChannel.dampedKraus.eq_2
Checked theorem: Nonadditivity.HaarPathGraph.Path.reverseProfileWord_word
Checked theorem: _private.Nonadditivity.OperationalCapacity.0.Nonadditivity.Operational.CodeSequence.scalar_rate_bound
Checked theorem: Nonadditivity.DeterministicQualitative.exists_actual_channel_bounds_with_dimensions._simp_1_2
Checked theorem: Nonadditivity.HaarPathClasses.normalizedPrefixEq_block
Checked theorem: Nonadditivity.WeylPowers.positiveTensorPower_weylExtension_holevo
Checked theorem: Nonadditivity.SpectralDamping.penalty.congr_simp
Checked theorem: Nonadditivity.HaarPathClasses.SamePattern.edgeAt_mem_treeEdges_iff._simp_1_1
Checked theorem: Nonadditivity.HaarPathClasses.incidenceRank_injective
Checked theorem: Nonadditivity.HaarFourthMoments.rotationCoefficient._proof_1
Checked theorem: _private.Nonadditivity.Linearization.0.Nonadditivity.Linearization.ReducedTail.match_1.eq_1
Checked theorem: Nonadditivity.NoncommutativeCS.EndpointSkeleton.flatten_reversed_occurrenceBlocks
Checked theorem: Nonadditivity.PrescribedTest.exists_prescribed_test._proof_1_1
Checked theorem: Nonadditivity.NoncommutativeCS.closeRegister_apply
Checked theorem: Nonadditivity.StructuredHaarConsequences.exists_explicit_certificate._simp_1_9
Checked theorem: Nonadditivity.Entropy.shannon_ge_neg_log_purity._simp_1_2
Checked theorem: Nonadditivity.InitialNetReduction.coefficient.congr_simp
Checked theorem: Nonadditivity.HaarProfileCoefficient.orientedCoefficients._proof_1
Checked theorem: Nonadditivity.HaarNonbacktracking.BranchPlan.marked.eq_6
Checked theorem: Nonadditivity.HaarNonbacktracking.firstLetter._proof_2
Checked theorem: Nonadditivity.CollinsYounProduct.branchSuccEquiv._proof_2
Checked theorem: Nonadditivity.HaarInvariantTensor.eq_zero_of_commute_power_of_column_zero
Checked theorem: Nonadditivity.OperationalFlaggedEntropy.blockMatrix_diagonal
Checked theorem: Nonadditivity.NoncommutativeCS.Contraction.diagonalReg.sizeOf_spec
Checked theorem: Nonadditivity.HaarPathClasses.card_refined_subfamily_le
Checked theorem: Nonadditivity.HaarPathLocalPhase.columnCount.eq_1
Checked theorem: Nonadditivity.HaarPathClasses.normalized_fresh_run._proof_1_6
Checked theorem: Nonadditivity.HaarPathClasses.refinedQuotientFibreEquiv._proof_4
Checked theorem: Nonadditivity.RegularShiftedDilation.liftStarAlgHom._proof_18
Checked theorem: Nonadditivity.QuantitativeNet.card_le_of_separated
Checked theorem: Nonadditivity.PrescribedCost.normalized_blockLength_tendsto_one
Checked theorem: Nonadditivity.MatrixRegularRestriction.matrixPolynomial_injective_norm_eq
Checked theorem: Nonadditivity.FiniteSetFactorization.paddedPolynomial_norm
Checked theorem: Nonadditivity.HaarPathGraph.Path.source_mem
Checked theorem: Nonadditivity.NoncommutativeCS.Contraction.pathSum_norm_le
Checked theorem: Nonadditivity.NoncommutativeCS.Contraction.kernel_norm_le
Checked theorem: Nonadditivity.NoncommutativeCS.EndpointSkeleton.blockFactors.eq_1
Checked theorem: Nonadditivity.MatrixNormReindex.reindexStarAlgEquiv._proof_3
Checked theorem: Nonadditivity.HaarPathGraph.Path.oldTreeSegment_reduced._proof_1_2
Checked theorem: Nonadditivity.Entropy.DensityMatrix.mk.inj
Checked theorem: Nonadditivity.QuantumCodingContinuity.positiveJordanState.eq_1
Checked theorem: Nonadditivity.ProductHaagerupProduct.curry_polynomial
Checked theorem: Nonadditivity.HaarWordExpansion.regularEval.eq_1
Checked theorem: Nonadditivity.Scalar.ratio_lower
Checked theorem: Nonadditivity.FiniteSetFactorization.factorCoefficient._proof_7
Checked theorem: Nonadditivity.WeylTensor.family_matrix_eq
Checked theorem: Nonadditivity.HaarNonbacktracking.wordCoefficient_apply
Checked theorem: Nonadditivity.NetPolynomial.regularTestPolynomial_selfAdjoint
Checked theorem: Nonadditivity.HaarNonbacktracking.killedPolynomial.eq_def
Checked theorem: Nonadditivity.HaarPathExpansion.continuous_pathProduct
Checked theorem: Nonadditivity.Scalar.deltaK_pos
Checked theorem: Nonadditivity.Operational.CodeSequence.success_le_output_exponential
Checked theorem: Nonadditivity.SpectralDamping.family_damping_norm_le
Checked theorem: Nonadditivity.HaarPathClasses.normalizedPrefixEq_after_treeStop._proof_1_2
Checked theorem: Nonadditivity.NoncommutativeCS.AssignmentProgram.named_sum_products_norm_le
Checked theorem: _private.Nonadditivity.FreeEmbedding.0.Nonadditivity.FreeEmbedding.Covering.treeTarget_injective
Checked theorem: Nonadditivity.Channels.KrausChannel.holevoBits.eq_1
Checked theorem: Nonadditivity.HaarTensorConstants.triangle_succ
Checked theorem: Nonadditivity.FiniteSetFactorization.evaluate_nonconstantGram
Checked theorem: Nonadditivity.WordBallReduction.mem_wordBall_of_bound._proof_1_2
Checked theorem: Nonadditivity.AdjointPurity.trace_conjTranspose_mul_self_re_nonneg
Checked theorem: Nonadditivity.Linearization.differenceSupport.eq_1
Checked theorem: Nonadditivity.RegularCoefficientEnergy.coefficient_energy_le
Checked theorem: Nonadditivity.HaarWeingartenCycles.relativeFixedEquiv._proof_5
Checked theorem: Nonadditivity.Linearization.diagonalBlocksHom._proof_6
Checked theorem: Nonadditivity.BellOutput.pairedChannel_bell_matrix
Checked theorem: Nonadditivity.UniversalFactorization.evaluate.eq_1
Checked theorem: Nonadditivity.HaarProfileBlockCoefficients.paddedFamily.eq_1
Checked theorem: Nonadditivity.QuantumCoding.compressed_trace_le
Checked theorem: Nonadditivity.Operational.POVM.complete
Checked theorem: Nonadditivity.HaarPathGraph.Path.ChainColoring.colorFibreEquiv._proof_2
Checked theorem: Nonadditivity.HaarPathGraph.Path.old_tree_edge_in_prefix
Checked theorem: Nonadditivity.HaarMomentTail.measure_norm_ge_le_normalized_trace_moment._simp_1_5
Checked theorem: Nonadditivity.HaarTensorConstants.momentMultiplier_root_eq_exp._simp_1_4
Checked theorem: Nonadditivity.QuantumCodingTypicality.expectation.eq_1
Checked theorem: Nonadditivity.NoncommutativeCS.EndpointSkeleton.blockFactors.eq_3
Checked theorem: Nonadditivity.EntropyMixtures.ensembleAmplitude_leftGram._simp_1_1
Checked theorem: Nonadditivity.RegularFubini.liftOperator_norm_le
Checked theorem: Nonadditivity.HaarOperatorPathBridge.pathEquiv._proof_4
Checked theorem: Nonadditivity.OneBlockRealization.exists_nonadditive_channel._proof_1_1
Checked theorem: Nonadditivity.HaarPathGraph.Path.toCore_drop
Checked theorem: Nonadditivity.ObservableDimension.hermitian_trace_im
Checked theorem: Nonadditivity.ProductMomentBridge.regularEval_radius_norm_sq_le_of_injective
Checked theorem: _private.Nonadditivity.FreeEmbedding.0.Nonadditivity.FreeEmbedding.Covering.loopMap_injective
Checked theorem: Nonadditivity.RegularCoefficientEnergy.liftOperator._proof_3
Checked theorem: Nonadditivity.InitialNetReduction.regularPaired.eq_1
Checked theorem: Nonadditivity.RegularFactorization.exists_factorization_with_error_transfer
Checked theorem: Nonadditivity.HaarIteratedMoments.recursiveRepresentation.eq_def
Checked theorem: Nonadditivity.ProductPolynomialReduction.splitSupport_card._proof_1_1
Checked theorem: Nonadditivity.ProductHaagerupWords.regular_word_decomposition
Checked theorem: Nonadditivity.HaarOperatorPolynomial.coefficientHom._proof_4
Checked theorem: Nonadditivity.HaarCoefficientBounds.row_norm_sq
Checked theorem: Nonadditivity.HaarPathGraph.Path.edge_count_eq_chain_count
Checked theorem: Nonadditivity.ActualConsequences.actual_small_large
Checked theorem: Nonadditivity.Quantitative.moment_choice_bounds
Checked theorem: _private.Nonadditivity.FreeEmbedding.0.Nonadditivity.FreeEmbedding.Covering.treeTarget._proof_1
Checked theorem: Nonadditivity.Asymptotics.finiteSizeCorrection._proof_1
Checked theorem: Nonadditivity.HaarPathClasses.exists_local_color_normalization
Checked theorem: Nonadditivity.EntropyContinuity.exists_vonNeumann_hsLength_modulus._proof_1_1
Checked theorem: Nonadditivity.DeterministicConsequences.actual_vanishing_diverging
Checked theorem: Nonadditivity.HaarPathGraph.Path.firstVisit_next._proof_1_4
Checked theorem: _private.Nonadditivity.FreeEmbedding.0.Nonadditivity.FreeEmbedding.Covering.parent_lt
Checked theorem: Nonadditivity.GaussianRectangular.quadraticOperator_trace_square
Checked theorem: Nonadditivity.HaarPathGraph.Path.positionDart_reversePosition._proof_1_2
Checked theorem: Nonadditivity.HaarOperatorPathBridge.refinedCoefficientSum_eq_chain_palette
Checked theorem: Nonadditivity.HaarPathGraph.Path.firstVisit_propagates._proof_1_3
Checked theorem: Nonadditivity.PolynomialReduction.Polynomial.constructed_linear_reduction
Checked theorem: Nonadditivity.NoncommutativeCS.EndpointSkeleton.startsMiddle_false_of_empty
Checked theorem: Nonadditivity.RegularizedHolevo.PositiveTensorIndex.eq_1
Checked theorem: Nonadditivity.Holevo.quantity.eq_1
Checked theorem: Nonadditivity.FiniteRealization.observableSubmodule._proof_3
Checked theorem: Nonadditivity.TensorPartitionReduction.width.eq_1
Checked theorem: Nonadditivity.NetPolynomial.permutationIsometry._proof_3
Checked theorem: Nonadditivity.HaarPathInvolution.pair_eq_of_mem
Checked theorem: Nonadditivity.HaarOperatorPolynomial.coefficientHom._proof_6
Checked theorem: Nonadditivity.UniversalFactorization.paddedCoefficients.eq_1
Checked theorem: _private.Nonadditivity.QuantumCodingTraceUnion.0.Nonadditivity.QuantumCoding.actualProduct.match_1.eq_2
Checked theorem: Nonadditivity.Linearization.polar_block_posSemidef_of_identities
Checked theorem: Nonadditivity.WordBallReduction.single_one
Checked theorem: Nonadditivity.NoncommutativeCS.EndpointSkeleton.marked_count_boundary._proof_1_8
Checked theorem: Nonadditivity.WeightedBell.complementary_bell_entropy_le
Checked theorem: Nonadditivity.HaarPathClasses.refinedQuotientFibreEquiv._proof_6
Checked theorem: Nonadditivity.FreeBridge.chainTupleEquiv._proof_3
Checked theorem: Nonadditivity.WordBallReduction.stage_clog_linear._proof_1_1
Checked theorem: Nonadditivity.RegularCoefficientEnergy.coefficientOperator._proof_3
Checked theorem: Nonadditivity.HaarPrescribedDimension.prescribed_input_div_sq_tendsto
Checked theorem: Nonadditivity.Quantitative.coefficient_error_contribution._simp_1_3
Checked theorem: Nonadditivity.HaarNonbacktracking.firstReturnSum.eq_2
Checked theorem: Nonadditivity.Operational.CodeSequence.mk.inj
Checked theorem: Nonadditivity.HaarMatchingFibers.card_labelEquiv_le
Checked theorem: Nonadditivity.WeightedBellScalar.shannon_le_of_merged_distribution
Checked theorem: Nonadditivity.UniversalShiftedDilation.grading_star
Checked theorem: Nonadditivity.FiniteChannelRealization.eventually_exists_converted_bounds
Checked theorem: Nonadditivity.TensorPartitionReduction.reduce_error_transfer._simp_1_10
Checked theorem: Nonadditivity.QuantumCoding.Projection.ofMatrix.congr_simp
Checked theorem: Nonadditivity.ProductHaagerupProduct.polynomial._proof_2
Checked theorem: Nonadditivity.QuantumCodingTypicality.typical_mass_ge
Checked theorem: Nonadditivity.Quantitative.dimension_error_contribution._simp_1_5
Checked theorem: Nonadditivity.HaarNonbacktracking.removeConstant.eq_1
Checked theorem: Nonadditivity.HaarOperatorPathBridge.pathEquiv._proof_3
Checked theorem: Nonadditivity.Operational.POVM.sqrtEffect._proof_3
Checked theorem: Nonadditivity.FiniteRealization.adjointOnObservables._proof_7
Checked theorem: Nonadditivity.HaarPrescribedDimension.prescribedFamily_ratio_upper_eventually._proof_1_1
Checked theorem: Nonadditivity.RegularFactorization.evaluate._proof_6
Checked theorem: Nonadditivity.NoncommutativeCS.EndpointSkeleton.word.eq_1
Checked theorem: Nonadditivity.CollinsYounProduct.groupSuccEquiv._proof_3
Checked theorem: Nonadditivity.Linearization.abs_hermitianDilation
Checked theorem: Nonadditivity.WordBallReduction.stage_cover
Checked theorem: Nonadditivity.HaarPathClasses.normalizedPrefixEq_to_treeStop
Checked theorem: Nonadditivity.RegularRestriction.summable_coset_energy
Checked theorem: Nonadditivity.HaarMomentTail.trace_even_nonneg
Checked theorem: Nonadditivity.SmallEnvironment.exists_singular_output
Checked theorem: Nonadditivity.InitialNetReduction.finiteFactor_gram._simp_1_6
Checked theorem: Nonadditivity.Operational.uniformInformation_dilate
Checked theorem: Nonadditivity.HaarOperatorPolynomial.regular_single
Checked theorem: Nonadditivity.CollinsYounOne.collapsedPolynomial._proof_4
Checked theorem: Nonadditivity.InitialNetReduction.net_regularPaired_eq
Checked theorem: Nonadditivity.HaarPathWeights.singleton_card_edgeList
Checked theorem: Nonadditivity.WeightedBellScalar.perturbedWeights_shannon_le
Checked theorem: Nonadditivity.HaarProfileBlockCoefficients.blockPolynomial.eq_1
Checked theorem: Nonadditivity.HaarModel.sampleMeasure.eq_1
Checked theorem: Nonadditivity.NoncommutativeCS.swap._proof_8
Checked theorem: _private.Nonadditivity.WeightedBellScalar.0.Nonadditivity.WeightedBellScalar.weights.match_1.eq_1
Checked theorem: Nonadditivity.HaarWeingartenCycles.relativeFixedEquiv._proof_2
Checked theorem: Nonadditivity.StructuredLinearization.testFinal_error_transfer_exp._proof_1_1
Checked theorem: Nonadditivity.Operational.CodeSequence.unblockPacket.eq_1
Checked theorem: Nonadditivity.HaarTimeCompositions.mem_compositions_iff._proof_1_4
Checked theorem: Nonadditivity.PolynomialReduction.Polynomial.normalizedCoefficient.eq_1
Checked theorem: Nonadditivity.HaarPathGraph.Path.reversePosition.eq_1
Checked theorem: Nonadditivity.DampedBellStability.bell_length
Checked theorem: Nonadditivity.HaarNonbacktracking.BranchPlan.realize.eq_4
Checked theorem: Nonadditivity.GaussianCertificates.exists_isometry_and_observable_tests
Checked theorem: _private.Nonadditivity.HaarSkeletonSegmentation.0.Nonadditivity.HaarSkeletonSegmentation.mapIdx_duration_eq_times._proof_1_1
Checked theorem: Nonadditivity.ShortEmbeddingNorm.block_degree_reduction
Checked theorem: Nonadditivity.Entropy.unitary_kronecker_conjugate_fixes_scaled_bell
Checked theorem: Nonadditivity.QuantumCoding.average_cross_trace_le
Checked theorem: _private.Nonadditivity.FreeEmbedding.0.Nonadditivity.FreeEmbedding.Covering.norm_basedLoop_le._proof_1_3
Checked theorem: Nonadditivity.Qualitative.exists_block_channels
Checked theorem: Nonadditivity.HaarPathRunCounterexample.path._proof_1
Checked theorem: Nonadditivity.BlockConstruction.block_channel_bell_entropy_le
Checked theorem: Nonadditivity.FreeModel.c_pos._proof_1_1
Checked theorem: Nonadditivity.HaarTimeCompositions.sum_of_mem._proof_1_8
Checked theorem: Nonadditivity.HaarTimeCompositions.mem_compositions_iff._proof_1_2
Checked theorem: Nonadditivity.HaarNonbacktracking.segmentedListProduct.eq_1
Checked theorem: Nonadditivity.GaussianRectangular.quadraticOperator_trace._simp_1_5
Checked theorem: Nonadditivity.InitialNetReduction.regularColumn._proof_2
Checked theorem: Nonadditivity.NoncommutativeCS.AssignmentProgram.finalState.eq_1
Checked theorem: Nonadditivity.QuantumCoding.tensorFamilyState._proof_2
Checked theorem: Nonadditivity.HaarSharpBound.mixed_length_bound._proof_1_1
Checked theorem: Nonadditivity.ActualConsequences.separatingFamily.congr_simp
Checked theorem: Nonadditivity.FiniteFreeModel.generatorPerm._proof_1
Checked theorem: Nonadditivity.StructuredCostBounds.wordSupportBound.eq_1
Checked theorem: Nonadditivity.RegularRestriction.regularPolynomial_injective_norm_eq
Checked theorem: Nonadditivity.HaarPathClasses.normalized_old_tree_colors._proof_1_1
Checked theorem: Nonadditivity.Operational.oneMessage.congr_simp
Checked theorem: Nonadditivity.HaarAveraging.average_mixedTensor_mulVec_eq_iff
Checked theorem: Nonadditivity.HaarPathGraph.Path.discoveryGraph_succ_of_not_first._proof_1_1
Checked theorem: Nonadditivity.HaarPathClasses.SamePattern.coreChainMap_refl
Checked theorem: Nonadditivity.BellOutput.mergedWeights_shannon._simp_1_9
Checked theorem: Nonadditivity.Operational.achievableRate_le_capacity
Checked theorem: Nonadditivity.HaarNonbacktracking.killedPolynomial_norm_le
Checked theorem: Nonadditivity.DampingNet.damped_certificate
Checked theorem: Nonadditivity.CollinsYounProduct.groupSuccEquiv._proof_2
Checked theorem: Nonadditivity.HaarPathClasses.normalizedPrefixEq_to_treeStop._proof_1_3
Checked theorem: Nonadditivity.HaarPathGraph.Path.discoveryGraph._proof_2
Checked theorem: Nonadditivity.HaarPathRuns.card_endpointPositions_le._proof_1_1
Checked theorem: Nonadditivity.Quantitative.remainder_error_contribution
Checked theorem: Nonadditivity.RegularRestriction.extendZero_subgroup_regularPolynomial
Checked theorem: Nonadditivity.Asymptotics.separationUpper._proof_2
Checked theorem: Nonadditivity.QuantumCoding.ProjectiveTest.hermitian
Checked theorem: Nonadditivity.HaarPathGraph.Path.vertexAt_fin._proof_1_1
Checked theorem: Nonadditivity.StructuredCostBounds.word_sum_log_bound
Checked theorem: Nonadditivity.HaarWordExpansion.finiteEval_eq_sum
Checked theorem: Nonadditivity.NetPolynomialSupport.polynomial._proof_1
Checked theorem: Nonadditivity.HaarPathGraph.Path.firstFresh_is_firstVisit
Checked theorem: Nonadditivity.NetPolynomial.blockDiagonalHom._proof_5
Checked theorem: Nonadditivity.HaarOperatorPathBridge.pathOperatorSum._proof_3
Checked theorem: Nonadditivity.WeightedBlock.weightedBlock.congr_simp
Checked theorem: Nonadditivity.HaarIteratedMoments.iteratedMoment_le
Checked theorem: _private.Nonadditivity.OperationalCapacity.0.Nonadditivity.Operational.CodeSequence.hasRate_le_of_eventual_bound
Checked theorem: Nonadditivity.FiniteMomentMatching.regularEval_vacuum._simp_1_3
Checked theorem: Nonadditivity.CollinsYounTensor.lift_creation_commute
Checked theorem: _private.Nonadditivity.GapFractionAsymptotics.0.Nonadditivity.Scalar.log_remainder_bounds
Checked theorem: Nonadditivity.WeightedBellScalar.weights_shannon_le
Checked theorem: Nonadditivity.Channels.KrausChannel.tensorChain_complementary
Checked theorem: Nonadditivity.Channels.KrausChannel.tensor_output_entropy
Checked theorem: Nonadditivity.HaarPathClasses.exists_perm_of_kernel_eq
Checked theorem: Nonadditivity.HaarInvariantTensor.gram_apply_nonneg
Checked theorem: Nonadditivity.QuantumCodingContinuity.mixWeight_nonneg
Checked theorem: Nonadditivity.HaarPathGraph.Path.ChainColoring.refinedPattern
Checked theorem: Nonadditivity.Entropy.maximallyMixed_entropy
Checked theorem: Nonadditivity.Channels.KrausChannel.isometryChannel._proof_1
Checked theorem: Nonadditivity.ProductHaagerupBall.polynomial._proof_2
Checked theorem: Nonadditivity.NoncommutativeCS.EndpointSkeleton.compressed_length_le._proof_1_12
Checked theorem: Nonadditivity.HaarPathGraph.Path.mk.inj
Checked theorem: Nonadditivity.HaarPathGraph.Path.coreChainProfile._proof_3
Checked theorem: Nonadditivity.HaarInvariantTensor.mixed_mul_contractions._simp_1_4
Checked theorem: Nonadditivity.Channels.KrausChannel.holevo_le_of_output_entropy
Checked theorem: Nonadditivity.RegularDilation.regularPolynomial_apply
Checked theorem: Nonadditivity.RegularDilation.rightSlice_apply
Checked theorem: Nonadditivity.RegularCoefficientEnergy.leftRegular._proof_1
Checked theorem: Nonadditivity.HaarPathGraph.Path.coreWord_toWord
Checked theorem: Nonadditivity.GaussianChannelBounds.converted_bounds._simp_1_5
Checked theorem: Nonadditivity.Channels.KrausChannel.switch_weylExtension_holevo
Checked theorem: Nonadditivity.HaarPathClasses.prefixSamePattern_extend_firstVisit._proof_1_2
Checked theorem: Nonadditivity.NoncommutativeCS.AssignmentProgram.assignmentSum_norm_le
Checked theorem: Nonadditivity.WeylPowers.normalizedMinimumEntropy._proof_1
Checked theorem: Nonadditivity.HaarColumnMoments.coeff_one_add_X_sq_pow_zero
Checked theorem: Nonadditivity.GaussianQuadratic.measure_quadratic_le_le
Checked theorem: Nonadditivity.UpperHaarRealization.upper_of_trace_moments
Checked theorem: Nonadditivity.QuantumCoding.Projection.ofMatrix._proof_2
Checked theorem: Nonadditivity.NoncommutativeCS.Contraction.comp.injEq
Checked theorem: Nonadditivity.HaarInvariantTensor.power_mul._simp_1_2
Checked theorem: Nonadditivity.HaarPathClasses.normalizedIncidenceColor_eq_iff
Checked theorem: Nonadditivity.HaarOperatorPolynomial.firstStep_coefficient_norm_le
Checked theorem: Nonadditivity.HaarPathWeightTransport.dartRelabel.eq_1
Checked theorem: Nonadditivity.HaarPathClasses.SamePattern.coreChainMap.congr_simp
Checked theorem: Nonadditivity.QuantumCoding.conditionalTypicalProjector_posSemidef
Checked theorem: Nonadditivity.HaarPrescribedDimension.exists_prescribed_channel_of_lengthBounds
Checked theorem: Nonadditivity.Entropy.pairChainEquiv_succ_apply
Checked theorem: Nonadditivity.HaarPathClasses.RefinedPattern.of_colors_eq
Checked theorem: Nonadditivity.Operational.POVM.labelProjection_idempotent
Checked theorem: Nonadditivity.HaarPathClasses.refinedDefectEquiv._proof_2
Checked theorem: Nonadditivity.WeightedPositivity.weightedComplementary_product_output_diagonal
Checked theorem: Nonadditivity.HaarOnePairAssembly.continuous_pair_word_trace
Checked theorem: Nonadditivity.NoncommutativeCS.EndpointSkeleton.last.inj
Checked theorem: Nonadditivity.TensorPartitionReduction.errorCost_le_prod
Checked theorem: Nonadditivity.HaarPathGraph.Path.refinedChainColoring_color
Checked theorem: Nonadditivity.UniversalFactorization.padded_eq_polynomial
Checked theorem: Nonadditivity.Channels.KrausChannel.adjointMap_isHermitian
Checked theorem: Nonadditivity.PrescribedCost.finiteSizeCorrection_le_inverse
Checked theorem: Nonadditivity.QuantumCoding.tensorFamilyBandProjector_idempotent
Checked theorem: Nonadditivity.Quantitative.quantitative_certificate
Checked theorem: Nonadditivity.HaarPathGraph.Path.internal_darts_color_separated
Checked theorem: Nonadditivity.HaarPathClasses.chainOrbit._proof_1
Checked theorem: Nonadditivity.ProductHaagerupBall.polynomial.eq_1
Checked theorem: Nonadditivity.QuantumCoding.ProjectiveTest.filteredDecoder._proof_1
Checked theorem: Nonadditivity.ProductHaagerupCreation.createWord_contract
Checked theorem: Nonadditivity.NoncommutativeCS.Contraction.operator_apply
Checked theorem: Nonadditivity.WeightedBellScalar.perturbedWeights.congr_simp
Checked theorem: Nonadditivity.ProductHaagerupCreation.createWord_cons_eq_shift
Checked theorem: Nonadditivity.HaarNonbacktracking.BranchPlan.order.eq_5
Checked theorem: Nonadditivity.Channels.KrausChannel.outputs_nonempty
Checked theorem: Nonadditivity.PolynomialReduction.Polynomial.dilate_dimension
Checked theorem: Nonadditivity.PrescribedTest.exists_prescribed_test
Checked theorem: Nonadditivity.RegularFubini.groupSuccEquiv._proof_1
Checked theorem: Nonadditivity.OneBlockRealization.exists_arbitrarily_large_ratio
Checked theorem: Nonadditivity.QuantumCoding.positiveWordEquiv._proof_2
Checked theorem: Nonadditivity.CollinsYoun.mixed._proof_7
Checked theorem: Nonadditivity.StateEnsembles.quantity_nonneg
Checked theorem: Nonadditivity.HaarOperatorPathBridge.normalized_pathWeight_smul_norm_le
Checked theorem: Nonadditivity.HaarPathGraph.Path.positionDart_surjective
Checked theorem: Nonadditivity.Channels.selector.congr_simp
Checked theorem: Nonadditivity.BellOutput.pairState.congr_simp
Checked theorem: Nonadditivity.MatrixRegularRestriction.extendZero_apply_outside
Checked theorem: Nonadditivity.HaarPrescribedDimension.prescribedFamily_regularizedGain_tendsto_atTop_of_delta_pos
Checked theorem: Nonadditivity.NoncommutativeCS.EndpointSkeleton.occurrenceBlocks.eq_1
Checked theorem: Nonadditivity.HaarNonbacktracking.IsStationary.mul
Checked theorem: Nonadditivity.HaarPathGraph.Path.ChainColoring.path_injective
Checked theorem: Nonadditivity.Operational.CodeSequence.holevoCorrection_tendsto_zero
Checked theorem: Nonadditivity.PolynomialReduction.splitSupport_degree._simp_1_3
Checked theorem: Nonadditivity.HaarNonbacktracking.atVacuum_apply
Checked theorem: Nonadditivity.StructuredHaarModel.continuous_polynomial
Checked theorem: Nonadditivity.QuantumCoding.ProjectiveTest.finiteTests_apply
Checked theorem: Nonadditivity.HaarDecodedCoefficientBound.blockFactors_segmentedListProduct._proof_1_1
Checked theorem: Nonadditivity.HaarColumnMoments.averagePolynomial.eq_1
Checked theorem: Nonadditivity.HaarPathClasses.treeStop.congr_simp
Checked theorem: Nonadditivity.ObservableDimension.observableEquivTraceKernel._proof_6
Checked theorem: Nonadditivity.HaarPermutationSupport.distance_symm._simp_1_1
Checked theorem: Nonadditivity.ProductPolynomialReduction.one_mem_splitSupport
Checked theorem: Nonadditivity.HaarVacuumFunctional.vacuumFunctional_regularEval
Checked theorem: Nonadditivity.ProductMomentBridge.norm_even_pow_le_trace._proof_1_2
Checked theorem: Nonadditivity.HaarPathGraph.Path.ChainColoring.color_injective_internal._proof_1_3
Checked theorem: Nonadditivity.StructuredLinearization.fullError_bound
Checked theorem: Nonadditivity.DampedBellStability.damped_pair_remainder_trace
Checked theorem: Nonadditivity.Channels.KrausChannel.switch_output_entropy_lower
Checked theorem: Nonadditivity.PolynomialReduction.Polynomial.reduce_error_transfer
Checked theorem: Nonadditivity.HaarProfilePatternBound.blockFactor_norm_le
Checked theorem: Nonadditivity.HaarMatchingCount.count_ofFn_eq_card
Checked theorem: Nonadditivity.Qualitative.constructed_input_dimension
Checked theorem: Nonadditivity.WeylPowersTwirl.orbitEnsemble._proof_2
Checked theorem: _private.Nonadditivity.FreeEmbedding.0.Nonadditivity.FreeEmbedding.Covering.extraEdges_card
Checked theorem: Nonadditivity.RegularCoefficientEnergy.coefficient_gram_le
Checked theorem: Nonadditivity.RegularizedHolevo.positiveTensorIndexDecidableEq.eq_def
Checked theorem: Nonadditivity.HaarTensorReplacement.productRepresentation._proof_1
Checked theorem: Nonadditivity.FiniteSetFactorization.place.eq_1
Checked theorem: Nonadditivity.WordBallReduction.code_letter
Checked theorem: Nonadditivity.QuantumCoding.Projection.trajectory.eq_def
Checked theorem: Nonadditivity.HaarModel.measurable_blockAdjoint_norm
Checked theorem: Nonadditivity.InitialNetReduction.initial_relative_transfer
Checked theorem: Nonadditivity.NoncommutativeCS.AssignmentProgram.singleton.injEq
Checked theorem: Nonadditivity.HaarPathClasses.SamePattern.trans
Checked theorem: Nonadditivity.FiniteRegularMatrix.regularUnitaryHom._proof_2
Checked theorem: _private.Nonadditivity.NoncommutativeCSAssignments.0.Nonadditivity.NoncommutativeCS.AssignmentProgram.variableCount.match_1.eq_4
Checked theorem: Nonadditivity.NoncommutativeCS.AssignmentProgram.assignmentSum_singleton
Checked theorem: Nonadditivity.FreeModel.gamma._proof_3
Checked theorem: Nonadditivity.PolynomialReduction.Polynomial.errorCost.eq_1
Checked theorem: Nonadditivity.RegularizedHolevo.powerHolevo_zero
Checked theorem: _private.Nonadditivity.FreeEmbedding.0.Nonadditivity.FreeEmbedding.witness_y
Checked theorem: Nonadditivity.HaarPathGraph.Path.exists_chain_decomposition
Checked theorem: Nonadditivity.Asymptotics.blockLength_div_lower
Checked theorem: Nonadditivity.GaussianNormalization.transfer_observable_bound
Checked theorem: Nonadditivity.HaarColumnMoments.coeff_one_add_X_sq_pow_two
Checked theorem: Nonadditivity.HaarNonbacktracking.returnCoefficient.eq_1
Checked theorem: Nonadditivity.QuantumCoding.Sampling.codebookCost._proof_1
Checked theorem: Nonadditivity.HaarPermutationSupport.supportCode_injective
Checked theorem: Nonadditivity.ActualConsequences.separatingFamily.eq_1
Checked theorem: Nonadditivity.HaarPathGraph.Path.oldTreeSegment_reduced._proof_1_6
Checked theorem: Nonadditivity.BlockConstruction.blockChannel_input_dimension
Checked theorem: Nonadditivity.DeterministicConsequences.actual_gap_tendsto_atTop
Checked theorem: Nonadditivity.Operational.POVM.projectedState_matrix_of_pos
Checked theorem: Nonadditivity.HaarModel.localUnitaryCompact
Checked theorem: Nonadditivity.HaarPathExplorationCounterexample.important_times
Checked theorem: _private.Nonadditivity.NoncommutativeCSMemory.0.Nonadditivity.NoncommutativeCS.Contraction.operator.match_1.eq_4
Checked theorem: Nonadditivity.NoncommutativeCS.AssignmentProgram.compile.eq_def
Checked theorem: Nonadditivity.GeneralBell.mul_log_lower._simp_1_7
Checked theorem: Nonadditivity.RegularDilation.fiberLeft_embedRight
Checked theorem: Nonadditivity.ProductHaagerupHomogeneous.splitEquiv._proof_2
Checked theorem: Nonadditivity.HaarNonbacktracking.atVacuum._proof_3
Checked theorem: Nonadditivity.HaarMomentExpectation.integral_rpow_le
Checked theorem: Nonadditivity.HaarSkeletonSegmentation.scanWords.eq_1
Checked theorem: Nonadditivity.Quantitative.threshold_absorption
Checked theorem: Nonadditivity.UpperHaarRealization.exists_arbitrarily_large_gap_of_all_upper._proof_1_1
Checked theorem: Nonadditivity.NetPolynomial.testWord.eq_1
Checked theorem: Nonadditivity.HaarPathClasses.overProfileAssignment_injective
Checked theorem: Nonadditivity.NoncommutativeCS.Contraction.operator.eq_1
Checked theorem: Nonadditivity.NoncommutativeCS.EndpointTrace.compile.eq_4
Checked theorem: Nonadditivity.SpectralDamping.damping_identity
Checked theorem: _private.Nonadditivity.NoncommutativeCSEndpointSkeleton.0.Nonadditivity.NoncommutativeCS.EndpointSkeleton.startsMiddle.match_1.eq_2
Checked theorem: Nonadditivity.WordBallReduction.stage_error_transfer._simp_1_12
Checked theorem: Nonadditivity.ProductPolynomialReduction.firstPart.eq_1
Checked theorem: Nonadditivity.DeterministicConsequences.separatingFamily._proof_2
Checked theorem: Nonadditivity.ProductMomentBridge.functionGroupHom._proof_6
Checked theorem: Nonadditivity.QuantumCoding.spectralProjector_complement._simp_1_1
Checked theorem: Nonadditivity.HaarOperatorPolynomial.coefficient_columnGram_le
Checked theorem: Nonadditivity.OperationalFlaggedEntropy.flag.eq_1
Checked theorem: Nonadditivity.RegularizedHolevo.tensor_power_self_holevoBits
Checked theorem: Nonadditivity.HaarPathRecoloring.recolorPath_colors
Checked theorem: _private.Nonadditivity.ProductHaagerupReindex.0.Nonadditivity.ProductHaagerupProduct.RadiusLe.match_1.eq_2
Checked theorem: Nonadditivity.HaarPathGraph.Path.nextImportant._proof_1
Checked theorem: Nonadditivity.Operational.uniformWeight_sum
Checked theorem: Nonadditivity.BellOutput.mergedStates.eq_1
Checked theorem: Nonadditivity.CollinsYoun.local_polynomial_norm_le_three_hs
Checked theorem: Nonadditivity.TensorPartitionReduction.errorCost.eq_1
Checked theorem: Nonadditivity.UpperHaarRealization.exists_one_block_ratio._simp_1_5
Checked theorem: Nonadditivity.HaarIteratedMoments.OnePairTraceBound._proof_2
Checked theorem: Nonadditivity.WeightedBellScalar.perturbedWeights_sum._proof_1_1
Checked theorem: Nonadditivity.HaarNonbacktracking.vacuum._proof_1
Checked theorem: Nonadditivity.HaarTimeCompositions.positive_of_mem._simp_1_7
Checked theorem: Nonadditivity.RegularizedHolevo.normalized_fixed_channel_gap_tendsto_zero._proof_1_1
Checked theorem: Nonadditivity.HaarPathVertexFibre.reconstruct._proof_5
Checked theorem: Nonadditivity.WordBallReduction.code._proof_1
Checked theorem: Nonadditivity.RegularFactorization.rectLift._proof_2
Checked theorem: Nonadditivity.NoncommutativeCS.DirectSum._proof_1
Checked theorem: Nonadditivity.HaarPathClasses.incidenceDart_mem
Checked theorem: Nonadditivity.HaarNonbacktracking.killedPolynomial_eq_zero_of_reduced_append
Checked theorem: Nonadditivity.PolynomialReduction.Polynomial.dilate._proof_1
Checked theorem: Nonadditivity.MatrixNormReindex.reindex_norm
Checked theorem: Nonadditivity.HaarPathClasses.classImportantTimes_card_le
Checked theorem: Nonadditivity.UniversalFactorization.select_column
Checked theorem: Nonadditivity.HaarPathClasses.refinedQuotientFibreEquiv._proof_3
Checked theorem: Nonadditivity.NoncommutativeCS.swap._proof_1
Checked theorem: _private.Nonadditivity.WeightedBlock.0.Nonadditivity.WeightedBlock.chainScale.match_1.eq_2
Checked theorem: Nonadditivity.HaarPathClasses.normalizedPrefixEq_full
Checked theorem: Nonadditivity.HaarMatchingSharp.card_agreementMatching_le_sharp
Checked theorem: _private.Nonadditivity.QuantumCodingUnion.0.Nonadditivity.QuantumCoding.Projection.trajectory.match_1.eq_2
Checked theorem: Nonadditivity.FiniteRealization.matrixObservable.congr_simp
Checked theorem: Nonadditivity.ActualConsequences.FiniteQuantumChannel.mk.injEq
Checked theorem: Nonadditivity.HaarRefinedVertexFibre.ColorFibre.congr_simp
Checked theorem: Nonadditivity.Main.block_entropy_of_purity._simp_1_9
Checked theorem: Nonadditivity.RegularShiftedDilation.liftStarAlgHom._proof_1
Checked theorem: Nonadditivity.HaarPathGraph.Path.toCore_step
Checked theorem: Nonadditivity.Channels.KrausChannel.stinespring_isometry
Checked theorem: Nonadditivity.HaarIteratedMoments.tensorTupleEquiv._proof_5
Checked theorem: Nonadditivity.StructuredHaarModel.tensorRepresentation_word
Checked theorem: Nonadditivity.FiniteRealization.observableMatrix_matrixObservable
Checked theorem: Nonadditivity.HaarColumnMoments.rotation_mul_entry
Checked theorem: Nonadditivity.OperationalFlaggedEntropy.basisVector.congr_simp
Checked theorem: Nonadditivity.HaarAveraging.continuous_tensorPower
Checked theorem: Nonadditivity.GaussianRectangular.sampleMatrix_mulVec._simp_1_1
Checked theorem: Nonadditivity.HaarPathClasses.refinedQuotientFibreEquiv._proof_5
Checked theorem: Nonadditivity.NetPolynomial.diagonalCoefficient_apply
Checked theorem: Nonadditivity.ProductHaagerupHomogeneous.splitEquiv._proof_8
Checked theorem: Nonadditivity.HaarPathGraph.Path.chainReindex_count
Checked theorem: Nonadditivity.FiniteMomentMatching.support_pow_length_le
Checked theorem: Nonadditivity.WeightedPositivity.state_ne_maximallyMixed_of_diagonal
Checked theorem: Nonadditivity.Entropy.DensityMatrix.ext_iff
Checked theorem: Nonadditivity.freeNormConstant_nonneg
Checked theorem: Nonadditivity.TensorPartitionReduction.residue_split._proof_1_5
Checked theorem: Nonadditivity.HaarMatchingSingletons.mem_relative_support
Checked theorem: Nonadditivity.Quantitative.log_one_add_two_mul_le
Checked theorem: Nonadditivity.HaarOperatorPolynomial.regular_eq_supportPolynomial
Checked theorem: _private.Nonadditivity.NoncommutativeCSAssignments.0.Nonadditivity.NoncommutativeCS.AssignmentProgram.variableCount.match_1.eq_3
Checked theorem: Nonadditivity.NoncommutativeCS.EndpointSkeleton.mem_word_of_initial_closed
Checked theorem: Nonadditivity.HaarPathClasses.normalized_before_first_important
Checked theorem: Nonadditivity.PrescribedCost.threshold_div_sqrt_tendsto_zero
Checked theorem: Nonadditivity.Channels.KrausChannel.ext_iff
Checked theorem: Nonadditivity.HaarVacuumFunctional.vacuumFunctional_operatorCurry_coefficient
Checked theorem: Nonadditivity.QuantumCodingConditionalTypicality.wordPairEquiv._proof_2
Checked theorem: Nonadditivity.HaarPathGraph.Path.singletonEdges_card_eq_chain_lengths
Checked theorem: Nonadditivity.ProductMomentBridge.radius_mul
Checked theorem: Nonadditivity.HaarNonbacktracking.stationary_regularPolynomial
Checked theorem: _private.Nonadditivity.DampedChannel.0.Nonadditivity.DampedChannel.dampedKraus.match_1.eq_2
Checked theorem: Nonadditivity.RegularShiftedDilation.grading._proof_30
Checked theorem: Nonadditivity.HaarOperatorPolynomial.regular_apply
Checked theorem: Nonadditivity.ObservableDimension.observableEquivTraceKernel._proof_4
Checked theorem: _private.Nonadditivity.NoncommutativeCSSingletons.0.Nonadditivity.NoncommutativeCS.EndpointSkeleton.singletonLabels.match_1.eq_2
Checked theorem: Nonadditivity.NetPolynomial.scalarPolynomial._proof_3
Checked theorem: Nonadditivity.UniversalShiftedDilation.dilation._proof_5
Checked theorem: Nonadditivity.QuantumCodingTypicality.log_wordProbability
Checked theorem: Nonadditivity.HaarConsequences.exists_large_gap_and_ratio
Checked theorem: _private.Nonadditivity.FreeEmbedding.0.Nonadditivity.FreeEmbedding.Covering.norm_basedLoop_le._proof_1_2
Checked theorem: Nonadditivity.RegularizedHolevo.powerHolevo.congr_simp
Checked theorem: Nonadditivity.HaarPathClasses.samePattern_of_named_data
Checked theorem: Nonadditivity.RegularFubini.slice._proof_1
Checked theorem: Nonadditivity.WordBallReduction.length_tailLetters
Checked theorem: Nonadditivity.HaarOnePairAssembly.continuous_mixed_moment
Checked theorem: Nonadditivity.QuantumCoding.ProjectiveTest.failure_positive
Checked theorem: Nonadditivity.HaarNonbacktracking.stationary_coefficient_at_one
Checked theorem: Nonadditivity.PrescribedCost.sqrt_log_div_blockLength_tendsto_zero._proof_1_1
Checked theorem: Nonadditivity.SmallEnvironment.exists_singular_output._simp_1_2
Checked theorem: Nonadditivity.Operational.uniformInformation_le_add_of_traceDistance._simp_1_1
Checked theorem: Nonadditivity.HaarOperatorPathBridge.active_refined_defect_identity
Checked theorem: Nonadditivity.Linearization.diagonal_blocks_posSemidef
Checked theorem: Nonadditivity.HaarNonbacktracking.segmentedProduct_cons
Checked theorem: _private.Nonadditivity.ProductPolynomialReduction.0.Nonadditivity.ProductPolynomialReduction.reduce.match_1.eq_2
Checked theorem: Nonadditivity.Quantitative.dimension_error_contribution
Checked theorem: Nonadditivity.HaarInvariantTensor.mixed_mul_contractions
Checked theorem: Nonadditivity.CollinsYounProduct.coefficientEnergy_nonneg
Checked theorem: Nonadditivity.HaarPathGraph.color_reverse_dart
Checked theorem: Nonadditivity.HaarPathGraph.Path.chainLabel_eq_of_common_edge
Checked theorem: Nonadditivity.HaarProfilePermutations.exists_coreChain_positionPerm._proof_1_1
Checked theorem: Nonadditivity.HaarInvariantTensor.contractions_injective_row
Checked theorem: Nonadditivity.NoncommutativeCS.Contraction.pathSum.eq_1
Checked theorem: Nonadditivity.HaarPathVertexFibre.labels._proof_1
Checked theorem: Nonadditivity.HaarPathGraph.Path.ChainColoring.color_injective_internal
Checked theorem: Nonadditivity.FiniteSetFactorization.shifted_dilation_polynomial_norm
Checked theorem: Nonadditivity.HaarPathWeights.integral_sample_pathProduct_eq
Checked theorem: Nonadditivity.HaarPathGraph.Path.firstTimes_terminal_image._proof_1_1
Checked theorem: Nonadditivity.WeylTensor.uniform_average_eq._simp_1_8
Checked theorem: Nonadditivity.HaarWordPhase.positiveCount.eq_1
Checked theorem: Nonadditivity.HaarPathRecoloring.recolorPath_incidenceVertex
Checked theorem: Nonadditivity.UniversalFactorization.dilationSplit_symm_inl
Checked theorem: Nonadditivity.HaarOperatorCurry.operatorCurry.eq_1
Checked theorem: Nonadditivity.Entropy.DensityMatrix.normalized
Checked theorem: Nonadditivity.CollinsYounProduct.branchSuccEquiv._proof_3
Checked theorem: Nonadditivity.CollinsYounProduct.diagonalSum_energy_le
Checked theorem: Nonadditivity.CollinsYoun.mixed._proof_10
Checked theorem: Nonadditivity.HolevoBits.natural_upper_to_bits._simp_1_1
Checked theorem: Nonadditivity.HaarPathClasses.classExplorationCode._proof_2
Checked theorem: Nonadditivity.RegularRestriction.productFree_regularPolynomial_norm_eq
Checked theorem: Nonadditivity.WeightedBell.complementary_output_diagonal._simp_1_1
Checked theorem: Nonadditivity.FiniteBlockModel.tensorRepresentation_trace
Checked theorem: Nonadditivity.HaarPathWeights.selected.eq_1
Checked theorem: Nonadditivity.Operational.mean_sqrt_le_sqrt_mean._simp_1_3
Checked theorem: Nonadditivity.RegularRestriction.cosetSlice._proof_1
Checked theorem: Nonadditivity.HaarOperatorPolynomial.coefficientHom._proof_5
Checked theorem: Nonadditivity.QuantumCodingTypicality.typical_mass_ge._simp_1_5
Checked theorem: Nonadditivity.RegularFactorization.padded_norm_sq
Checked theorem: Nonadditivity.MatrixRegularRestriction.matrixPolynomial_image_eq
Checked theorem: Nonadditivity.OperationalFlaggedEntropy.flag_entropy
Checked theorem: Nonadditivity.FiniteMomentMatching.trace_pow_re_le
Checked theorem: Nonadditivity.InitialNetReduction.norm_le_hsLength
Checked theorem: Nonadditivity.QuantumCoding.inverse_blocklength_tendsto
Checked theorem: Nonadditivity.RegularRestriction.gammaInfinite._proof_1
Checked theorem: Nonadditivity.HaarInvariantTensor.gram_apply_sum
Checked theorem: Nonadditivity.HaarPathGraph.Path.named_old_tree_reconstruction._proof_1_1
Checked theorem: Nonadditivity.FreeModel.c._proof_1
Checked theorem: Nonadditivity.CollinsYounProduct.offPolynomialEnergy_nonneg
Checked theorem: Nonadditivity.FreeGroupCut.getLast?_ne_inv_of_reduced_append
Checked theorem: Nonadditivity.HaarNonbacktracking.removeConstant_apply
Checked theorem: Nonadditivity.FreeModel.leftRegular_apply
Checked theorem: Nonadditivity.Entropy.unitary_kronecker_conjugate_fixes_bell._simp_1_2
Checked theorem: Nonadditivity.CollinsYounProduct.polynomial._proof_2
Checked theorem: Nonadditivity.eventually_exists_kappa_norm_certificate
Checked theorem: Nonadditivity.RegularFactorization.rectLift._proof_6
Checked theorem: Nonadditivity.QuantumCodingContinuity.sum_abs_diagonal_unitary_le
Checked theorem: Nonadditivity.HaarPathGraph.Path.toCore_step._proof_1
Checked theorem: Nonadditivity.HaarPathGraph.Path.internalChain_take
Checked theorem: Nonadditivity.RegularRestriction.regularPolynomial_norm_le_of_injective
Checked theorem: Nonadditivity.PrescribedCost.growingFamily_bounds_eventually
Checked theorem: Nonadditivity.HaarPathExpansion.matrixProduct_trace
Checked theorem: Nonadditivity.Operational.POVM.positive
Checked theorem: Nonadditivity.Operational.mean_sqrt_le_sqrt_mean._simp_1_6
Checked theorem: Nonadditivity.WeightedPositivity.pow_ne_uniform
Checked theorem: Nonadditivity.Main.minimum_block_entropy_of_purity
Checked theorem: Nonadditivity.RegularRestriction.regularPolynomial_subgroup_norm_eq
Checked theorem: Nonadditivity.HaarMatchingFibers.fiberEquiv._proof_1
Checked theorem: Nonadditivity.BlockConstruction.blockChannel_output_dimension
Checked theorem: _private.Nonadditivity.WeightedBellScalar.0.Nonadditivity.BellOutput.mergedWeights.match_1.eq_2
Checked theorem: Nonadditivity.ProductHaagerupProduct.polynomial.eq_1
Checked theorem: Nonadditivity.NoncommutativeCS.EndpointSkeleton.budget.eq_1
Checked theorem: Nonadditivity.HaarWeingartenCounting.sum_fixedTuple_card
Checked theorem: Nonadditivity.NetPolynomial.regularPolynomial_eq_terms
Checked theorem: Nonadditivity.HaarPathGraph.Path.old_tree_edge_in_prefix._proof_1_3
Checked theorem: Nonadditivity.ProductHaagerupProduct.canonicalWord.congr_simp
Checked theorem: Nonadditivity.NoncommutativeCS.AssignmentProgram.compile_cost_le
Checked theorem: Nonadditivity.ActualConsequences.separatingFamily_bounds
Checked theorem: Nonadditivity.HaarOperatorPolynomial.regular_single_one
Checked theorem: Nonadditivity.HaarMomentExpectation.integral_pow_le
Checked theorem: Nonadditivity.HaarColumnMoments.rotation._proof_1
Checked theorem: Nonadditivity.GeneralBell.entropy_le_of_overlap
Checked theorem: Nonadditivity.UniversalShiftedDilation.dilation_selfAdjoint
Checked theorem: Nonadditivity.PrescribedCost.growingFamily_two_use_input_cost_lower._proof_1_1
Checked theorem: Nonadditivity.HaarPathGraph.Path.ChainColoring.colorFibreEquiv._proof_3
Checked theorem: Nonadditivity.HaarWordExpansion.regularEval_vacuum
Checked theorem: Nonadditivity.HaarPathClasses.SamePattern.vertexPerm._proof_1
Checked theorem: Nonadditivity.ActualConsequences.AnalyticInputs.haarStrong
Checked theorem: Nonadditivity.HaarColumnMoments.average_entryPolynomial
Checked theorem: Nonadditivity.HaarPathClasses.incidence_at_fresh_vertex_unique._proof_1_1
Checked theorem: Nonadditivity.Conversion.converted_bounds_of_certificate
Checked theorem: Nonadditivity.Weyl.uniformWeight_sum
Checked theorem: Nonadditivity.BlockScalars.amplification._proof_1
Checked theorem: Nonadditivity.FreeModel.reindexIsometry._proof_1
Checked theorem: Nonadditivity.NoncommutativeCS.EndpointTrace.last.inj
Checked theorem: Nonadditivity.HaarPathGraph.Path.mk.sizeOf_spec
Checked theorem: Nonadditivity.QuantumCodingContinuity.spectralMatrix_trace
Checked theorem: Nonadditivity.HaarPathGraph.Path.twice_vertices_le_length_add_singletons._proof_1_1
Checked theorem: Nonadditivity.ProductMomentBridge.support_pow_radius
Checked theorem: Nonadditivity.FiniteSetFactorization.gramMatrix_posSemidef
Checked theorem: Nonadditivity.RegularFactorization.rectLift_algebraMap
Checked theorem: Nonadditivity.NoncommutativeCS.EndpointSkeleton.first.sizeOf_spec
Checked theorem: Nonadditivity.NetPolynomial.scalarPolynomial._proof_4
Checked theorem: Nonadditivity.NoncommutativeCS.EndpointTrace.compile._proof_1
Checked theorem: Nonadditivity.QuantumCoding.crossAcceptance.eq_1
Checked theorem: Nonadditivity.QuantumCoding.tensorPowerUnitary._proof_1
Checked theorem: Nonadditivity.GaussianNormalization.channelOfIsometry._proof_1
Checked theorem: Nonadditivity.Operational.oneMessageSequence.eq_1
Checked theorem: Nonadditivity.HaarPathGraph.Path.representativePositionEquiv_apply
Checked theorem: Nonadditivity.HaarPathClasses.refinedDefectEquiv._proof_5
Checked theorem: Nonadditivity.PrescribedCost.growingFamily_input_qubits_eventually
Checked theorem: Nonadditivity.Channels.KrausChannel.pureCoefficients.eq_1
Checked theorem: Nonadditivity.HaarPathWeights.singleton_card_eq_sum
Checked theorem: Nonadditivity.HaarOperatorPathBridge.activeRefinedClasses.eq_1
Checked theorem: Nonadditivity.ProductHaagerupProduct.polynomial._proof_1
Checked theorem: Nonadditivity.PolynomialReduction.Polynomial.reduce.eq_1
Checked theorem: Nonadditivity.HaarVacuumFunctional.vacuumFunctional._proof_2
Checked theorem: Nonadditivity.FreeCreation.creation_adjoint
Checked theorem: Nonadditivity.Channels.labelledState._proof_1
Checked theorem: Nonadditivity.HaarInvariantTensor.mixed_fixed_iff_commute
Checked theorem: Nonadditivity.HaarTensorConstants.replacementMultiplier_succ
Checked theorem: Nonadditivity.HaarNonbacktracking.durations_drop_injective
Checked theorem: Nonadditivity.Operational.POVM.labelBlock_trace_complex
Checked theorem: Nonadditivity.HaarPathClasses.SamePattern.vertices_card_eq._proof_1_1
Checked theorem: Nonadditivity.HaarMatchingFibers.fiberEquiv._proof_2
Checked theorem: Nonadditivity.WordBallReduction.errorCost.eq_2
Checked theorem: Nonadditivity.RegularDilation.leftSlice_embedRight
Checked theorem: Nonadditivity.ObservableDimension.observableSpace_finrank
Checked theorem: Nonadditivity.RegularShiftedDilation.grading._proof_21
Checked theorem: Nonadditivity.HaarProfileBlockCoefficients.killed_coefficient_norm_le
Checked theorem: Nonadditivity.UniversalFactorization.term_add
Checked theorem: Nonadditivity.ProductHaagerupHomogeneous.splitEquiv._proof_7
Checked theorem: Nonadditivity.HaarNonbacktracking.BranchPlan.identity.sizeOf_spec
Checked theorem: Nonadditivity.QuantumCoding.ProjectiveTest.filteredDecoder._proof_2
Checked theorem: Nonadditivity.HaarWeingartenCycles.card_fixedTuple_sq_mul_support_le
Checked theorem: Nonadditivity.QuantumCodingContinuity.weighted_mean_gentle_bound
Checked theorem: Nonadditivity.HaarColumnMoments.rowRotationMatrix_sq._simp_1_2
Checked theorem: Nonadditivity.StructuredHaarConsequences.sampleSize_add_one
Checked theorem: Nonadditivity.HaarTimeCompositions.mem_compositions_reverse_iff._simp_1_2
Checked theorem: _private.Nonadditivity.FreeEmbedding.0.Nonadditivity.FreeEmbedding.witness_x
Checked theorem: Nonadditivity.NoncommutativeCS.EndpointSkeleton.singletonLabels.eq_2
Checked theorem: Nonadditivity.HaarInvariantTensor.continuous_entryMonomial
Checked theorem: Nonadditivity.HolevoBits.natural_upper_to_bits._simp_1_6
Checked theorem: Nonadditivity.HaarProfileCoefficient.orientedWord_injective
Checked theorem: Nonadditivity.HaarOnePairAssembly.OnePairLengthBounds._proof_1
Checked theorem: Nonadditivity.QuantumCoding.weighted_compressed_trace
Checked theorem: Nonadditivity.HaarModel.haarProbability
Checked theorem: Nonadditivity.HaarPathGraph.Path.vertices_le_half_of_balanced._proof_1_1
Checked theorem: Nonadditivity.FreeBridge.outputObservable_hsLength
Checked theorem: Nonadditivity.HaarNonbacktracking.mk_flatMap_toWord._simp_1_1
Checked theorem: Nonadditivity.HaarVacuumFunctional.operatorLengthContribution._proof_4
Checked theorem: Nonadditivity.HaarPrescribedDimension.correction_eq
Checked theorem: Nonadditivity.Operational.CodeSequence.rate_le_normalizedPowerHolevo_add_correction
Checked theorem: Nonadditivity.HaarPathGraph.Path.tree_edges_reduced
Checked theorem: Nonadditivity.BlockScalars.amplification_times_constant_pos
Checked theorem: Nonadditivity.HaarPathClasses.orientation_cases._simp_1_2
Checked theorem: Nonadditivity.Operational.Code.outputEnsemble_information
Checked theorem: Nonadditivity.HaarMixedMoments.integral_eq_zero_of_row_phase._proof_1_1
Checked theorem: Nonadditivity.HaarPrescribedDimension.prescribed_gap_sqrt_input_bounds
Checked theorem: Nonadditivity.purity_factor_le
Checked theorem: Nonadditivity.TensorPartitionReduction.stageSupport_single_factor._proof_1_4
Checked theorem: Nonadditivity.Holevo.quantity_eq_sub_minimumEntropy
Checked theorem: Nonadditivity.NoncommutativeCS.EndpointSkeleton.first.inj
Checked theorem: Nonadditivity.HaarPathGraph.Path.oldTreeSegment_reduced._proof_1_8
Checked theorem: Nonadditivity.FiniteSetFactorization.evaluate.congr_simp
Checked theorem: Nonadditivity.DampedChannel.replacementKraus_adjoint_sum._simp_1_2
Checked theorem: Nonadditivity.Entropy.DensityMatrix.mk.sizeOf_spec
Checked theorem: Nonadditivity.HaarPathClasses.card_boundedList_le
Checked theorem: Nonadditivity.Linearization.hermitianDilation_sq
Checked theorem: Nonadditivity.HaarPathClasses.outgoingCode_some_le
Checked theorem: Nonadditivity.HaarIteratedMoments.explicitHaarExpectation_of_onePairTraceBound._proof_1_1
Checked theorem: _private.Nonadditivity.HaarPathTreeSegment.0.Nonadditivity.HaarPathGraph.walkOfSteps.match_1.eq_1
Checked theorem: Nonadditivity.HaarPathMultiplicity.excessOccurrences_eq
Checked theorem: Nonadditivity.UniversalFactorization.factor_gram
Checked theorem: Nonadditivity.HaarSharpBound.onePairTraceBound
Checked theorem: Nonadditivity.HaarInvariantTensor.norm_entry_moment_le_explicit
Checked theorem: Nonadditivity.DeterministicConsequences.actual_two_use_gain_tendsto_atTop
Checked theorem: Nonadditivity.HaarPathGraph.Path.discoveryGraph_zero
Checked theorem: Nonadditivity.UniversalShiftedDilation.norm_le_dilation
Checked theorem: Nonadditivity.QuantumCoding.tensorFamilyBandProjector_trace_bound
Checked theorem: Nonadditivity.HaarTensorReplacement.finiteEval_trivial_norm
Checked theorem: Nonadditivity.HaarPathLocalPhase.entryMonomial_column_phase
Checked theorem: Nonadditivity.ObservableDimension.observableEquivTraceKernel._proof_12
Checked theorem: Nonadditivity.HaarPathGraph.Path.positionDart_injective
Checked theorem: Nonadditivity.HaarFourthMoments.rotationCoefficient_sq._simp_1_2
Checked theorem: Nonadditivity.RegularShiftedDilation.grading._proof_16
Checked theorem: Nonadditivity.StateEnsembles.Ensemble.reindex.eq_1
Checked theorem: Nonadditivity.NetPolynomial.netNegationEquiv._proof_5
Checked theorem: Nonadditivity.Channels.KrausChannel.adjointMap_add
Checked theorem: _private.Nonadditivity.HaarProfileSingletonWeight.0.Nonadditivity.NoncommutativeCS.EndpointSkeleton.singletonLength.match_1.eq_1
Checked theorem: Nonadditivity.HaarPathGraph.Path.discoveryGraph_eq_of_vertex_prefix
Checked theorem: Nonadditivity.HaarNonbacktracking.regularEval_killedPolynomial
Checked theorem: Nonadditivity.RegularCoefficientEnergy.regularPolynomial_single_one
Checked theorem: Nonadditivity.SpectralDamping.spectral_one
Checked theorem: Nonadditivity.FiniteFreeModel.model_ne_one
Checked theorem: Nonadditivity.RegularCoefficientEnergy.liftOperator._proof_1
Checked theorem: Nonadditivity.HaarPathGraph.Path.namedPath.congr_simp
Checked theorem: Nonadditivity.SpectralDamping.norm_le_of_bounds
Checked theorem: Nonadditivity.NetPolynomial.netRegularPolynomial_spectrum_neg
Checked theorem: Nonadditivity.StateEnsembles.entropy_bddBelow
Checked theorem: Nonadditivity.ComplexRealTrace.trace_square_restrict
Checked theorem: Nonadditivity.QuantumCoding.packedError.congr_simp
Checked theorem: Nonadditivity.ProductHaagerupProduct.canonicalWord._proof_1
Checked theorem: Nonadditivity.WordBallReduction.radius_zero
Checked theorem: Nonadditivity.ProductHaagerupReindex.groupEquiv._proof_3
Checked theorem: Nonadditivity.EntropyMixtures.ensembleAmplitude_columns_normSq
Checked theorem: Nonadditivity.ProductPolynomialReduction.splitSupport_degree._simp_1_3
Checked theorem: Nonadditivity.Channels.pureState_entropy_zero
Checked theorem: Nonadditivity.RegularFactorization.rectLift._proof_9
Checked theorem: Nonadditivity.FreeBridge.freeConstant_eq
Checked theorem: Nonadditivity.HaarPathGraph.Path.tree_edge_eq_of_unoriented
Checked theorem: Nonadditivity.Quantitative.remainder_exponent_gap
Checked theorem: Nonadditivity.GaussianNormalization.normalizer_identity
Checked theorem: Nonadditivity.FiniteMomentMatching.trace_finiteEval
Checked theorem: Nonadditivity.HaarInvariantTensor.power.eq_1
Checked theorem: Nonadditivity.HaarInvariantCommutant.power_diagonal
Checked theorem: Nonadditivity.ExactQualitative.exists_actual_channel_bounds_positive
Checked theorem: Nonadditivity.HaarPathRuns.head_endpointFlags._simp_1_2
Checked theorem: Nonadditivity.FiniteSetFactorization.place_posSemidef
Checked theorem: Nonadditivity.Operational.CodeSequence.holevoCorrection.eq_1
Checked theorem: Nonadditivity.Main.block_entropy_of_purity._simp_1_6
Checked theorem: Nonadditivity.ObservableDimension.exists_symmetric_observable_net
Checked theorem: Nonadditivity.HaarNonbacktracking.BranchPlan.timeWeight.eq_2
Checked theorem: Nonadditivity.NoncommutativeCS.splitRegister._proof_6
Checked theorem: Nonadditivity.FreeModel.freeNorm_le_of_collinsYoun
Checked theorem: Nonadditivity.FreeEmbedding.exists_short_embedding
Checked theorem: Nonadditivity.HaarMatchingSharp.card_relativeMatching_le_sharp
Checked theorem: Nonadditivity.Channels.KrausChannel.conjugate_conjugate
Checked theorem: Nonadditivity.InitialNetReduction.finitePaired.congr_simp
Checked theorem: Nonadditivity.Operational.BlockRates.error_subsequence
Checked theorem: Nonadditivity.Linearization.operator_sum_norm_le_sqrt_card
Checked theorem: Nonadditivity.CollinsYoun.double_annihilation_sum_norm_le
Checked theorem: Nonadditivity.GaussianRectangular.trace_quadraticMatrix_sq
Checked theorem: Nonadditivity.inverse_n_net_certificate._simp_1_6
Checked theorem: Nonadditivity.ProductHaagerupWords.regular_word_decomposition._simp_1_9
Checked theorem: Nonadditivity.ProductHaagerupProduct.sum_reduced_wordIndex
Checked theorem: Nonadditivity.Channels.KrausChannel.reindexKraus._proof_1
Checked theorem: Nonadditivity.QuantumCodingTypicality.wordSum_concentration._simp_1_2
Checked theorem: Nonadditivity.Weyl.uniform_average_eq._simp_1_3
Checked theorem: Nonadditivity.BellOutput.bellState._proof_1
Checked theorem: Nonadditivity.MatrixRegularRestriction.matrixPolynomial_eq
Checked theorem: Nonadditivity.Channels.KrausChannel.tensorChain_uniform_kraus
Checked theorem: _private.Nonadditivity.HaarNonbacktracking.0.Nonadditivity.HaarNonbacktracking.killed.match_1.eq_2
Checked theorem: Nonadditivity.HaarPathRuns.first_endpoint
Checked theorem: Nonadditivity.UpperHaarRealization.exists_one_block_ratio._simp_1_8
Checked theorem: Nonadditivity.QuantumCodingContinuity.traceDistance._proof_1
Checked theorem: Nonadditivity.HaarMatchingSharp.residualCount.eq_1
Checked theorem: Nonadditivity.HaarMoments.integral_same_row_eq
Checked theorem: Nonadditivity.WeightedBlock.weightedComplementary.congr_simp
Checked theorem: Nonadditivity.HaarMomentConstants.prescribed_dimension_strong
Checked theorem: Nonadditivity.GaussianNormalization.normalizer_norm_sq
Checked theorem: Nonadditivity.HaarMatchingCount.card_agreementMatching_le._proof_1_2
Checked theorem: Nonadditivity.GaussianNetRealization.quadratic._proof_4
Checked theorem: Nonadditivity.HaarWeingartenCycles.card_fixedTuple
Checked theorem: _private.Nonadditivity.HaarIteratedMoments.0.Nonadditivity.HaarIteratedMoments.iteratedMoment.match_1.eq_2
Checked theorem: Nonadditivity.GaussianNormalization.gram.eq_1
Checked theorem: Nonadditivity.WeightedCertificate.weighted._proof_1
Checked theorem: Nonadditivity.NoncommutativeCS.AssignmentProgram.compile._proof_1
Checked theorem: Nonadditivity.HaarInvariantTensor.norm_sample_pair_entry_moment_le
Checked theorem: _private.Nonadditivity.BlockConstruction.0.Nonadditivity.Entropy.TensorChainIndex.match_1.eq_2
Checked theorem: Nonadditivity.HaarPathClasses.refinedQuotientFibreEquiv._proof_1
Checked theorem: Nonadditivity.WeightedBlock.scale_mul_uniform._simp_1_5
Checked theorem: Nonadditivity.HaarPathClasses.initialColor._proof_1
Checked theorem: Nonadditivity.Weyl.depolarizingChannel_map
Checked theorem: Nonadditivity.HaarColumnMoments.rowRotationMatrix_star._simp_1_2
Checked theorem: Nonadditivity.FiniteRealization.observableMatrix_isHermitian
Checked theorem: Nonadditivity.HaarPathClasses.incidenceDart_flip
Checked theorem: Nonadditivity.HaarWordExpansion.coefficientHom._proof_4
Checked theorem: Nonadditivity.HaarPrescribedDimension.prescribedFamily.eq_1
Checked theorem: Nonadditivity.Holevo.Ensemble.weight_sum
Checked theorem: Nonadditivity.HaarOperatorPolynomial.coefficient_rowGram_le
Checked theorem: Nonadditivity.RegularShiftedDilation.grading._proof_8
Checked theorem: Nonadditivity.HaarWordExpansion.coefficientHom._proof_3
Checked theorem: Nonadditivity.HaarMatchingFibers.card_labelEquiv_le._simp_1_1
Checked theorem: Nonadditivity.Operational.POVM.dilate_mixture
Checked theorem: Nonadditivity.StructuredCostBounds.log_tensorSupportBound_le
Checked theorem: Nonadditivity.HaarPathGraph.walkOfSteps_support
Checked theorem: Nonadditivity.HaarModel.independent_coordinates
Checked theorem: Nonadditivity.HaarWeingartenCycles.card_fixedTuple_sq_mul_support_le._proof_1_1
Checked theorem: Nonadditivity.EntropyContinuity.abs_diagonal_re_le_opNorm
Checked theorem: Nonadditivity.PrescribedTest.unnormalized_trace
Checked theorem: Nonadditivity.HaarMatchingSingletons.singletonEdges_le_two_support._proof_1_1
Checked theorem: Nonadditivity.HaarOperatorPolynomial.regular_vacuum
Checked theorem: Nonadditivity.inverse_n_net_certificate
Checked theorem: Nonadditivity.Entropy.bellWeights_shannon._simp_1_10
Checked theorem: Nonadditivity.ActualConsequences.actual_large_regularizedGain_and_ratio
Checked theorem: Nonadditivity.FiniteFreeModel.partialTranslation._proof_1
Checked theorem: Nonadditivity.DeterministicConsequences.exists_small_chi_large_gap_and_ratio
Checked theorem: Nonadditivity.WeylTensor.family_card
Checked theorem: Nonadditivity.Operational.CodeSequence.rate_le_normalizedPowerHolevo_add_correction._simp_1_6
Checked theorem: Nonadditivity.HaarPathGraph.Path.coreChain_colors_reduced
Checked theorem: Nonadditivity.OperationalFlaggedEntropy.blockMatrix_one
Checked theorem: Nonadditivity.MatrixNormReindex.reindexStarAlgEquiv._proof_2
Checked theorem: Nonadditivity.SmallEnvironment.square_pair_dependent._simp_1_1
Checked theorem: Nonadditivity.HaarNonbacktracking.segmentedProduct_single
Checked theorem: Nonadditivity.Operational.operationalCapacity_nonneg
Checked theorem: Nonadditivity.HaarOperatorPolynomial.coefficient_regular
Checked theorem: Nonadditivity.HaarPathClasses.SamePattern.vertexPerm_mem_vertices_iff._simp_1_3
Checked theorem: Nonadditivity.ProductMomentBridge.functionGroupHom._proof_7
Checked theorem: Nonadditivity.ProductHaagerupHomogeneous.coefficientEnergy.eq_1
Checked theorem: Nonadditivity.FiniteRealization.adjointOnObservables._proof_12
Checked theorem: Nonadditivity.QuantumCoding.Sampling.expect_two
Checked theorem: Nonadditivity.ProductHaagerupReindex.groupEquiv._proof_1
Checked theorem: Nonadditivity.Operational.Code.success_le_input_dimension_div_messages
Checked theorem: Nonadditivity.Channels.pureState.congr_simp
Checked theorem: Nonadditivity.CollinsYounTensor.leftRegular_mul
Checked theorem: Nonadditivity.CollinsYounTensor.mixed._proof_1
Checked theorem: Nonadditivity.DeterministicConsequences.separatingFamily.eq_1
Checked theorem: Nonadditivity.HaarMixedWordExpansion.integral_mixed_moment_error
Checked theorem: Nonadditivity.HaarInvariantTensor.mixed_inv
Checked theorem: Nonadditivity.Holevo.ensemble_information_of_orbit
Checked theorem: Nonadditivity.FiniteSetFactorization.polynomial.eq_1
Checked theorem: Nonadditivity.DampedBellStability.residual_square_trace_le
Checked theorem: Nonadditivity.HaarPathWeights.count_edgeList._proof_1_5
Checked theorem: Nonadditivity.HaarPathRuns.middleRuns_add_head_le._proof_1_5
Checked theorem: Nonadditivity.BlockBell.reindex_output
Checked theorem: Nonadditivity.Operational.Code.success.eq_1
Checked theorem: Nonadditivity.HaarPrescribedDimension.explicitHaarExpectation
Checked theorem: Nonadditivity.HaarPathClasses.classSparseCode_injective
Checked theorem: Nonadditivity.HaarPermutationSupport.distanceLayerEquiv._proof_1
Checked theorem: Nonadditivity.HaarPathGraph.Path.oldTreeSegment_reduced._proof_1_1
Checked theorem: Nonadditivity.HaarNonbacktracking.first_return_decomposition
Checked theorem: Nonadditivity.HaarFourthMoments.rotationCoefficient.eq_1
Checked theorem: Nonadditivity.eventually_exists_kappa_norm_certificate._simp_1_7
Checked theorem: Nonadditivity.HaarInvariantTensor.entry_dimension_of_manuscript_range._proof_1_1
Checked theorem: Nonadditivity.RegularDilation.fiberRight_embedRight
Checked theorem: Nonadditivity.ProductMomentBridge.norm_pow_le_two_card_moment._proof_1_1
Checked theorem: Nonadditivity.StructuredLinearization.fullError._proof_1
Checked theorem: Nonadditivity.HaarPathGraph.Path.card_firstTimes
Checked theorem: Nonadditivity.WeightedBellScalar.perturbedWeights_shannon_le._proof_1_1
Checked theorem: Nonadditivity.HaarPathGraph.Path.reversePosition_involutive
Checked theorem: Nonadditivity.Channels.KrausChannel.minimumEntropy_conjugate._simp_1_2
Checked theorem: Nonadditivity.QuantumCoding.tensorFamilyMatrix_diagonal
Checked theorem: Nonadditivity.HaarMarkedCompositions.markedProduct.eq_def
Checked theorem: Nonadditivity.CollinsYounTensor.mask_add_complement
Checked theorem: Nonadditivity.HaarPathGraph.Path.reversed_prefix_toCore
Checked theorem: Nonadditivity.HaarMomentConstants.alpha._proof_2
Checked theorem: Nonadditivity.HaarPathClasses.normalizer_freshNormalization
Checked theorem: Nonadditivity.Weyl.unitaryMatrix.eq_1
Checked theorem: Nonadditivity.CollinsYounTensor.maskLinear._proof_3
Checked theorem: _private.Nonadditivity.NoncommutativeCSBlocks.0.Nonadditivity.NoncommutativeCS.EndpointSkeleton.blocks.match_1.eq_4
Checked theorem: Nonadditivity.HaarOperatorPolynomial.coefficientHom._proof_1
Checked theorem: Nonadditivity.DampedChannel.replacementKraus_map_sum
Checked theorem: Nonadditivity.StructuredFiniteChannel.branchToOutput_symm_output
Checked theorem: Nonadditivity.ProductHaagerupWords.annihilateWord._proof_5
Checked theorem: Nonadditivity.NoncommutativeCS.EndpointSkeleton.markedFlags.eq_3
Checked theorem: Nonadditivity.HaarColumnMoments.moment_eq_succ_mul_mixed
Checked theorem: Nonadditivity.HaarSharpPathWeight.strong_path_moment_dimension
Checked theorem: Nonadditivity.Entropy.distributionPurity_pos
Checked theorem: Nonadditivity.Operational.POVM.labelBlock_eq
Checked theorem: Nonadditivity.GaussianQuadratic.exists_simultaneous_quadratic_bounds
Checked theorem: Nonadditivity.UpperHaarRealization.exists_one_block_ratio._proof_1_2
Checked theorem: Nonadditivity.ObservableDimension.hermitianTrace.eq_1
Checked theorem: Nonadditivity.ProductMomentBridge.vacuumTrace_even_nonneg
Checked theorem: Nonadditivity.OneBlockRealization.exists_nonadditive_channel
Checked theorem: Nonadditivity.NetPolynomialSupport.polynomial_finiteEval_norm
Checked theorem: Nonadditivity.Entropy.bipartite_entropy_eq
Checked theorem: Nonadditivity.HaarAveraging.tensorPower.eq_2
Checked theorem: Nonadditivity.QuantumCoding.positiveWordEquiv.eq_1
Checked theorem: Nonadditivity.Channels.KrausChannel.stinespringChannel_map
Checked theorem: Nonadditivity.FreeEmbedding.embedding.eq_1
Checked theorem: Nonadditivity.DampedChannel.dampedKraus.congr_simp
Checked theorem: Nonadditivity.StructuredReductionCosts.actual_coefficient_bound
Checked theorem: Nonadditivity.HaarPathGraph.Path.namedPath_edgeAt_eq_iff._simp_1_2
Checked theorem: Nonadditivity.Quantitative.dimension_choice_log_upper
Checked theorem: Nonadditivity.HaarMomentTail.trace_pow_re_eq_sum
Checked theorem: Nonadditivity.NoncommutativeCS.Contraction.kernel_identity
Checked theorem: Nonadditivity.InitialNetReduction.coefficient._proof_7
Checked theorem: _private.Nonadditivity.HaarBranchTimeSum.0.Nonadditivity.HaarNonbacktracking.BranchPlan.retime.match_1.eq_6
Checked theorem: Nonadditivity.Scalar.ratio_identity
Checked theorem: Nonadditivity.NoncommutativeCS.amplify_norm_le
Checked theorem: Nonadditivity.HaarProfilePermutations.exists_perm_labels_fix._simp_1_2
Checked theorem: Nonadditivity.HaarFourthMoments.fourthMoment_eq_two_mixed._simp_1_1
Checked theorem: Nonadditivity.HaarPathGraph.Path.InternalChain.congr_simp
Checked theorem: Nonadditivity.ProductMomentBridge.power_coefficient_energy_le_trace._simp_1_2
Checked theorem: Nonadditivity.exists_unitSphereNet._simp_1_1
Checked theorem: Nonadditivity.GeneralBell.shannon_le_of_large_atom
Checked theorem: Nonadditivity.GaussianNormalization.channel._proof_1
Checked theorem: Nonadditivity.CollinsYounProduct.coefficientEnergy_slices
Checked theorem: Nonadditivity.NoncommutativeCS.splitRegister._proof_10
Checked theorem: Nonadditivity.HaarPathGraph.source_dart
Checked theorem: Nonadditivity.NoncommutativeCS.EndpointSkeleton.exists_compressed._simp_1_7
Checked theorem: Nonadditivity.GeneralBell.krausMass.eq_1
Checked theorem: Nonadditivity.HaarNonbacktracking.segmentedListProduct_cons
Checked theorem: Nonadditivity.HaarPathGraph.Path.namedPath_importantTimes._simp_1_1
Checked theorem: Nonadditivity.Entropy.DensityMatrix.tensorChain.eq_2
Checked theorem: Nonadditivity.HaarNonbacktracking.BranchPlan.order.eq_1
Checked theorem: Nonadditivity.HaarNonbacktracking.BranchPlan.marked.eq_1
Checked theorem: Nonadditivity.FreeEmbedding.logarithmicEmbedding._proof_4
Checked theorem: Nonadditivity.CollinsYounTensor.creation_comp_flip_zero
Checked theorem: Nonadditivity.WeightedCertificate.adjointMap_norm_le
Checked theorem: _private.Nonadditivity.NoncommutativeCSEndpointTrace.0.Nonadditivity.NoncommutativeCS.EndpointTrace.compile.match_1.eq_3
Checked theorem: Nonadditivity.TensorPartitionReduction.stageSupport_card
Checked theorem: Nonadditivity.Channels.KrausChannel.comp.eq_1
Checked theorem: Nonadditivity.HaarPathClasses.RefinedOver.congr_simp
Checked theorem: Nonadditivity.GaussianRectangular.quadraticOperator._proof_2
Checked theorem: Nonadditivity.HaarPathClasses.RefinedPattern.weightDartEquiv_reverse
Checked theorem: Nonadditivity.QuantumCoding.conditionalTypicalTest_mean_rejection_le
Checked theorem: Nonadditivity.FreeCreation.letter_toWord
Checked theorem: Nonadditivity.HaarAveraging.mixedTensor_mul
Checked theorem: Nonadditivity.UniversalFactorization.rectLift_sum
Checked theorem: Nonadditivity.HaarPathClasses.refinedToCoarse_mk
Checked theorem: Nonadditivity.HaarNonbacktracking.coefficient_apply
Checked theorem: Nonadditivity.CollinsYounTensor.double_creation_sum_norm_le
Checked theorem: Nonadditivity.HaarPermutationSupport.distance_triangle
Checked theorem: Nonadditivity.RegularRestriction.regularPolynomial_equiv_norm_eq
Checked theorem: Nonadditivity.FiniteMomentMatching.norm_identity_coefficient_le
Checked theorem: Nonadditivity.ProductPolynomialReduction.halve._proof_1
Checked theorem: Nonadditivity.TensorPartitionReduction.reduce_error_transfer._simp_1_12
Checked theorem: Nonadditivity.HaarPermutationSupport.card_supportSize_le
Checked theorem: Nonadditivity.HaarIteratedMoments.continuous_recursiveRepresentation
Checked theorem: Nonadditivity.FiniteSetFactorization.inverseWords._proof_1
Checked theorem: Nonadditivity.HaarPathGraph.Path.positionEquiv._proof_1
Checked theorem: Nonadditivity.CollinsYounTensor.lift_adjoint
Checked theorem: Nonadditivity.HaarPathGraph.Path.paletteWord.eq_1
Checked theorem: Nonadditivity.Scalar.purity_inflation._simp_1_6
Checked theorem: Nonadditivity.EntropyMixtures.unitaryWeights_nonneg
Checked theorem: Nonadditivity.HaarWordExpansion.haarRepresentation.eq_1
Checked theorem: Nonadditivity.HaarPathGraph.Path.flipColor_involutive
Checked theorem: Nonadditivity.HaarPathGraph.Path.coreVertices_add_twice_vertices_le
Checked theorem: Nonadditivity.Scalar.purity_inflation._simp_1_5
Checked theorem: Nonadditivity.HaarIteratedMoments.continuous_pairRepresentation
Checked theorem: Nonadditivity.Weyl.depolarizingChannel_output_entropy
Checked theorem: Nonadditivity.HaarPathGraph.Path.chainLabels_cover
Checked theorem: Nonadditivity.NoncommutativeCS.EndpointSkeleton.flatten_blocks
Checked theorem: Nonadditivity.HaarIteratedMoments.transportPolynomial_adjoint
Checked theorem: Nonadditivity.ProductHaagerupWords.sector._proof_1
Checked theorem: Nonadditivity.EntropyMixtures.shannon_joint._simp_1_1
Checked theorem: Nonadditivity.HaarFourthMoments.rotationMatrix.eq_1
Checked theorem: _private.Nonadditivity.FiniteBlockModel.0.Nonadditivity.FiniteBlockModel.tensorRepresentation.match_1.eq_1
Checked theorem: Nonadditivity.DampedBellStability.vectorLength._proof_1
Checked theorem: Nonadditivity.GaussianNormalization.rawAdjoint_eq_sum
Checked theorem: Nonadditivity.GaussianNormalization.inv_sqrt_identity
Checked theorem: Nonadditivity.HaarAveraging.mixedTensor_inv
Checked theorem: Nonadditivity.HaarPathExpansion.chainProduct.eq_1
Checked theorem: Nonadditivity.PolynomialReduction.Polynomial.reduce_degree
Checked theorem: Nonadditivity.HaarNonbacktracking.firstReturnSum_eq_sum
Checked theorem: Nonadditivity.NetPolynomial.finitePolynomial.eq_1
Checked theorem: Nonadditivity.HaarColumnMoments.rowRotationMatrix_mul
Checked theorem: Nonadditivity.StructuredLinearization.tensor_bound
Checked theorem: Nonadditivity.NoncommutativeCS.EndpointSkeleton.markedFlags.eq_2
Checked theorem: Nonadditivity.HaarOperatorPathBridge.norm_normalized_pathOperatorSum_le_of_refined_estimates
Checked theorem: Nonadditivity.RegularFactorization.rectLift_square
Checked theorem: Nonadditivity.RegularFubini.curryIsometry._proof_4
Checked theorem: Nonadditivity.ProductPolynomialReduction.dimensionCost.congr_simp
Checked theorem: Nonadditivity.Channels.KrausChannel.holevo_tensor_superadditive
Checked theorem: Nonadditivity.WeightedBellScalar.perturbedWeights.eq_1
Checked theorem: Nonadditivity.Channels.KrausChannel.tensorChain.eq_1
Checked theorem: Nonadditivity.EntropyMixtures.shannon_le_of_doublyStochastic._simp_1_1
Checked theorem: Nonadditivity.FiniteSetFactorization.inverseWords._proof_2
Checked theorem: Nonadditivity.HaarProfilePermutations.restricted_fiber_card._simp_1_1
Checked theorem: Nonadditivity.NoncommutativeCS.diagonal_norm_le
Checked theorem: Nonadditivity.NoncommutativeCS.EndpointSkeleton.Compressed.eq_3
Checked theorem: Nonadditivity.HaarPathClasses.NormalizedPrefixEq.congr_simp
Checked theorem: Nonadditivity.Channels.KrausChannel.covariantExtension_minimumEntropy
Checked theorem: Nonadditivity.ActualConsequences.FiniteQuantumChannel.regularizedHolevo_le_log_output_dim
Checked theorem: Nonadditivity.Channels.KrausChannel.uniformUnitary_kraus_gram
Checked theorem: Nonadditivity.eventually_exists_kappa_norm_certificate._simp_1_5
Checked theorem: Nonadditivity.CollinsYounTensor.creation_domain
Checked theorem: _private.Nonadditivity.FreeEmbedding.0.Nonadditivity.FreeEmbedding.Covering.basedLoop.eq_1
Checked theorem: Nonadditivity.HaarModel.localUnitaryBorel
Checked theorem: Nonadditivity.RegularizedHolevo.normalizedPowerHolevo.congr_simp
Checked theorem: Nonadditivity.HaarColumnMoments.integral_phase_square_left_zero
Checked theorem: Nonadditivity.HaarPermutationSupport.distanceLayerEquiv._proof_2
Checked theorem: Nonadditivity.HaarMoments.continuous_entry
Checked theorem: Nonadditivity.HaarTimeCompositions.reverseEquiv._proof_1
Checked theorem: Nonadditivity.HaarPathClasses.matchingIncidences.congr_simp
Checked theorem: _private.Nonadditivity.HaarBranchTimeSum.0.Nonadditivity.HaarNonbacktracking.BranchPlan.blocks.match_1.eq_4
Checked theorem: Nonadditivity.RegularizedHolevo.powerHolevo_superadditive
Checked theorem: Nonadditivity.InitialNetReduction.polynomial_regularEval
Checked theorem: Nonadditivity.NoncommutativeCS.EndpointSkeleton.singletonLength.eq_4
Checked theorem: Nonadditivity.HaarInvariantCommutant.commute_power_of_unitary
Checked theorem: Nonadditivity.NoncommutativeCS.EndpointSkeleton.blockFactors.eq_4
Checked theorem: Nonadditivity.HaarPathWeights.integral_entryMonomial_eq_zero_of_degree_ne
Checked theorem: Nonadditivity.RegularFactorization.select_column
Checked theorem: Nonadditivity.QuantumCodingContinuity.spectralMatrix.eq_1
Checked theorem: Nonadditivity.HaarNonbacktracking.coefficientAddHom._proof_2
Checked theorem: Nonadditivity.CollinsYounProduct.polynomial_zero_factors
Checked theorem: Nonadditivity.QuantumCodingConditionalTypicality.joint_word_factorization
Checked theorem: _private.Nonadditivity.FreeEmbedding.0.Nonadditivity.FreeEmbedding.Covering.action_of
Checked theorem: Nonadditivity.HaarIteratedMoments.recursive_finiteEval_cons_norm
Checked theorem: Nonadditivity.HaarPathGraph.Path.ChainColoring.ext_value_iff
Checked theorem: Nonadditivity.TensorPartitionReduction.errorCost_eq
Checked theorem: Nonadditivity.Entropy.shannon_le_log_card._simp_1_6
Checked theorem: Nonadditivity.FiniteSetFactorization.exists_finite_factorization
Checked theorem: Nonadditivity.HaarMomentConstants.encodingMajorant.eq_1
Checked theorem: Nonadditivity.HaarInvariantTensor.weingarten_apply_relative
Checked theorem: Nonadditivity.PrescribedCost.growingFamily_two_use_input_cost_lower._simp_1_7
Checked theorem: Nonadditivity.Entropy.DensityMatrix.mk.congr_simp
Checked theorem: Nonadditivity.GeneralBell.shannon_le_of_large_atom._simp_1_3
Checked theorem: Nonadditivity.HaarVacuumFunctional.vacuumFunctional_sum._simp_1_2
Checked theorem: Nonadditivity.HaarPrescribedDimension.prescribedFamily_input_size_remainder_tendsto._proof_1_2
Checked theorem: Nonadditivity.HaarPathGraph.Path.old_tree_segment_reconstruction._proof_1_1
Checked theorem: Nonadditivity.InitialNetReduction.exists_initial_net_polynomial
Checked theorem: Nonadditivity.HaarProfilePermutations.exists_coreChain_positionPerm
Checked theorem: Nonadditivity.RegularShiftedDilation.grading._proof_11
Checked theorem: Nonadditivity.DampedChannel.damped._simp_8
Checked theorem: Nonadditivity.FiniteSetFactorization.coefficient_dimension
Checked theorem: Nonadditivity.QuantumCoding.spectralBand_card
Checked theorem: Nonadditivity.HaarWordPhase.negativeCount.eq_1
Checked theorem: Nonadditivity.ShortEmbeddingNorm.gammaShort.eq_1
Checked theorem: Nonadditivity.HaarSkeletonSegmentation.reverseFactors_mapIdx._simp_1_4
Checked theorem: Nonadditivity.RegularFubini.coefficientPolynomial_diagonal_split
Checked theorem: Nonadditivity.HaarPrescribedDimension.prescribedFamily._proof_2
Checked theorem: Nonadditivity.HaarPathGraph.Path.reverse_mem
Checked theorem: Nonadditivity.HaarPathClasses.SamePattern.vertexPerm.congr_simp
Checked theorem: Nonadditivity.StructuredCostBounds.coefficientBound_log._proof_1_2
Checked theorem: Nonadditivity.NoncommutativeCS.Contraction.cost.eq_2
Checked theorem: Nonadditivity.HaarFourthMoments.integral_entry_norm_four._simp_1_1
Checked theorem: Nonadditivity.FiniteSetFactorization.evaluate_place._simp_1_2
Checked theorem: Nonadditivity.HaarPathGraph.Path.coreChain_length_le
Checked theorem: Nonadditivity.ActualConsequences.FiniteQuantumChannel.normalizedPowerHolevo_le_regularized
Checked theorem: Nonadditivity.HaarPrescribedDimension.prescribedFamily_regularizedRatio_eventually
Checked theorem: Nonadditivity.CollinsYoun.doubleCreation._proof_2
Checked theorem: Nonadditivity.ProductPolynomialReduction.evaluate_flatten
Checked theorem: Nonadditivity.StateEnsembles.Ensemble.ofFinite._proof_3
Checked theorem: Nonadditivity.PrescribedCost.growingFamily_chi_input_cost_bounds._simp_1_3
Checked theorem: Nonadditivity.Channels.KrausChannel.controlled_output_labelled
Checked theorem: Nonadditivity.HaarFourthMoments.rotationCoefficient_sq
Checked theorem: Nonadditivity.NoncommutativeCS.swap._proof_6
Checked theorem: Nonadditivity.collinsYounConstant._proof_1
Checked theorem: _private.Nonadditivity.HaarProfileAssignmentBound.0.Nonadditivity.HaarProfilePatternBound.blockFactor.match_1.eq_1
Checked theorem: Nonadditivity.ProductPolynomialReduction.errorCost_le
Checked theorem: Nonadditivity.HaarPrescribedDimension.exists_prescribed_channel_with_lower_bound._simp_1_5
Checked theorem: Nonadditivity.ProductPolynomialReduction.errorCost.congr_simp
Checked theorem: Nonadditivity.WeightedBlock.weightedBlock_map
Checked theorem: Nonadditivity.EntropyMixtures.bipartiteLeft_entropy_le_shannon
Checked theorem: Nonadditivity.ProductPolynomialReduction.degree_le_one_letters
Checked theorem: Nonadditivity.NoncommutativeCS.EndpointSkeleton.singletonLabels.eq_3
Checked theorem: Nonadditivity.HaarPathGraph.Path.chainReindex_reverse
Checked theorem: Nonadditivity.HaarProfileCoefficient.word_injective
Checked theorem: _private.Nonadditivity.HaarRecursiveSample.0.Nonadditivity.HaarIteratedMoments.recursiveRepresentation.match_1.eq_2
Checked theorem: Nonadditivity.BellOutput.offDiagonal_card
Checked theorem: Nonadditivity.InitialNetReduction.finiteFactor.congr_simp
Checked theorem: Nonadditivity.HaarWeingartenCounting.fixedSuccEquiv._proof_5
Checked theorem: Nonadditivity.HaarWordExpansion.vacuumTrace.eq_1
Checked theorem: Nonadditivity.Dimensions.input_qubits_formula
Checked theorem: Nonadditivity.WeightedBell.complementary_bell_entropy_le_with_margin
Checked theorem: Nonadditivity.BellOutput.pairedChannel_bell_eq_merged._simp_1_3
Checked theorem: Nonadditivity.NoncommutativeCS.EndpointSkeleton.mem_singletonLabels_iff_count_eq_one_not_initial._proof_1_10
Checked theorem: Nonadditivity.Operational.CodeSequence.hasRate_le_regularizedHolevoSupremum
Checked theorem: Nonadditivity.HaarPathGraph.Path.oldTreeSegment_reduced._proof_1_4
Checked theorem: Nonadditivity.NoncommutativeCS.EndpointSkeleton.block_sum_norm_le
Checked theorem: Nonadditivity.HaarPathClasses.SamePattern.coreChainEquiv._proof_1
Checked theorem: Nonadditivity.RegularRestriction.norm_sq
Checked theorem: Nonadditivity.QuantumCodingTypicality.information.eq_1
Checked theorem: Nonadditivity.Quantitative.coefficient_error_contribution._simp_1_1
Checked theorem: Nonadditivity.NoncommutativeCS.EndpointSkeleton.times.eq_def
Checked theorem: Nonadditivity.CollinsYoun.mask_cone_inner_zero
Checked theorem: Nonadditivity.HaarPrescribedDimension.prescribed_sqrt_input_div_tendsto
Checked theorem: Nonadditivity.NoncommutativeCS.AssignmentProgram.coefficient.eq_4
Checked theorem: Nonadditivity.HaarTimeCompositions.mem_compositions_iff._simp_1_7
Checked theorem: Nonadditivity.Quantitative.dimension_error_contribution._simp_1_1
Checked theorem: Nonadditivity.HaarPathGraph.Path.two_le_degree._proof_1_1
Checked theorem: Nonadditivity.QuantumCoding.Projection.mk.injEq
Checked theorem: Nonadditivity.FiniteSetFactorization.polarInsertion_eq
Checked theorem: Nonadditivity.Entropy.DensityMatrix.entropy_bound_of_purity
Checked theorem: Nonadditivity.HaarIteratedMoments.iteratedExpectation_le._proof_1_1
Checked theorem: Nonadditivity.ObservableDimension.observableEquivTraceKernel._proof_10
Checked theorem: Nonadditivity.FiniteRealization.adjointOnObservables._proof_5
Checked theorem: Nonadditivity.NoncommutativeCS.AssignmentProgram.finalState.eq_3
Checked theorem: Nonadditivity.HaarPathGraph.Path.coreChain_eq_of_common_dart
Checked theorem: Nonadditivity.Operational.POVM.labelBlock.eq_1
Checked theorem: Nonadditivity.HaarPaletteDecoder.decode_chain_block
Checked theorem: Nonadditivity.WeylPowersTwirl.label_card
Checked theorem: Nonadditivity.HaarWordExpansion.coefficient_word_commute
Checked theorem: Nonadditivity.Asymptotics.output_normalized_gap_liminf._simp_1_5
Checked theorem: Nonadditivity.Quantitative.moment_parameter_bounds
Checked theorem: _private.Nonadditivity.WeylPowersTwirl.0.Nonadditivity.WeylPowers.positivePairEquiv.match_1.eq_1
Checked theorem: _private.Nonadditivity.QuantumCodingChannelWords.0.Nonadditivity.QuantumCoding.productInputState.match_1.eq_2
Checked theorem: Nonadditivity.PrescribedCost.growingFamily_chi_input_cost_bounds._simp_1_2
Checked theorem: Nonadditivity.HaarTimeCompositions.mem_compositions_reverse_iff._simp_1
Checked theorem: Nonadditivity.HaarPathRuns.last_endpoint
Checked theorem: Nonadditivity.HolevoBits.natural_lower_to_bits
Checked theorem: Nonadditivity.HaarPathGraph.Path.firstVisit_next._simp_1_1
Checked theorem: Nonadditivity.HaarNonbacktracking.killedPolynomial_first_step
Checked theorem: Nonadditivity.HaarPathGraph.Path.defectTwice.eq_1
Checked theorem: Nonadditivity.inverse_n_net_certificate._simp_1_1
Checked theorem: Nonadditivity.HaarPathGraph.Path.mk.congr_simp
Checked theorem: Nonadditivity.Linearization.gram_factorization
Checked theorem: _private.Nonadditivity.RegularRestriction.0.Nonadditivity.RegularRestriction.rightCoset_mk_mul
Checked theorem: Nonadditivity.CollinsYounTensor.mask_adjoint
Checked theorem: Nonadditivity.NoncommutativeCS.Contraction.kernel_comp
Checked theorem: Nonadditivity.HaarSharpSummation.product_eq
Checked theorem: Nonadditivity.HaarNonbacktracking.killedPolynomial_zero
Checked theorem: Nonadditivity.WeightedBlock.chainScale_uniform
Checked theorem: Nonadditivity.ActualConsequences.actual_regularizedHolevo_tendsto_atTop
Checked theorem: Nonadditivity.Entropy.DensityMatrix.conjugate.eq_1
Checked theorem: Nonadditivity.NoncommutativeCS.AssignmentProgram.finalState.eq_2
Checked theorem: Nonadditivity.WordBallReduction.legal_iff
Checked theorem: Nonadditivity.HaarPathClasses.classExplorationCode_injective
Checked theorem: Nonadditivity.HaarOperatorCurry.curry_regularEval
Checked theorem: Nonadditivity.kappa_net_certificate._simp_1_5
Checked theorem: Nonadditivity.RegularFactorization.factor_eq
Checked theorem: Nonadditivity.HaarPathClasses.normalized_old_tree_reconstruction._proof_2
Checked theorem: Nonadditivity.Channels.KrausChannel.tensorWord.eq_1
Checked theorem: Nonadditivity.Asymptotics.separationUpper_tendsto_zero
Checked theorem: Nonadditivity.HaarPathGraph.Path.namedPath_firstTimes
Checked theorem: _private.Nonadditivity.WeightedBell.0.Nonadditivity.BellOutput.mergedWeights.match_1.eq_2
Checked theorem: Nonadditivity.NoncommutativeCS.EndpointSkeleton.startsMiddle.eq_1
Checked theorem: Nonadditivity.HaarPathGraph.Path.named_old_tree_reconstruction._proof_1_6
Checked theorem: Nonadditivity.HaarProfilePadding.embedWords.congr_simp
Checked theorem: Nonadditivity.OperationalFlaggedEntropy.flaggedState.eq_1
Checked theorem: Nonadditivity.RegularFactorization.polynomial_eq
Checked theorem: Nonadditivity.HaarWordExpansion.finiteEval_single
Checked theorem: Nonadditivity.HaarPathClasses.SamePattern.defectTwice_eq
Checked theorem: Nonadditivity.QuantumCoding.filtered_reject_trace_amplitude
Checked theorem: Nonadditivity.HaarPathLocalPhase.integral_eq_zero_of_column_phase
Checked theorem: Nonadditivity.Linearization.dilationSign.eq_1
Checked theorem: Nonadditivity.FreeCreation.maskLinear.eq_1
Checked theorem: Nonadditivity.BlockScalars.capacity_gap_of_converted_bounds
Checked theorem: Nonadditivity.PolynomialReduction.norm_suffix_le
Checked theorem: Nonadditivity.HaarPathGraph.Path.eq_representative_or_reverse
Checked theorem: Nonadditivity.StateEnsembles.quantity_eq_of_orbits
Checked theorem: Nonadditivity.HaarPathClasses.normalized_fresh_run._proof_1
Checked theorem: Nonadditivity.QuantumCoding.tensorMatrix_mul
Checked theorem: Nonadditivity.EntropyStability.hsLength_le_card_mul_of_entry_bound
Checked theorem: Nonadditivity.QuantumCoding.conditionalTypicalProjector_average_acceptance_ge
Checked theorem: Nonadditivity.ProductMomentBridge.functionGroupHom._proof_4
Checked theorem: Nonadditivity.PolynomialReduction.Polynomial.symmetricSupport_inverse._simp_1_3
Checked theorem: Nonadditivity.OperationalFlaggedEntropy.flaggedState_entropy
Checked theorem: Nonadditivity.FiniteRealization.adjointOnObservables._proof_13
Checked theorem: Nonadditivity.Entropy.DensityMatrix.conjugate_weights
Checked theorem: Nonadditivity.ExactQualitative.exists_actual_channel_bounds_with_dimensions
Checked theorem: Nonadditivity.HaarPathGraph.Path.exists_chain_decomposition._proof_1_1
Checked theorem: Nonadditivity.HaarInvariantTensor.power_one
Checked theorem: _private.Nonadditivity.NoncommutativeCSSkeletonDecoration.0.Nonadditivity.NoncommutativeCS.EndpointSkeleton.decorate.match_1.eq_1
Checked theorem: Nonadditivity.GaussianQuadratic.measure_abs_quadratic_ge_le._simp_1_3
Checked theorem: _private.Nonadditivity.FiniteSetFactorization.0.Nonadditivity.FiniteSetFactorization.inverse_modulus_sum
Checked theorem: Nonadditivity.Operational.BlockRates.blockCount_ratio_tendsto._simp_1_7
Checked theorem: Nonadditivity.HaarPathClasses.incidenceIndex_le_of_before
Checked theorem: Nonadditivity.HaarPathMultiplicity.highMultiplicityOccurrences.eq_1
Checked theorem: Nonadditivity.MatrixShortEmbedding.productLogarithmicEmbedding_matrixPolynomial_norm_eq
Checked theorem: Nonadditivity.CollinsYounTensor.leftRegular_apply
Checked theorem: Nonadditivity.Operational.POVM.labelProjection.eq_1
Checked theorem: Nonadditivity.HaarNonbacktracking.removeConstant_add
Checked theorem: Nonadditivity.HaarPathProfiles.card_signedProfile_le
Checked theorem: Nonadditivity.Weyl.char_mul_star
Checked theorem: Nonadditivity.HaarPathClasses.incidenceVertex.eq_1
Checked theorem: Nonadditivity.Entropy.shannon_ge_neg_log_purity._simp_1_4
Checked theorem: Nonadditivity.Channels.KrausChannel.output_entropy_range_conjugate
Checked theorem: Nonadditivity.DampedBellStability.vectorize_sq._simp_1_3
Checked theorem: Nonadditivity.HaarPathGraph.Path.ChainColoring.chainWord_map
Checked theorem: Nonadditivity.HaarOperatorPathBridge.card_active_refined_fibre_le
Checked theorem: Nonadditivity.RegularFubini.curry_apply
Checked theorem: Nonadditivity.BellOutput.conjugate_unitary_fixes_normalizedBellVector
Checked theorem: Nonadditivity.QuantumCodingConditionalTypicality.jointDistribution_sum._simp_1_2
Checked theorem: Nonadditivity.FiniteRealization.adjointOnObservables._proof_9
Checked theorem: Nonadditivity.HaarNonbacktracking.coefficient_factorization_list_reverse
Checked theorem: Nonadditivity.HaarTensorConstants.momentMultiplier_root_eq_exp._simp_1_6
Checked theorem: Nonadditivity.HaarInvariantTensor.norm_entry_moment_le_of_dimension._proof_1_1
Checked theorem: Nonadditivity.HaarPathClasses.incidenceIndex_le_of_before._proof_1_2
Checked theorem: Nonadditivity.FreeModel.freeNorm_nonneg
Checked theorem: Nonadditivity.Weyl.depolarizingChannel.eq_1
Checked theorem: Nonadditivity.HaarSharpPathWeight.normalized_pathWeight_smul_norm_le._proof_1_1
Checked theorem: Nonadditivity.HaarTimeCompositions.mem_compositions_reverse_iff
Checked theorem: Nonadditivity.BellOutput.diagonalEquiv._proof_4
Checked theorem: Nonadditivity.FreeEmbedding.logarithmicEmbedding._proof_1
Checked theorem: Nonadditivity.NoncommutativeCS.EndpointTrace.factors.eq_def
Checked theorem: Nonadditivity.HaarPathClasses.prefixSamePattern_extend_firstVisit
Checked theorem: Nonadditivity.HaarProfilePermutations.coreChainProfile_last
Checked theorem: Nonadditivity.HaarPathGraph.Path.coreChainReverse._proof_1
Checked theorem: Nonadditivity.NoncommutativeCS.AssignmentProgram.assignmentSum_open
Checked theorem: Nonadditivity.NoncommutativeCS.AssignmentProgram.coefficient.eq_def
Checked theorem: Nonadditivity.UniversalFactorization.evaluate._proof_3
Checked theorem: Nonadditivity.NoncommutativeCS.EndpointTrace.middle.inj
Checked theorem: Nonadditivity.HaarNonbacktracking.returnCoefficient.congr_simp
Checked theorem: Nonadditivity.HaarPathGraph.Path.coreChainReverse_length
Checked theorem: Nonadditivity.HaarOperatorPathBridge.strong_path_moment_dimension
Checked theorem: Nonadditivity.Channels.KrausChannel.pureCoefficients_normalized
Checked theorem: Nonadditivity.NoncommutativeCS.EndpointSkeleton.Compressed.eq_def
Checked theorem: Nonadditivity.HaarPathClasses.explorationMark.congr_simp
Checked theorem: Nonadditivity.CollinsYounProduct.groupSuccEquiv._proof_1
Checked theorem: Nonadditivity.WeylTensor.orbit_ensemble_entropy
Checked theorem: Nonadditivity.Operational.CodeSequence.hasRate_le_log_output_dimension
Checked theorem: Nonadditivity.HaarWordExpansion.integral_moment_error
Checked theorem: Nonadditivity.ProductHaagerupHomogeneous.polynomial._proof_2
Checked theorem: _private.Nonadditivity.HaarBranchContractions.0.Nonadditivity.HaarNonbacktracking.BranchPlan.order.match_1.eq_2
Checked theorem: Nonadditivity.HaarMatchingSingletons.not_mem_singletonEdges_of_mem_both
Checked theorem: Nonadditivity.Channels.KrausChannel.tensor.eq_1
Checked theorem: Nonadditivity.HaarPathWeights.columnCount_positive_pathEntries._simp_1_1
Checked theorem: Nonadditivity.TensorPartitionReduction.reduce_error_transfer._simp_1_14
Checked theorem: Nonadditivity.TensorPartitionReduction.reduce.congr_simp
Checked theorem: Nonadditivity.HaarPathClasses.SamePattern.dartPerm_apply
Checked theorem: Nonadditivity.HaarMatchingCount.card_relativeMatching_le._simp_1_2
Checked theorem: Nonadditivity.NoncommutativeCS.EndpointSkeleton.exists_closed_compiler
Checked theorem: Nonadditivity.Operational.CodeSequence.rate_le_input_dimension_of_error_le_half
Checked theorem: Nonadditivity.RegularFactorization.evaluate._proof_9
Checked theorem: Nonadditivity.GaussianRectangular.environmentExtension_norm
Checked theorem: Nonadditivity.GaussianRectangular.environmentExtension.eq_1
Checked theorem: Nonadditivity.Channels.KrausChannel.reindex_output_eq
Checked theorem: _private.Nonadditivity.FreeEmbedding.0.Nonadditivity.FreeEmbedding.Covering.parentLabel.eq_1
Checked theorem: Nonadditivity.Entropy.DensityMatrix.unitaryConjugate._proof_1
Checked theorem: _private.Nonadditivity.WeylPowersTwirl.0.Nonadditivity.WeylPowersTwirl.conjugate_single_apply
Checked theorem: Nonadditivity.HaarInvariantTensor.norm_entry_moment_le_uniform
Checked theorem: Nonadditivity.PolynomialReduction.splitSupport.eq_1
Checked theorem: Nonadditivity.SpectralDamping.spectral_mul
Checked theorem: Nonadditivity.HaarPathMultiplicity.highMultiplicityOccurrences_le_twice_excess
Checked theorem: Nonadditivity.Operational.CodeSequence.rate_le_normalizedPowerHolevo_add_correction._simp_1_7
Checked theorem: Nonadditivity.Quantitative.coefficient_error_contribution._simp_1_5
Checked theorem: Nonadditivity.Asymptotics.log_sqrt_tendsto_atTop
Checked theorem: Nonadditivity.ProductPolynomialReduction.dimensionCost_le._proof_1_4
Checked theorem: Nonadditivity.EntropyContinuity.exists_shannon_modulus
Checked theorem: Nonadditivity.FiniteSetFactorization.representative_spec
Checked theorem: Nonadditivity.HaarIteratedMoments.transportPolynomial_regular_norm
Checked theorem: Nonadditivity.QuantumCodingTypicality.expectation_wordSum_sq_of_centered._simp_1_3
Checked theorem: Nonadditivity.HaarMomentConstants.refinedClassCountMajorant._proof_1
Checked theorem: Nonadditivity.GaussianQuadratic.trace_sq_eq_sum_eigenvalues_sq
Checked theorem: Nonadditivity.WeightedParameters.exists_positive_small_of_tendsto
Checked theorem: Nonadditivity.HaarPathGraph.Path.ChainColoring.color_dartPerm
Checked theorem: Nonadditivity.QuantumCodingContinuity.jordanNegative.eq_1
Checked theorem: Nonadditivity.HaarPathWeights.norm_pathProduct_integral_le._proof_1_5
Checked theorem: Nonadditivity.FiniteSetFactorization.factorCoefficient._proof_4
Checked theorem: Nonadditivity.HaarIteratedMoments.tensorTupleEquiv.eq_1
Checked theorem: Nonadditivity.RegularRestriction.regularPolynomial_apply
Checked theorem: Nonadditivity.HaarPathVertexFibre.reconstruct._proof_1
Checked theorem: Nonadditivity.HaarMomentTail.measure_norm_ge_le_normalized_trace_moment._simp_1_2
Checked theorem: Nonadditivity.HaarPathGraph.Path.coreChainProfile_reverse_last
Checked theorem: Nonadditivity.Operational.CodeSequence.mk.injEq
Checked theorem: Nonadditivity.DeterministicConsequences.actual_regularizedRatio_tendsto_atTop
Checked theorem: Nonadditivity.StructuredCostBounds.supportProduct_dimension_log_bound
Checked theorem: Nonadditivity.PolynomialReduction.firstHalf.eq_1
Checked theorem: Nonadditivity.RegularShiftedDilation.grading._proof_10
Checked theorem: Nonadditivity.OperationalFlaggedEntropy.blockUnitary.eq_1
Checked theorem: Nonadditivity.HaarPathClasses.incidenceVertex_eq
Checked theorem: Nonadditivity.WeylPowersTwirl.uniform_average_eq._simp_1_5
Checked theorem: Nonadditivity.HaarFourthMoments.rowPhase._proof_1
Checked theorem: Nonadditivity.Operational.achievableRate_le_log_input_dimension
Checked theorem: Nonadditivity.Quantitative.exponential_tail_le
Checked theorem: Nonadditivity.RegularFactorization.rectLift._proof_3
Checked theorem: _private.Nonadditivity.HaarNonbacktrackingListSegmentation.0.Nonadditivity.HaarNonbacktracking.segmentedListProduct.match_1.eq_2
Checked theorem: Nonadditivity.NoncommutativeCS.EndpointSkeleton.singletonLength_chain_labels
Checked theorem: Nonadditivity.RegularFactorization.column._proof_1
Checked theorem: Nonadditivity.HaarNonbacktracking.BranchPlan.retime.eq_4
Checked theorem: Nonadditivity.RegularFubini.groupSuccEquiv._proof_3
Checked theorem: Nonadditivity.HaarAveraging.average_mulVec_eq_iff._simp_1_1
Checked theorem: Nonadditivity.ProductHaagerupReindex.groupEquiv._proof_9
Checked theorem: Nonadditivity.Entropy.DensityMatrix.conjugate_conjugate
Checked theorem: Nonadditivity.HaarWeingartenCycles.fixedTupleEquiv._proof_4
Checked theorem: Nonadditivity.PrescribedTest.freeNorm_test._simp_1_5
Checked theorem: Nonadditivity.QuantitativeNet.exists_symmetric_unitSphereNet_with_test
Checked theorem: Nonadditivity.HaarPathClasses.SamePattern.vertexPerm_mem_vertices_iff._simp_1_2
Checked theorem: Nonadditivity.QuantumCoding.ensemble_rate_achievable
Checked theorem: Nonadditivity.NoncommutativeCS.state_resolution
Checked theorem: Nonadditivity.QuantumCoding.tensorTypicalProjector_idempotent
Checked theorem: Nonadditivity.NoncommutativeCS.EndpointSkeleton.brecOn.eq
Checked theorem: _private.Nonadditivity.FiniteSetFactorization.0.Nonadditivity.FiniteSetFactorization.reindex_shift
Checked theorem: Nonadditivity.HaarFourthMoments.sum_mixedMoment._simp_1_1
Checked theorem: Nonadditivity.WordBallReduction.mem_wordBall_of_bound._proof_1_3
Checked theorem: Nonadditivity.HaarPathClasses.explorationEventList.eq_1
Checked theorem: _private.Nonadditivity.NoncommutativeCSBlocks.0.Nonadditivity.NoncommutativeCS.EndpointSkeleton.map_splitLengths
Checked theorem: Nonadditivity.GaussianRectangular.real_inner_complex_euclidean
Checked theorem: Nonadditivity.HaarMixedMoments.integral_entryMonomial_eq_zero_of_row_mismatch
Checked theorem: Nonadditivity.HaarVacuumFunctional.operatorLengthContribution._proof_1
Checked theorem: Nonadditivity.HaarPathExpansion.pairGenerator.eq_1
Checked theorem: Nonadditivity.HaarPathClasses.RefinedPattern.weightDartEquiv_core
Checked theorem: Nonadditivity.RegularFactorization.evaluate_nonconstantGram
Checked theorem: Nonadditivity.Operational.CodeSequence.holevoCorrection._proof_1
Checked theorem: Nonadditivity.QuantumCoding.expMessages_rate_lower._simp_1_3
Checked theorem: Nonadditivity.HaarPathWeights.continuous_listMonomial
Checked theorem: Nonadditivity.ActualConsequences.actual_unbounded_gap
Checked theorem: Nonadditivity.Channels.KrausChannel.tensorPower_output_entropy
Checked theorem: Nonadditivity.HaarProfilePadding.embedWords_injective
Checked theorem: Nonadditivity.StructuredLinearization.errorMultiplier_eq
Checked theorem: Nonadditivity.HaarPathGraph.Path.incomingCount.eq_1
Checked theorem: Nonadditivity.Channels.selector.eq_1
Checked theorem: Nonadditivity.Channels.KrausChannel.randomUnitary.eq_1
Checked theorem: Nonadditivity.HaarPathVertexFibre.fibreEquiv._proof_4
Checked theorem: Nonadditivity.HaarPrescribedDimension.prescribedFamily_ratio_upper_eventually
Checked theorem: Nonadditivity.QuantumCoding.tensorMatrix_diagonal
Checked theorem: Nonadditivity.HaarProfilePatternBound.blockFactor.eq_1
Checked theorem: Nonadditivity.ActualConsequences.FiniteQuantumChannel.two_use_ratio_le_regularizedRatio
Checked theorem: Nonadditivity.inverse_n_net_certificate._simp_1_5
Checked theorem: Nonadditivity.ObservableDimension.hermitianTrace._proof_2
Checked theorem: _private.Nonadditivity.HaarProfileSingletonWeight.0.Nonadditivity.NoncommutativeCS.EndpointSkeleton.singletonLength.match_1.eq_5
Checked theorem: Nonadditivity.HaarPathGraph.Path.colorList_reduced._proof_1_1
Checked theorem: Nonadditivity.PolynomialReduction.Polynomial.step.eq_1
Checked theorem: Nonadditivity.NoncommutativeCS.EndpointSkeleton.times.eq_3
Checked theorem: Nonadditivity.HaarPathVertexFibre.fibreEquiv._proof_8
Checked theorem: Nonadditivity.HaarPathGraph.Path.ChainColoring.source_not_core_of_pos
Checked theorem: Nonadditivity.Channels.KrausChannel.holevo_nonneg
Checked theorem: Nonadditivity.HaarTimeCompositions.sum_reverse
Checked theorem: Nonadditivity.RegularFactorization.rectLift_mul
Checked theorem: Nonadditivity.QuantitativeNet.exists_symmetric_unitSphereNet_with_test._simp_1_1
Checked theorem: Nonadditivity.Conversion.converted_holevo_le_of_output_entropy
Checked theorem: Nonadditivity.QuantumCodingTypicality.typical_mass_ge._simp_1_3
Checked theorem: Nonadditivity.DampedPositivity.exists_damped_output_mixture
Checked theorem: Nonadditivity.Operational.POVM.probability_smul_normalizedBlockState
Checked theorem: Nonadditivity.TensorPartitionReduction.reduce._proof_1
Checked theorem: Nonadditivity.Entropy.pairChainEquiv._proof_4
Checked theorem: Nonadditivity.NoncommutativeCS.insertState._proof_2
Checked theorem: Nonadditivity.NoncommutativeCS.insertState.eq_1
Checked theorem: Nonadditivity.HaarTensorReplacement.partialEval_eq_sum
Checked theorem: Nonadditivity.HaarPermutationSupport.card_supportSize_le._simp_1_2
Checked theorem: Nonadditivity.RegularDilation.fiberRight_dilationCoefficient
Checked theorem: Nonadditivity.HaarIteratedMoments.uncurry_measurePreserving._simp_1_5
Checked theorem: Nonadditivity.RegularDilation.regularPolynomial_single
Checked theorem: Nonadditivity.OneBlockRealization.exists_one_block_ratio_lower._simp_1_6
Checked theorem: Nonadditivity.HaarPathClasses.classPatternCode._proof_1
Checked theorem: Nonadditivity.StructuredCostBounds.log_three_lt
Checked theorem: Nonadditivity.NoncommutativeCS.EndpointSkeleton.singletonLabels.eq_5
Checked theorem: Nonadditivity.RegularizedHolevo.normalizedPowerHolevo_one
Checked theorem: Nonadditivity.BlockConstruction.blockOutputEquiv._proof_1
Checked theorem: Nonadditivity.GeneralBell.krausMass_sum._simp_1_1
Checked theorem: Nonadditivity.UniversalFactorization.rectLift._proof_2
Checked theorem: _private.Nonadditivity.FreeEmbedding.0.Nonadditivity.FreeEmbedding.Covering.parent_lt._proof_1_1
Checked theorem: Nonadditivity.Entropy.positive_trace_real
Checked theorem: Nonadditivity.HaarPathClasses.sum_paths_smul_eq_sum_refined
Checked theorem: Nonadditivity.ActualConsequences.AnalyticInputs.collinsYoun
Checked theorem: Nonadditivity.QuantumCoding.ProjectiveTest.filteredDecoder_probability_ge
Checked theorem: Nonadditivity.WeightedParameters.exists_small_perturbation
Checked theorem: Nonadditivity.ActualConsequences.FiniteQuantumChannel.normalizedPowerHolevo_tendsto
Checked theorem: Nonadditivity.HaarPathGraph.Path.importantStops.eq_1
Checked theorem: Nonadditivity.HaarPathLocalPhase.selected_rowCount_ofFn
Checked theorem: Nonadditivity.QuantumCoding.Projection.mk.inj
Checked theorem: Nonadditivity.CollinsYounProduct.diagonalSum_energy_le._simp_1_1
Checked theorem: Nonadditivity.Linearization.dilationSign._proof_1
Checked theorem: Nonadditivity.SpectralDamping.spectral_mono
Checked theorem: Nonadditivity.HaarInvariantTensor.norm_integral_entryMonomial_le_relative
Checked theorem: Nonadditivity.GaussianNormalization.normalizer.congr_simp
Checked theorem: Nonadditivity.HaarOnePairAssembly.onePairTraceBound_of_lengthBounds
Checked theorem: Nonadditivity.HaarMoments.rowPermutation._proof_1
Checked theorem: Nonadditivity.HaarOperatorPathBridge.norm_operatorLengthContribution_eq
Checked theorem: Nonadditivity.WordBallReduction.bound_of_mem_wordBall._simp_1_2
Checked theorem: Nonadditivity.CollinsYoun.mixed._proof_4
Checked theorem: Nonadditivity.NoncommutativeCS.column._proof_1
Checked theorem: Nonadditivity.NetPolynomial.permutationIsometry._proof_6
Checked theorem: Nonadditivity.Channels.pureState._proof_2
Checked theorem: Nonadditivity.PolynomialReduction.Polynomial.subset_cover
Checked theorem: Nonadditivity.WeylPowers.positiveTensorPower_covariant_holevo
Checked theorem: Nonadditivity.UniversalFactorization.evaluate._proof_1
Checked theorem: Nonadditivity.FreeModel.c_sq
Checked theorem: _private.Nonadditivity.PolynomialReduction.0.Nonadditivity.PolynomialReduction.Polynomial.reduce.match_1.eq_2
Checked theorem: Nonadditivity.WordBallReduction.degree_single
Checked theorem: Nonadditivity.WeightedBellScalar.weights.eq_1
Checked theorem: Nonadditivity.HaarInvariantTensor.mixed_mul_contractions._simp_1_3
Checked theorem: Nonadditivity.WeylPowers.regularized_weylExtension_holevo
Checked theorem: Nonadditivity.HaarPathRuns.middleRuns.eq_3
Checked theorem: Nonadditivity.HaarMixedMoments.prod_row_phase
Checked theorem: Nonadditivity.HaarNonbacktracking.BranchPlan.retime.eq_2
Checked theorem: Nonadditivity.Weyl.uniform_average_eq_weighted_sum
Checked theorem: Nonadditivity.HaarPathGraph.Path.coreChain_not_both_orientations
Checked theorem: Nonadditivity.WeightedBellScalar.perturbation_margin_pos
Checked theorem: Nonadditivity.HaarPathGraph.Path.coreChainReverse._proof_3
Checked theorem: Nonadditivity.WordBallReduction.letter._proof_1
Checked theorem: _private.Nonadditivity.QuantumCodingSequential.0.Nonadditivity.QuantumCoding.ProjectiveTest.rejectProduct.match_1.eq_1
Checked theorem: Nonadditivity.FiniteFreeModel.partialTranslation._proof_5
Checked theorem: Nonadditivity.InitialNetReduction.finitePaired.eq_1
Checked theorem: Nonadditivity.UniversalFactorization.padded_eq
Checked theorem: Nonadditivity.Operational.normalizedPowerHolevo_le_operationalCapacity
Checked theorem: Nonadditivity.Weyl.twirl_sum_eq._simp_1_2
Checked theorem: Nonadditivity.Operational.POVM.sqrtEffect._proof_4
Checked theorem: Nonadditivity.Quantitative.tailBound._proof_2
Checked theorem: Nonadditivity.PositiveHolevo.exists_block_entropy_le._proof_1_3
Checked theorem: Nonadditivity.GaussianNormalization.normalizer._proof_2
Checked theorem: Nonadditivity.HaarPathClasses.normalizedPrefixEq_after_treeStop._proof_1_1
Checked theorem: Nonadditivity.Asymptotics.output_normalized_gap_liminf
Checked theorem: Nonadditivity.Channels.KrausChannel.outputs_subset_switch
Checked theorem: Nonadditivity.PrescribedCost.inputQubits_pos_eventually._proof_1_1
Checked theorem: Nonadditivity.HaarPathGraph.Path.vertices_le_half_of_balanced
Checked theorem: Nonadditivity.WeightedBlock.scale_mul_uniform._simp_1_7
Checked theorem: Nonadditivity.HaarPathGraph.walkOfSteps._proof_4
Checked theorem: Nonadditivity.TensorPartitionReduction.constructed_tensor_reduction
Checked theorem: Nonadditivity.HaarPathGraph.Path.coreProfileWord_word
Checked theorem: Nonadditivity.HaarPermutationSupport.distance_eq_support._simp_1_3
Checked theorem: Nonadditivity.HaarPathGraph.Path.initial_prefix_firstVisit
Checked theorem: _private.Nonadditivity.Entropy.0.Nonadditivity.Entropy.bellWeights.match_1.eq_1
Checked theorem: Nonadditivity.QuantumCoding.Sampling.expect_two._simp_1_2
Checked theorem: _private.Nonadditivity.HaarProfilePatternBound.0.Nonadditivity.NoncommutativeCS.EndpointSkeleton.singletonWeight.match_1.eq_4
Checked theorem: Nonadditivity.HaarPaletteDecoder.blockDirections_get
Checked theorem: Nonadditivity.HaarPathGraph.Path.refinedChainColoring_path
Checked theorem: Nonadditivity.QuantumCoding.ProjectiveTest.complement._proof_1
Checked theorem: Nonadditivity.PositiveHolevo.block_converted_holevoBits_pos._proof_1_2
Checked theorem: Nonadditivity.HaarPathGraph.Path.ToCore.brecOn
Checked theorem: Nonadditivity.HaarPathClasses.normalized_initial_fresh_run._proof_1_4
Checked theorem: Nonadditivity.WeightedBellScalar.perturbedWeights_close
Checked theorem: Nonadditivity.Operational.uniformInformation_le_add_of_mean_traceDistance
Checked theorem: Nonadditivity.QuantumCoding.tensorState_average_acceptance
Checked theorem: Nonadditivity.HaarProfileCompositionBound.durationOf.eq_1
Checked theorem: Nonadditivity.HaarPathClasses.SamePattern.vertexPerm_apply
Checked theorem: Nonadditivity.WeightedMatrixInverse.weighted_inverse_entry_le
Checked theorem: Nonadditivity.BellOutput.conjugateUnitary._proof_1
Checked theorem: Nonadditivity.Channels.inputWeight_nonneg
Checked theorem: Nonadditivity.WordBallReduction.errorCost_pos
Checked theorem: Nonadditivity.DeterministicConsequences.separatingFamily._proof_1
Checked theorem: Nonadditivity.ProductPolynomialReduction.splitSupport_card
Checked theorem: Nonadditivity.WordBallReduction.stage.eq_2
Checked theorem: Nonadditivity.FreeGroupCut.getLast?_mul_of_length_le_one
Checked theorem: Nonadditivity.HaarPathGraph.Path.discoveryGraph.eq_1
Checked theorem: Nonadditivity.HaarPathExpansion.assignmentPath.eq_1
Checked theorem: Nonadditivity.Channels.KrausChannel.reindex._proof_1
Checked theorem: Nonadditivity.RegularShiftedDilation.liftStarAlgHom._proof_3
Checked theorem: Nonadditivity.Entropy.DensityMatrix.centered_isHermitian
Checked theorem: Nonadditivity.UpperHaarRealization.eventually_exists_certificate_of_upper_tails._simp_1_4
Checked theorem: Nonadditivity.HaarPrescribedDimension.prescribedFamily_ratio_liminf_manuscript._proof_1_1
Checked theorem: Nonadditivity.WeylTensor.uniform_average_eq._simp_1_6
Checked theorem: Nonadditivity.PolynomialReduction.Polynomial.step_dimension
Checked theorem: Nonadditivity.HaarPathClasses.samePattern_of_eventList_eq._proof_1_5
Checked theorem: Nonadditivity.FiniteSetFactorization.evaluate_polarInsertion._simp_1_3
Checked theorem: Nonadditivity.SpectralDamping.spectral_id
Checked theorem: Nonadditivity.NoncommutativeCS.EndpointSkeleton.middle.sizeOf_spec
Checked theorem: Nonadditivity.HaarPathLocalPhase.integral_eq_zero_of_column_phase._proof_1_2
Checked theorem: Nonadditivity.Operational.POVM.reindex._proof_2
Checked theorem: Nonadditivity.NoncommutativeCS.EndpointSkeleton.word.eq_4
Checked theorem: Nonadditivity.Quantitative.exp_dominates_power
Checked theorem: Nonadditivity.UniversalFactorization.rectLift_shift
Checked theorem: Nonadditivity.HaarMomentConstants.refinedClass_product_le
Checked theorem: Nonadditivity.HaarTimeCompositions.positive_of_mem._simp_1_6
Checked theorem: Nonadditivity.WordBallReduction.stage._proof_1
Checked theorem: Nonadditivity.RegularShiftedDilation.liftStarAlgHom._proof_12
Checked theorem: _private.Nonadditivity.RegularizedHolevo.0.Nonadditivity.RegularizedHolevo.PositiveTensorIndex.match_1.eq_1
Checked theorem: Nonadditivity.ProductHaagerupCreation.createWord._proof_2
Checked theorem: Nonadditivity.HaarPathClasses.prefixSamePattern_relabeled
Checked theorem: Nonadditivity.Entropy.DensityMatrix.centered_trace_square
Checked theorem: Nonadditivity.GaussianQuadratic.integral_exp_centered_sq_le
Checked theorem: Nonadditivity.BellOutput.conjugate_unitary_fixes_bellState
Checked theorem: Nonadditivity.InitialNetReduction.finitePaired_norm
Checked theorem: Nonadditivity.DeterministicQualitative.exists_actual_channel_bounds_positive
Checked theorem: Nonadditivity.ProductHaagerupReindex.groupEquiv._proof_8
Checked theorem: Nonadditivity.Entropy.shannon_nonneg
Checked theorem: Nonadditivity.UniversalFactorization.rectLift_smul
Checked theorem: Nonadditivity.NoncommutativeCS.Contraction.operator.congr_simp
Checked theorem: Nonadditivity.HaarPathGraph.Path.edgeList_eq_flatMap_chainEdges
Checked theorem: Nonadditivity.HaarSharpSummation.countMajorant_nonneg
Checked theorem: Nonadditivity.NoncommutativeCS.EndpointSkeleton.mem_singletonLabels_iff_count_eq_one_not_initial._simp_1_13
Checked theorem: Nonadditivity.HaarInvariantTensor.contractions_mulVec_injective
Checked theorem: Nonadditivity.NoncommutativeCS.row.congr_simp
Checked theorem: Nonadditivity.NoncommutativeCS.EndpointSkeleton.compressed_length_le
Checked theorem: _private.Nonadditivity.HaarSkeletonSegmentation.0.Nonadditivity.HaarSkeletonSegmentation.mapIdx_duration_eq_times
Checked theorem: Nonadditivity.BellOutput.normalizedBellVector.congr_simp
Checked theorem: Nonadditivity.HaarPathClasses.normalizedPrefixEq_fresh_interval._proof_1_3
Checked theorem: Nonadditivity.WordBallReduction.tailLetters.eq_def
Checked theorem: Nonadditivity.Operational.Code.uniformInformation_le_holevo
Checked theorem: Nonadditivity.QuantumCodingContinuity.traceDistance_comm
Checked theorem: Nonadditivity.HaarNonbacktracking.BranchPlan.realize.eq_1
Checked theorem: Nonadditivity.DampedChannel.residualRoot.congr_simp
Checked theorem: Nonadditivity.HaarWordPhase.scalarPhase.congr_simp
Checked theorem: Nonadditivity.WeylPowersTwirl.twirl_sum_eq._simp_1_1
Checked theorem: Nonadditivity.TensorPartitionReduction.mem_stageSupport_iff._simp_1_4
Checked theorem: Nonadditivity.HaarNonbacktracking.BranchPlan.openReg.congr_simp
Checked theorem: Nonadditivity.Entropy.bellWeights_sum
Checked theorem: Nonadditivity.UniversalFactorization.exists_universal_factorization
Checked theorem: Nonadditivity.Qualitative.eventually_exists_block_channels
Checked theorem: Nonadditivity.UniversalFactorization.evaluate._proof_11
Checked theorem: Nonadditivity.UniversalFactorization.dilationSplit_snd
Checked theorem: Nonadditivity.QuantumCodingTypicality.information_centered._simp_1_1
Checked theorem: Nonadditivity.HaarMatchingFibers.fiberEquiv._proof_3
Checked theorem: Nonadditivity.ProductPolynomialReduction.dimensionCost_le._proof_1_6
Checked theorem: Nonadditivity.PolynomialReduction.Polynomial.dilate.eq_1
Checked theorem: Nonadditivity.Scalar.purity_inflation._simp_1_2
Checked theorem: Nonadditivity.HaarNonbacktracking.chunk_products_flatMap
Checked theorem: Nonadditivity.ObservableDimension.exists_symmetric_observable_net_for_matrix
Checked theorem: Nonadditivity.SmallEnvironment.normalized_kernel
Checked theorem: Nonadditivity.Holevo.minimumEntropy_le
Checked theorem: Nonadditivity.WeylPowersTwirl.uniform_average_eq._simp_1_7
Checked theorem: Nonadditivity.SpectralDamping.spectral_posSemidef
Checked theorem: Nonadditivity.QuantitativeNet.exists_symmetric_unitSphereNet_containing._proof_1_1
Checked theorem: Nonadditivity.HaarMomentExpectation.integral_norm_le_rpow_of_moment_le
Checked theorem: Nonadditivity.Entropy.DensityMatrix.ext
Checked theorem: Nonadditivity.BlockBell.tensorChain_pair_reindex
Checked theorem: Nonadditivity.StructuredCostBounds.wordLength_le._proof_1_1
Checked theorem: Nonadditivity.HaarPathGraph.Path.card_unorientedChains_le_budget
Checked theorem: Nonadditivity.HaarPathClasses.SamePattern.coreChainEquiv_apply
Checked theorem: _private.Nonadditivity.HaarMarkedCompositions.0.Nonadditivity.HaarMarkedCompositions.markedProduct.match_1.eq_3
Checked theorem: Nonadditivity.HaarPathGraph.Path.representativePosition_injective
Checked theorem: Nonadditivity.WeightedCertificate.weighted.eq_1
Checked theorem: Nonadditivity.HaarPathClasses.prefixSamePattern_fresh_run._proof_1_1
Checked theorem: _private.Nonadditivity.HaarBranchTimeSum.0.Nonadditivity.HaarNonbacktracking.BranchPlan.retime.match_1.eq_3
Checked theorem: Nonadditivity.HaarPathGraph.Path.coreVertices_add_twice_vertices_le._proof_1_4
Checked theorem: Nonadditivity.DeterministicQualitative.exists_actual_channel_bounds_with_dimensions._simp_1_4
Checked theorem: Nonadditivity.Weyl.shifted_conjugation_apply
Checked theorem: Nonadditivity.HaarPathGraph.Path.discoveryGraph._proof_1
Checked theorem: Nonadditivity.FreeBridge.outputObservable_isHermitian
Checked theorem: Nonadditivity.HaarPathWeights.norm_signedProduct_integral_le._proof_1_3
Checked theorem: Nonadditivity.CollinsYounTensor.doubleCreation.congr_simp
Checked theorem: Nonadditivity.DampedChannel.damped._simp_7
Checked theorem: Nonadditivity.StructuredCostBounds.sum_linear_indices
Checked theorem: _private.Nonadditivity.FreeEmbedding.0.Nonadditivity.FreeEmbedding.Covering.partialTarget._proof_1
Checked theorem: _private.Nonadditivity.RegularCoefficientEnergy.0.Nonadditivity.RegularCoefficientEnergy.square_bound
Checked theorem: Nonadditivity.HaarPathGraph.Path.namedPath_firstTimes._simp_1_1
Checked theorem: Nonadditivity.AdjointPurity.channel_output_purity_and_entropy
Checked theorem: Nonadditivity.FiniteSetFactorization.paddedCoefficient.congr_simp
Checked theorem: Nonadditivity.FiniteSetFactorization.constantCorrection_posSemidef
Checked theorem: Nonadditivity.HaarDecodedCoefficientBound.coefficient_eq_composition_sum
Checked theorem: _private.Nonadditivity.FreeEmbedding.0.Nonadditivity.FreeEmbedding.Covering.child.eq_1
Checked theorem: Nonadditivity.HaarPathGraph.Path.chainReindex_mem_core_iff
Checked theorem: Nonadditivity.RegularizedHolevo.normalized_fixed_channel_gap_tendsto_zero._simp_1_6
Checked theorem: Nonadditivity.QuantumCoding.tensorFamilyMatrix_diagonalization
Checked theorem: Nonadditivity.Entropy.DensityMatrix.entropy_eq_neg_root_sum
Checked theorem: Nonadditivity.HaarNonbacktracking.BranchPlan.retime.eq_3
Checked theorem: Nonadditivity.HaarWordPhase.integral_normalizedWordTrace_eq_zero_of_odd
Checked theorem: Nonadditivity.HaarPathRuns.count_endpointFlags
Checked theorem: Nonadditivity.GeneralBell.mul_log_lower._simp_1_3
Checked theorem: Nonadditivity.HaarOperatorPathBridge.pathEquiv._proof_2
Checked theorem: Nonadditivity.Channels.KrausChannel.switch_output_true
Checked theorem: Nonadditivity.HaarMarkedCompositions.blocks.eq_def
Checked theorem: Nonadditivity.ObservableDimension.observableEquivTraceKernel._proof_3
Checked theorem: Nonadditivity.Channels.select_labelledState
Checked theorem: Nonadditivity.Operational.DensityMatrix.one_sub_posSemidef._simp_1_1
Checked theorem: Nonadditivity.NetPolynomial.slice_apply
Checked theorem: Nonadditivity.Channels.KrausChannel.outputUnitary.eq_1
Checked theorem: Nonadditivity.Operational.POVM.labelProjection_positive
Checked theorem: Nonadditivity.RegularCoefficientEnergy.regularPolynomial.eq_1
Checked theorem: Nonadditivity.CollinsYounTensor.leftRegular_adjoint
Checked theorem: Nonadditivity.ProductPolynomialReduction.constructed_selfAdjoint_linear_reduction
Checked theorem: Nonadditivity.InitialNetReduction.finitePaired_negation_reindex
Checked theorem: Nonadditivity.FiniteSetFactorization.polynomial.congr_simp
Checked theorem: Nonadditivity.StructuredFiniteChannel.finitePaired_norm_eq_block_adjoints
Checked theorem: Nonadditivity.Channels.KrausChannel.output._proof_2
Checked theorem: Nonadditivity.HaarTimeCompositions.compositions.eq_2
Checked theorem: Nonadditivity.GaussianNormalization.eigenvalue_lower._simp_1_2
Checked theorem: Nonadditivity.FiniteRegularMatrix.regularUnitaryHom_trace
Checked theorem: Nonadditivity.HaarInvariantTensor.matchingMultiplicity_eq_sum
Checked theorem: Nonadditivity.HaarPrescribedDimension.inputLeading_pos
Checked theorem: Nonadditivity.HaarPathGraph.Path.paletteWord_word
Checked theorem: Nonadditivity.HaarPathGraph.Path.coreChain_source_mem_core_iff
Checked theorem: Nonadditivity.RegularRestriction.regularPolynomial_subgroup_norm_le
Checked theorem: Nonadditivity.WeightedCertificate.adjointMap_real_smul_one
Checked theorem: Nonadditivity.HaarPathClasses.relabeled_iff_samePattern
Checked theorem: Nonadditivity.OperationalFlaggedEntropy.flaggedState_eq_blockMatrix
Checked theorem: Nonadditivity.HaarPathGraph.Path.defectTwice.congr_simp
Checked theorem: Nonadditivity.QuantumCodingContinuity.spectralMatrix_sub
Checked theorem: Nonadditivity.Channels.pureState.eq_1
Checked theorem: Nonadditivity.HaarPathClasses.dart_eq_iff_source_color_target
Checked theorem: Nonadditivity.Operational.POVM.dilationChannel.eq_1
Checked theorem: Nonadditivity.InitialNetReduction.pairedCoefficient.eq_1
Checked theorem: Nonadditivity.HaarTensorReplacement.adjointPolynomial._proof_1
Checked theorem: Nonadditivity.WeightedBellScalar.perturbedWeights_one_index
Checked theorem: Nonadditivity.WeylPowersTwirl.twirl_sum_eq._simp_1_2
Checked theorem: Nonadditivity.HaarTimeCompositions.sum_of_mem
Checked theorem: Nonadditivity.HaarProfileCoefficient.oriented_coefficient_norm_le
Checked theorem: Nonadditivity.Channels.KrausChannel.conjugate_output_entropy_all
Checked theorem: Nonadditivity.HaarMoments.rowSign_mul_entry
Checked theorem: Nonadditivity.HaarPathClasses.normalized_old_tree_colors._proof_1_4
Checked theorem: Nonadditivity.HaarRefinedVertexFibre.fibreEquiv._proof_2
Checked theorem: Nonadditivity.HaarPathWeights.columnCount_negative_pathEntries._simp_1_2
Checked theorem: Nonadditivity.PositiveHolevo.twoMergedWeights_sum._simp_1_2
Checked theorem: Nonadditivity.NoncommutativeCS.Contraction.kernel_close
Checked theorem: Nonadditivity.CollinsYounProduct.constant_normalization._simp_1_3
Checked theorem: Nonadditivity.UniversalFactorization.term_zero
Checked theorem: Nonadditivity.HaarMomentConstants.square_root_lower
Checked theorem: Nonadditivity.ProductHaagerupCreation.createWord_append
Checked theorem: Nonadditivity.HaarPathClasses.card_refinedDefectClass_le_coarse_mul
Checked theorem: Nonadditivity.CollinsYounProduct.polynomial._proof_4
Checked theorem: Nonadditivity.StateEnsembles.Ensemble.reindex_average
Checked theorem: Nonadditivity.Qualitative.qualitative_realization_of_CY_and_strong_convergence
Checked theorem: Nonadditivity.Operational.POVM.dilationMatrix_gram
Checked theorem: Nonadditivity.WeylTensor.orbit_information_lower_bound
Checked theorem: Nonadditivity.StructuredCostBounds.geometric_sum_le._simp_1_4
Checked theorem: _private.Nonadditivity.FreeEmbedding.0.Nonadditivity.FreeEmbedding.Covering.partialTarget_injective
Checked theorem: Nonadditivity.HaarMatchingSharp.fiberToLabel_injective
Checked theorem: Nonadditivity.HaarNonbacktracking.BranchPlan.cost_le
Checked theorem: Nonadditivity.HaarOperatorPolynomial.Polynomial._proof_1
Checked theorem: Nonadditivity.HaarPathRecoloring.recolorPath._proof_1
Checked theorem: Nonadditivity.NoncommutativeCS.EndpointSkeleton.compressed_length_le._proof_1_11
Checked theorem: Nonadditivity.HaarNonbacktracking.vacuum._proof_4
Checked theorem: Nonadditivity.WeylPowersTwirl.uniformWeight_nonneg
Checked theorem: Nonadditivity.DeterministicConsequences.actual_unbounded_gap
Checked theorem: Nonadditivity.HaarTensorConstants.momentMultiplier_root_eq_exp._simp_1_2
Checked theorem: Nonadditivity.QuantumCoding.tensorFamilyMatrix_one
Checked theorem: Nonadditivity.NoncommutativeCS.EndpointSkeleton.singletonWeight.eq_1
Checked theorem: Nonadditivity.QuantumCodingTypicality.wordProbability_nonneg
Checked theorem: Nonadditivity.HaarMatchingSingletons.singleton_entries_le_two_support
Checked theorem: Nonadditivity.ProductHaagerupWords.annihilateWord_nil
Checked theorem: Nonadditivity.HaarMomentTail.canonical_upper_tail_of_trace_moments
Checked theorem: Nonadditivity.PolynomialReduction.Polynomial.dilate_finite_isHermitian
Checked theorem: Nonadditivity.HaarIteratedMoments.recursiveProbability
Checked theorem: Nonadditivity.NoncommutativeCS.row_norm_le
Checked theorem: Nonadditivity.StateEnsembles.singleton.eq_1
Checked theorem: Nonadditivity.Weyl.orbitEnsemble.congr_simp
Checked theorem: Nonadditivity.UniversalFactorization.polynomial.eq_1
Checked theorem: Nonadditivity.QuadraticNet.norm_le_of_unit_quadratic
Checked theorem: Nonadditivity.HaarPathGraph.Path.exploration_interval_split._simp_1_2
Checked theorem: Nonadditivity.FreeCreation.leftRegular_inner
Checked theorem: Nonadditivity.Weyl.conjugation_comp
Checked theorem: Nonadditivity.HaarPathGraph.Path.ChainColoring.colorFibre._proof_1
Checked theorem: Nonadditivity.Entropy.DensityMatrix.unitaryConjugate_weights
Checked theorem: _private.Nonadditivity.WeylPowersTwirl.0.Nonadditivity.WeylPowers.positivePairEquiv.match_1.eq_2
Checked theorem: Nonadditivity.HaarIteratedMoments.recursiveRepresentation._proof_1
Checked theorem: Nonadditivity.HaarTensorReplacement.partialEval_apply
Checked theorem: Nonadditivity.FiniteSetFactorization.select_unitaryColumn
Checked theorem: Nonadditivity.HaarIteratedMoments.OnePairTraceBound._proof_3
Checked theorem: Nonadditivity.HaarNonbacktracking.rightShift_vacuum
Checked theorem: Nonadditivity.OperationalFlaggedEntropy.flaggedState_diagonalization
Checked theorem: Nonadditivity.HaarPathGraph.Path.firstFresh_is_firstVisit._proof_1_1
Checked theorem: Nonadditivity.HaarPathClasses.prefixSamePattern_extend_firstVisit._proof_1_5
Checked theorem: Nonadditivity.NetPolynomial.scalarPolynomial_norm_le
Checked theorem: Nonadditivity.FiniteBlockModel.tensorRepresentation._proof_3
Checked theorem: Nonadditivity.HaarPathMultiplicity.highMultiplicityOccurrences_le_twice_excess._proof_1_3
Checked theorem: Nonadditivity.Channels.jointLabelledState._proof_1
Checked theorem: Nonadditivity.FiniteSetFactorization.factorPolynomial_gram
Checked theorem: Nonadditivity.PrescribedTest.sum_core_smul
Checked theorem: Nonadditivity.PolynomialReduction.Polynomial.symmetricSupport.eq_1
Checked theorem: Nonadditivity.StateEnsembles.Ensemble.ofFinite._proof_1
Checked theorem: Nonadditivity.UpperHaarRealization.eventually_exists_certificate_of_upper_tails._simp_1_6
Checked theorem: Nonadditivity.HaarPathColorRelabel.exists_family_entry_perms
Checked theorem: Nonadditivity.UniversalFactorization.rectLift_mul
Checked theorem: Nonadditivity.HaarNonbacktracking.killedPolynomial_succ_one
Checked theorem: Nonadditivity.HaarOperatorPathBridge.norm_sum_active_refined_le_moment._proof_1_1
Checked theorem: Nonadditivity.Channels.KrausChannel.weylExtension_holevo_lower
Checked theorem: Nonadditivity.RegularFactorization.shift_one
Checked theorem: Nonadditivity.Linearization.one_le_card
Checked theorem: Nonadditivity.GaussianRectangular.quadraticOperator_trace_square._simp_1_7
Checked theorem: Nonadditivity.HaarPathGraph.Path.exploration_interval_split
Checked theorem: Nonadditivity.GaussianQuadratic.integrable_exp_trace_centered
Checked theorem: Nonadditivity.inverse_n_net_certificate._simp_1_7
Checked theorem: Nonadditivity.HaarMatchingFibers.fiberEquiv._proof_4
Checked theorem: Nonadditivity.PositiveHolevo.exists_complementary_entropy_le
Checked theorem: Nonadditivity.QuantumCoding.productInputState_reindex
Checked theorem: Nonadditivity.PrescribedCost.normalized_blockLength_tendsto_one._proof_1_1
Checked theorem: Nonadditivity.NoncommutativeCS.swap._proof_10
Checked theorem: Nonadditivity.PolynomialReduction.Polynomial.dilate_normalizedCoefficient
Checked theorem: Nonadditivity.HaarProfileCompositionBound.compositionCoefficient.eq_1
Checked theorem: Nonadditivity.WeylPowers.positiveUnitaryPower.eq_def
Checked theorem: Nonadditivity.GeneralBell.krausMass_sum
Checked theorem: Nonadditivity.ProductPolynomialReduction.degree_evaluate_le
Checked theorem: Nonadditivity.HaarMarkedCompositions.blocks.eq_2
Checked theorem: Nonadditivity.NoncommutativeCS.EndpointSkeleton.singletonWeight.eq_5
Checked theorem: Nonadditivity.ProductHaagerupWords.annihilateWord_cons
Checked theorem: Nonadditivity.ActualConsequences.FiniteQuantumChannel.two_use_gain_le_regularizedGain
Checked theorem: Nonadditivity.HaarCoefficientBounds.singleton_sum_norm_le
Checked theorem: Nonadditivity.HaarPathVertexFibre.reconstruct_samePattern
Checked theorem: Nonadditivity.FiniteSetFactorization.evaluate_representative_polar
Checked theorem: Nonadditivity.Weyl.char_star
Checked theorem: Nonadditivity.NoncommutativeCS.Contraction.diagonalReg.injEq
Checked theorem: Nonadditivity.OperationalConsequences.prescribed_capacity_ratio_eventually
Checked theorem: Nonadditivity.Entropy.pairChainEquiv._proof_6
Checked theorem: Nonadditivity.HaarPathClasses.refinedVertexDeficit_le
Checked theorem: Nonadditivity.NoncommutativeCS.Contraction.pathSum.eq_5
Checked theorem: Nonadditivity.StructuredHaarModel.continuous_localRepresentation
Checked theorem: Nonadditivity.Channels.KrausChannel.productEnsemble._proof_3
Checked theorem: Nonadditivity.QuantumCodingConditionalTypicality.jointDistribution.eq_1
Checked theorem: Nonadditivity.HaarPathClasses.prefixSamePattern_fresh_run._proof_1_4
Checked theorem: Nonadditivity.HaarPathGraph.Path.old_segment_adj._proof_1_4
Checked theorem: Nonadditivity.HaarNonbacktracking.wordCoefficient_regularPolynomial._simp_1_1
Checked theorem: Nonadditivity.ObservableDimension.observableEquivTraceKernel._proof_1
Checked theorem: Nonadditivity.HaarPathClasses.prefixSamePattern_extend_firstVisit._proof_1_6
Checked theorem: Nonadditivity.HaarOperatorPolynomial.coefficient_norm_le
Checked theorem: Nonadditivity.HaarWeingartenCycles.relativeFixedEquiv._proof_1
Checked theorem: Nonadditivity.ProductPolynomialReduction.localWord.eq_1
Checked theorem: Nonadditivity.HaarOperatorPathBridge.reducedWord_norm
Checked theorem: Nonadditivity.HaarFourthMoments.rotationMatrix_sq
Checked theorem: Nonadditivity.QuantumCodingConditionalTypicality.joint_mean._simp_1_4
Checked theorem: Nonadditivity.StructuredHaarModel.tensorRepresentation.eq_1
Checked theorem: Nonadditivity.GaussianChannelBounds.converted_bounds._simp_1_7
Checked theorem: Nonadditivity.HaarPermutationSupport.distanceLayerEquiv._proof_4
Checked theorem: Nonadditivity.Operational.CodeSequence.mk.sizeOf_spec
Checked theorem: _private.Nonadditivity.NoncommutativeCSEndpointTrace.0.Nonadditivity.NoncommutativeCS.EndpointTrace.compile.match_1.eq_1
Checked theorem: Nonadditivity.HaarMatchingCount.marked_card_le_three_excess._proof_1_3
Checked theorem: Nonadditivity.Operational.blockedIndex.eq_1
Checked theorem: Nonadditivity.ShortEmbeddingNorm.gammaShort_norm_eq
Checked theorem: Nonadditivity.inverse_n_net_certificate._simp_1_4
Checked theorem: Nonadditivity.QuantumCoding.productInputState_entries
Checked theorem: Nonadditivity.ShortEmbeddingNorm.productLogarithmicEmbedding_injective
Checked theorem: Nonadditivity.HaarPathClasses.card_refinedDefectClass_le
Checked theorem: Nonadditivity.RegularShiftedDilation.liftStarAlgHom._proof_4
Checked theorem: Nonadditivity.ActualConsequences.FiniteQuantumChannel.chiTwo_nonneg
Checked theorem: Nonadditivity.Channels.KrausChannel.holevo.congr_simp
Checked theorem: Nonadditivity.RegularizedHolevo.positiveTensorSplit_kraus
Checked theorem: Nonadditivity.QuantumCoding.tensorFamilyBandProjector.eq_1
Checked theorem: Nonadditivity.PrescribedCost.scalarInputQubits_div_sq_tendsto._proof_1_1
Checked theorem: Nonadditivity.HaarPathClasses.normalized_before_first_important._proof_1_1
Checked theorem: Nonadditivity.WeightedBlock.continuous_outputScale
Checked theorem: Nonadditivity.GaussianRectangular.dot_pullback
Checked theorem: Nonadditivity.HaarMoments.integral_same_row
Checked theorem: Nonadditivity.RegularRestriction.regularPolynomial._proof_3
Checked theorem: Nonadditivity.UpperHaarRealization.exists_arbitrarily_large_ratio._proof_1_1
Checked theorem: Nonadditivity.HaarTimeCompositions.positive_of_mem
Checked theorem: Nonadditivity.HaarPathGraph.Path.earlier_occurrence._proof_1_1
Checked theorem: Nonadditivity.BellOutput.mergedWeights_shannon._simp_1_6
Checked theorem: Nonadditivity.WeightedBlock.chainScale.eq_1
Checked theorem: Nonadditivity.QuantumCoding.ProjectiveTest.mk.inj
Checked theorem: Nonadditivity.HaarTimeCompositions.sum_succ
Checked theorem: Nonadditivity.CollinsYoun.norm_sum_smul_sq_le
Checked theorem: Nonadditivity.InitialNetReduction.regularFactor_gram
Checked theorem: Nonadditivity.Quantitative.dimension_choice_log_bounds
Checked theorem: Nonadditivity.RegularFactorization.evaluate_place
Checked theorem: Nonadditivity.QuantumCodingConditionalTypicality.wordPairEquiv.eq_1
Checked theorem: Nonadditivity.HaarPathWeights.signedProduct._proof_1
Checked theorem: Nonadditivity.BellOutput.bellState_eq_pureState
Checked theorem: Nonadditivity.HaarProfileCoefficient.last_word
Checked theorem: Nonadditivity.HaarNonbacktracking.vacuum._proof_3
Checked theorem: Nonadditivity.FreeEmbedding.x.eq_1
Checked theorem: Nonadditivity.HaarPathWeights.pathEntries.eq_1
Checked theorem: Nonadditivity.HaarPathClasses.normalizedPrefixEq_to_treeStop._proof_1_4
Checked theorem: Nonadditivity.Entropy.shannon_lt_log_card_of_not_uniform._simp_1_4
Checked theorem: Nonadditivity.CollinsYoun.coefficientLength_sq
Checked theorem: _private.Nonadditivity.WordBallReduction.0.Nonadditivity.WordBallReduction.stage.match_1.eq_2
Checked theorem: _private.Nonadditivity.NoncommutativeCSSingletons.0.Nonadditivity.NoncommutativeCS.EndpointSkeleton.singletonLabels.match_1.eq_4
Checked theorem: Nonadditivity.Asymptotics.eventually_normalized_gap_lower
Checked theorem: Nonadditivity.NetPolynomial.permutationFunction_apply
Checked theorem: Nonadditivity.Operational.BlockRates.blockCount_ratio_tendsto._simp_1_3
Checked theorem: Nonadditivity.StructuredCostBounds.dyadicCeil_eq_div
Checked theorem: Nonadditivity.Weyl.orbit_ensemble_entropy
Checked theorem: Nonadditivity.HaarProfileCoefficient.last_inverse_word
Checked theorem: Nonadditivity.FreeBridge.outputFreeNorm_le_of_collinsYoun
Checked theorem: Nonadditivity.HaarNonbacktracking.BranchPlan.blocks.eq_1
Checked theorem: Nonadditivity.HaarWeingartenCounting.fixedZeroEquiv._proof_7
Checked theorem: Nonadditivity.Linearization.hermitianDilation_isHermitian
Checked theorem: Nonadditivity.HaarIteratedMoments.iteratedMoment.eq_def
Checked theorem: _private.Nonadditivity.FiniteSetFactorization.0.Nonadditivity.FiniteSetFactorization.one_mem_differenceSupport
Checked theorem: Nonadditivity.NoncommutativeCS.EndpointSkeleton.coefficient_exponent_chain_le
Checked theorem: Nonadditivity.HaarPrescribedDimension.prescribedFamily_gap_linear_bounds
Checked theorem: Nonadditivity.HaarPathRuns.middleRuns.eq_def
Checked theorem: Nonadditivity.WeightedBell.pairedChannel_bell_eq_merged._simp_1_1
Checked theorem: Nonadditivity.FreeCreation.flip.eq_1
Checked theorem: Nonadditivity.HaarPaletteDecoder.paletteGroupWord_embedWords
Checked theorem: Nonadditivity.QuantumCodingTypicality.wordSum_concentration._simp_1_6
Checked theorem: Nonadditivity.DeterministicConsequences.separatingFamily_bounds
Checked theorem: Nonadditivity.FiniteFreeModel.partialTranslation._proof_8
Checked theorem: Nonadditivity.HaarNonbacktracking.firstReturnSum._proof_1
Checked theorem: Nonadditivity.Operational.Code.padTo_error
Checked theorem: Nonadditivity.StateEnsembles.Ensemble.state_mem
Checked theorem: Nonadditivity.NoncommutativeCS.EndpointSkeleton.profile_sum_norm_le
Checked theorem: Nonadditivity.Weyl.shift.eq_1
Checked theorem: Nonadditivity.Main.block_entropy_of_purity._simp_1_7
Checked theorem: _private.Nonadditivity.BlockBell.0.Nonadditivity.Entropy.TensorChainIndex.match_1.eq_2
Checked theorem: Nonadditivity.GaussianRectangular.quadraticOperator._proof_5
Checked theorem: _private.Nonadditivity.ProductHaagerupWords.0.Nonadditivity.ProductHaagerupWords.annihilateWord.match_1.eq_2
Checked theorem: Nonadditivity.NoncommutativeCS.EndpointSkeleton.singletonLabels_nodup
Checked theorem: Nonadditivity.PrescribedCost.growingFamily_chi_input_cost_bounds._simp_1_4
Checked theorem: Nonadditivity.HaarPaletteDecoder.decode_singleton
Checked theorem: Nonadditivity.NoncommutativeCS.Contraction.cost.eq_1
Checked theorem: Nonadditivity.NoncommutativeCS.Contraction.kernel.congr_simp
Checked theorem: _private.Nonadditivity.FreeEmbedding.0.Nonadditivity.FreeEmbedding.witnessAction.eq_1
Checked theorem: Nonadditivity.HaarTensorReplacement.adjointPolynomial_zero
Checked theorem: Nonadditivity.FiniteBlockModel.block_adjoint_moment_le
Checked theorem: Nonadditivity.HaarPathGraph.Path.old_tree_segment_reconstruction._proof_1_5
Checked theorem: Nonadditivity.HaarProfileDecodedCoefficients.blockFactors_congr_on_assignment
Checked theorem: Nonadditivity.ObservableDimension.observableEquivTraceKernel._proof_14
Checked theorem: Nonadditivity.RegularFactorization.rectLift_one
Checked theorem: Nonadditivity.HaarPathGraph.Path.vertexName_of_firstVisit
Checked theorem: Nonadditivity.HaarPathClasses.normalizedPrefixEq_fresh_interval._proof_1_1
Checked theorem: Nonadditivity.FiniteFreeModel.generatorPerm_apply
Checked theorem: Nonadditivity.NoncommutativeCS.EndpointSkeleton.profileLabels.eq_4
Checked theorem: Nonadditivity.HaarPathClasses.mem_matchingIncidences
Checked theorem: Nonadditivity.HaarVacuumFunctional.vacuumFunctional_coordinate_le
Checked theorem: Nonadditivity.ShortEmbeddingNorm.gammaShort_coordinate_degree
Checked theorem: Nonadditivity.HaarPathRunCounterexample.marker_flags
Checked theorem: Nonadditivity.HaarFourthMoments.sum_mixedMoment
Checked theorem: Nonadditivity.HaarPathGraph.Path.visitCount.eq_1
Checked theorem: Nonadditivity.FreeCreation.leftRegular_letter_decomposition
Checked theorem: _private.Nonadditivity.FreeEmbedding.0.Nonadditivity.FreeEmbedding.Covering.child_pair_injective._proof_1_3
Checked theorem: Nonadditivity.HaarPathGraph.Path.firstVisit_unoriented_injective._proof_1_2
Checked theorem: Nonadditivity.ShortEmbeddingNorm.productLogarithmicEmbedding_regularPolynomial_norm_eq
Checked theorem: Nonadditivity.NoncommutativeCS.Contraction.evaluate.eq_5
Checked theorem: Nonadditivity.HaarPathGraph.Path.firstVisit_propagates._proof_1_2
Checked theorem: Nonadditivity.CollinsYounProduct.constant_normalization._simp_1_7
Checked theorem: Nonadditivity.RegularFactorization.paddedCoefficients.congr_simp
Checked theorem: Nonadditivity.HaarNonbacktracking.killedPolynomial_coefficient_energy_le._simp_1_1
Checked theorem: Nonadditivity.FreeBridge.chainTupleEquiv._proof_5
Checked theorem: Nonadditivity.HaarPathClasses.singletonEdges_map_card._simp_1_1
Checked theorem: Nonadditivity.ProductHaagerupReindex.radius_groupEquiv
Checked theorem: Nonadditivity.HaarAveraging.haarInvInvariant
Checked theorem: _private.Nonadditivity.GapFractionAsymptotics.0.Nonadditivity.Scalar.log_remainder_bounds._simp_1_3
Checked theorem: Nonadditivity.WordBallReduction.radius_le_one
Checked theorem: Nonadditivity.HaarInvariantTensor.gram_det_isUnit
Checked theorem: Nonadditivity.HaarPathClasses.samePattern_of_eventList_eq._proof_1_1
Checked theorem: Nonadditivity.Entropy.TensorChainIndex.eq_2
Checked theorem: Nonadditivity.Channels.KrausChannel.uniformUnitary._proof_1
Checked theorem: Nonadditivity.RegularDilation.fiberEmbedRight_norm
Checked theorem: Nonadditivity.HaarWeingartenCounting.fixedZeroEquiv._proof_2
Checked theorem: Nonadditivity.HaarPathGraph.Path.firstVisit_unoriented_injective._proof_1_1
Checked theorem: Nonadditivity.HaarNonbacktracking.killedPolynomial_add
Checked theorem: Nonadditivity.Channels.KrausChannel.outputUnitary_tensor_eq
Checked theorem: Nonadditivity.HaarPathClasses.normalizedPrefixEq_extend._proof_1_1
Checked theorem: Nonadditivity.HaarPathClasses.normalized_repeated_edge
Checked theorem: Nonadditivity.HaarPathGraph.Path.chainWord_reverse
Checked theorem: Nonadditivity.InitialNetReduction.regularColumn.eq_1
Checked theorem: Nonadditivity.NoncommutativeCS.EndpointSkeleton.budget.eq_5
Checked theorem: Nonadditivity.HaarIteratedMoments.tensorTupleEquiv._proof_1
Checked theorem: Nonadditivity.HaarProfileCoefficient.card_words_le
Checked theorem: Nonadditivity.Linearization.column_gram_entry
Checked theorem: Nonadditivity.StructuredLinearization.errorMultiplier_pos
Checked theorem: Nonadditivity.PolynomialReduction.Polynomial.mk.injEq
Checked theorem: Nonadditivity.QuantumCoding.Sampling.expect_add
Checked theorem: Nonadditivity.RegularShiftedDilation.dilation_selfAdjoint
Checked theorem: Nonadditivity.StructuredReductionCosts.prescribed_lower_bound_inv
Checked theorem: Nonadditivity.HaarNonbacktracking.card_durations_le
Checked theorem: Nonadditivity.WeightedBellScalar.perturbedWeights._proof_1
Checked theorem: Nonadditivity.HaarNonbacktracking.BranchPlan.pathSum_norm_le
Checked theorem: Nonadditivity.Operational.Code.messages_mul_one_sub_error_le_dimension
Checked theorem: Nonadditivity.StateEnsembles.minimumEntropy.eq_1
Checked theorem: Nonadditivity.HaarPathClasses.RefinedPattern.weightDartEquiv_core_iff
Checked theorem: Nonadditivity.FreeCreation.creation_domain
Checked theorem: Nonadditivity.WeylPowersTwirl.uniform_average_eq._simp_1_8
Checked theorem: Nonadditivity.HaarOperatorPathBridge.colorsOfWord._proof_2
Checked theorem: Nonadditivity.FiniteFreeModel.model_mk_base._proof_1_1
Checked theorem: Nonadditivity.Scalar.gap_fraction_identity._simp_1_1
Checked theorem: Nonadditivity.HaarWeingartenCounting.fixedZeroEquiv._proof_5
Checked theorem: Nonadditivity.RegularDilation.inverse_transpose_polynomial
Checked theorem: Nonadditivity.HaarTensorConstants.momentMultiplier._proof_1
Checked theorem: Nonadditivity.HaarOperatorPathBridge.pathWeight_eq_of_refined
Checked theorem: Nonadditivity.Asymptotics.finiteSizeCorrection_div_tendsto_zero
Checked theorem: Nonadditivity.QuantumCoding.positiveWordEquiv.eq_def
Checked theorem: Nonadditivity.RegularizedHolevo.normalized_fixed_channel_gap_tendsto_zero._simp_1_5
Checked theorem: Nonadditivity.OperationalFlaggedEntropy.flaggedState.congr_simp
Checked theorem: Nonadditivity.FiniteSetFactorization.select_unitaryColumn._simp_1_2
Checked theorem: Nonadditivity.WordBallReduction.stage_dimension
Checked theorem: Nonadditivity.Operational.POVM.dilate_entropy._simp_1_2
Checked theorem: Nonadditivity.NoncommutativeCS.Contraction.openReg.inj
Checked theorem: Nonadditivity.ProductMomentBridge.power_coefficient_energy_le_trace._simp_1_7
Checked theorem: Nonadditivity.Operational.uniformInformation_le_add_of_traceDistance._simp_1_3
Checked theorem: Nonadditivity.Linearization.reduced_word_geometric_sum
Checked theorem: Nonadditivity.HaarSkeletonSegmentation.reverseFactors_mapIdx
Checked theorem: Nonadditivity.ProductMomentBridge.power_coefficient_energy_le_trace._simp_1_6
Checked theorem: Nonadditivity.FreeCreation.letter.eq_1
Checked theorem: Nonadditivity.HaarTensorReplacement.partialWordHom._proof_1
Checked theorem: Nonadditivity.WordBallReduction.dimensionCost_le
Checked theorem: Nonadditivity.HaarPathGraph.Path.not_firstVisit_before_firstFresh._proof_1_1
Checked theorem: Nonadditivity.Entropy.shannon_lt_log_card_of_not_uniform._simp_1_2
Checked theorem: Nonadditivity.ProductHaagerupReindex.finite_polynomial_norm_sq_le
Checked theorem: Nonadditivity.NetPolynomial.testCoefficient.eq_1
Checked theorem: Nonadditivity.GaussianCertificates.net_budget_lt_one
Checked theorem: Nonadditivity.QuantumCoding.tensorFamilyMatrix_mul
Checked theorem: Nonadditivity.FiniteMomentMatching.regularEval._proof_3
Checked theorem: Nonadditivity.BellOutput.pairedChannel_bell_eq_merged._simp_1_8
Checked theorem: Nonadditivity.ProductHaagerupWords.annihilateWord._proof_2
Checked theorem: Nonadditivity.HaarPathVertexFibre.fibreEquiv._proof_1
Checked theorem: Nonadditivity.HaarPathGraph.Path.old_tree_segment_reconstruction._proof_1_2
Checked theorem: Nonadditivity.HaarInvariantTensor.norm_moment_le_of_matching_and_inverse
Checked theorem: Nonadditivity.HaarPathGraph.Path.count_flatMap_chainEdges._proof_1_1
Checked theorem: Nonadditivity.ActualConsequences.actual_ratio_tendsto_atTop
Checked theorem: Nonadditivity.Operational.Code.error.eq_1
Checked theorem: Nonadditivity.HaarNonbacktracking.lift_norm_le
Checked theorem: Nonadditivity.NoncommutativeCS.AssignmentProgram.kernel_compile_close
Checked theorem: Nonadditivity.CollinsYounTensor.mixed._proof_6
Checked theorem: Nonadditivity.HaarPathGraph.Path.ChainColoring.color_position
Checked theorem: Nonadditivity.Entropy.bellWeights_shannon._simp_1_8
Checked theorem: Nonadditivity.Operational.CodeSequence.mk.congr_simp
Checked theorem: Nonadditivity.HaarFiniteFaithfulness.bounded_product_eq_zero_of_finiteEval_eq_zero
Checked theorem: Nonadditivity.HaarPathGraph.Path.internalChain_take._proof_1_1
Checked theorem: Nonadditivity.ProductHaagerupProduct.canonical_reduced
Checked theorem: Nonadditivity.StateEnsembles.Ensemble.weight_nonneg
Checked theorem: Nonadditivity.ProductHaagerupProduct.polynomial_zero
Checked theorem: Nonadditivity.ActualConsequences.FiniteQuantumChannel.regularizedGain.eq_1
Checked theorem: Nonadditivity.BellOutput.mergedStates.congr_simp
Checked theorem: Nonadditivity.HaarPathGraph.Path.ChainColoring.color_injective_internal._proof_1_2
Checked theorem: Nonadditivity.Operational.POVM.labelProjection_compress_trace
Checked theorem: Nonadditivity.InitialNetReduction.collectedCoefficient.congr_simp
Checked theorem: Nonadditivity.HaarColumnMoments.entryPolynomial_eval_real
Checked theorem: Nonadditivity.WeightedBell.complementary_output_diagonal
Checked theorem: Nonadditivity.BellOutput.mergedStates.eq_2
Checked theorem: Nonadditivity.RegularRestriction.productFreeInclusion._proof_2
Checked theorem: Nonadditivity.GaussianNormalization.normalized.eq_1
Checked theorem: Nonadditivity.HaarPathGraph.Path.vertexName_root
Checked theorem: Nonadditivity.QuantumCodingTypicality.typical_mass_ge._simp_1_1
Checked theorem: Nonadditivity.NoncommutativeCS.AssignmentProgram.middle.injEq
Checked theorem: Nonadditivity.GeneralBell.bell_amplitude
Checked theorem: Nonadditivity.HaarPathGraph.Path.internalChain_reverse
Checked theorem: Nonadditivity.FreeModel.c_pos
Checked theorem: Nonadditivity.HaarMomentConstants.localEncodingBeta_le
Checked theorem: Nonadditivity.UpperHaarRealization.eventually_exists_certificate_of_upper_tails._simp_1_3
Checked theorem: Nonadditivity.Operational.oneMessage_success
Checked theorem: _private.Nonadditivity.HaarMarkedCompositions.0.Nonadditivity.HaarMarkedCompositions.blocks.match_1.eq_1
Checked theorem: Nonadditivity.EntropyMixtures.shannon_joint
Checked theorem: Nonadditivity.HaarNonbacktracking.killed.eq_def
Checked theorem: Nonadditivity.Entropy.DensityMatrix.conjugate._proof_2
Checked theorem: Nonadditivity.HaarPathGraph.Path.card_coreDarts_eq_twice_budget
Checked theorem: Nonadditivity.Channels.KrausChannel.tensor_outputUnitary_map
Checked theorem: Nonadditivity.RegularRestriction.regularPolynomial._proof_1
Checked theorem: Nonadditivity.NoncommutativeCS.EndpointTrace.singleton.sizeOf_spec
Checked theorem: Nonadditivity.NoncommutativeCS.Contraction.kernel._proof_1
Checked theorem: Nonadditivity.ProductHaagerupProduct.sum_reduced_wordIndex._simp_1_1
Checked theorem: Nonadditivity.RegularRestriction.rightCosetEquiv._proof_1
Checked theorem: Nonadditivity.GaussianRectangular.quadraticOperator_trace_square._simp_1_2
Checked theorem: Nonadditivity.HaarInvariantTensor.average_mul_contractions._simp_1_1
Checked theorem: Nonadditivity.HaarPathGraph.Path.singletonEdges_eq_biUnion
Checked theorem: Nonadditivity.HaarColumnMoments.moment_one
Checked theorem: Nonadditivity.norm_apply_le_of_unitSphereNet
Checked theorem: Nonadditivity.Holevo.quantity_eq_of_orbit
Checked theorem: Nonadditivity.HaarPathWeightTransport.signedRelabel.eq_1
Checked theorem: Nonadditivity.HaarFourthMoments.rowPhase.congr_simp
Checked theorem: _private.Nonadditivity.HaarBranchContractions.0.Nonadditivity.NoncommutativeCS.Contraction.operator.match_1.eq_2
Checked theorem: Nonadditivity.NoncommutativeCS.splitRegister._proof_4
Checked theorem: Nonadditivity.Channels.densityMatrix_ext
Checked theorem: Nonadditivity.QuantumCoding.Projection.ofMatrix._proof_6
Checked theorem: Nonadditivity.HaarNonbacktracking.BranchPlan.order.eq_4
Checked theorem: Nonadditivity.HaarPathWeightTransport.dartEntry.eq_1
Checked theorem: Nonadditivity.HaarMomentConstants.encodingMajorant._proof_3
Checked theorem: Nonadditivity.HaarWordExpansion.integral_normalizedTrace_pow
Checked theorem: Nonadditivity.HaarMarkedCompositions.blocks.eq_1
Checked theorem: Nonadditivity.HaarNonbacktracking.BranchPlan.order.eq_6
Checked theorem: Nonadditivity.QuantumCodingTypicality.typical_mass_ge._simp_1_4
Checked theorem: Nonadditivity.RegularFubini.curryIsometry_symm_apply
Checked theorem: Nonadditivity.RegularFactorization.rectLift._proof_11
Checked theorem: Nonadditivity.InitialNetReduction.shortProductEmbedding.congr_simp
Checked theorem: Nonadditivity.GaussianQuadratic.integral_exp_centered_quadratic_eq
Checked theorem: Nonadditivity.HaarPathClasses.prefixSamePattern_fresh_run._proof_1_6
Checked theorem: Nonadditivity.NoncommutativeCS.EndpointTrace.labels.eq_def
Checked theorem: Nonadditivity.StructuredReductionCosts.prescribed_lower_bound_inv._proof_1_1
Checked theorem: Nonadditivity.HaarWordExpansion.integrable_haar_word_trace
Checked theorem: Nonadditivity.QuantumCodingConditionalTypicality.conditionalEntropy.eq_1
Checked theorem: Nonadditivity.WeightedBlock.weightedComplementary.eq_1
Checked theorem: Nonadditivity.CollinsYounTensor.doubleAnnihilation_eq
Checked theorem: Nonadditivity.Channels.KrausChannel.tensorChain_output_entropy
Checked theorem: _private.Nonadditivity.GapFractionAsymptotics.0.Nonadditivity.Scalar.log_remainder_bounds._simp_1_1
Checked theorem: Nonadditivity.BlockScalars.gap_of_converted_bounds
Checked theorem: Nonadditivity.HaarWordExpansion.regularEval_ofPolynomial
Checked theorem: Nonadditivity.Linearization.diagonalBlocksHom_injective
Checked theorem: Nonadditivity.CollinsYounTensor.creation_norm_le
Checked theorem: Nonadditivity.DampedBellStability.pairedBellOutput.congr_simp
Checked theorem: _private.Nonadditivity.QuantumCodingDecoderBound.0.Nonadditivity.QuantumCoding.ProjectiveTest.prefix_sum_le_erase_sum._simp_1_2
Checked theorem: Nonadditivity.PositiveHolevo.uniformUnitary_output_eq_twoMerged
Checked theorem: Nonadditivity.PolynomialReduction.Polynomial.reduce_dimension
Checked theorem: Nonadditivity.HaarPathGraph.Path.refinedChainWord._proof_1
Checked theorem: Nonadditivity.WeightedBlock.weightedBlock_eq_weighted
Checked theorem: Nonadditivity.Entropy.TensorChainIndex.eq_1
Checked theorem: Nonadditivity.Linearization.ReducedTail.eq_2
Checked theorem: Nonadditivity.HaarPathGraph.Path.card_coreChain_le_twice_budget
Checked theorem: Nonadditivity.EntropyMixtures.shannon_eq_sum_negMulLog
Checked theorem: Nonadditivity.HaarIteratedMoments.tensorTupleEquiv.eq_2
Checked theorem: Nonadditivity.HaarMoments.integral_entry
Checked theorem: Nonadditivity.HaarPathClasses.explorationEventList_length_le
Checked theorem: Nonadditivity.HaarPathWeights.highMultiplicity_edgeList
Checked theorem: Nonadditivity.Entropy.tensorChainIndexNonempty
Checked theorem: Nonadditivity.UniversalShiftedDilation.dilation._proof_7
Checked theorem: Nonadditivity.HaarPathGraph.Path.firstVisit_edge_not_earlier
Checked theorem: Nonadditivity.GaussianRectangular.quadraticOperator_trace._simp_1_2
Checked theorem: Nonadditivity.ProductHaagerupWords.annihilateWord.congr_simp
Checked theorem: Nonadditivity.NetPolynomial.netRegularPolynomial_test_le
Checked theorem: Nonadditivity.NoncommutativeCS.EndpointSkeleton.closed_mem_singletonLabels_iff_count_eq_one
Checked theorem: Nonadditivity.HaarPathGraph.Path.toCore_unique
Checked theorem: Nonadditivity.HaarMatchingSingletons.not_mem_singletonEdges_of_mem_both._proof_1_1
Checked theorem: Nonadditivity.QuantumCodingTypicality.wordSum_concentration._simp_1_7
Checked theorem: Nonadditivity.Channels.KrausChannel.conjugate._proof_1
Checked theorem: Nonadditivity.RegularFactorization.term_zero
Checked theorem: Nonadditivity.NoncommutativeCS.EndpointSkeleton.times.eq_2
Checked theorem: Nonadditivity.HaarColumnMoments.coeff_linear_pow_zero
Checked theorem: Nonadditivity.StructuredReductionCosts.word_errorCost_le
Checked theorem: Nonadditivity.WeylTensor.shiftEquiv.eq_1
Checked theorem: Nonadditivity.QuantumCodingTypicality.surprisal_mean
Checked theorem: Nonadditivity.HaarPathClasses.prefixSamePattern_extend_after_firstVisit
Checked theorem: Nonadditivity.Entropy.norm_le_of_sq_le_mul
Checked theorem: Nonadditivity.DampedBellStability.filteredBell_mass_loss_le
Checked theorem: Nonadditivity.ProductHaagerupProduct.wordValue_canonical
Checked theorem: Nonadditivity.UniversalShiftedDilation.norm_mem_dilation_spectrum
Checked theorem: Nonadditivity.FiniteSetFactorization.factorCoefficient.congr_simp
Checked theorem: Nonadditivity.EntropyStability.exists_loss_modulus
Checked theorem: Nonadditivity.ProductPolynomialReduction.reduce.eq_2
Checked theorem: Nonadditivity.NoncommutativeCS.AssignmentProgram.compile.eq_4
Checked theorem: Nonadditivity.HaarOperatorCurry.operatorCurry_apply
Checked theorem: Nonadditivity.NoncommutativeCS.EndpointTrace.markedFlags.eq_2
Checked theorem: Nonadditivity.FiniteRealization.matrixToEntries_entriesToMatrix
Checked theorem: _private.Nonadditivity.HaarBranchTimeSum.0.Nonadditivity.HaarNonbacktracking.BranchPlan.retime.match_1.eq_2
Checked theorem: Nonadditivity.HaarProfilePadding.padded_singleton_bound
Checked theorem: Nonadditivity.HaarNonbacktracking.killedPolynomial_shift
Checked theorem: Nonadditivity.HaarPathGraph.Path.firstVisit_propagates
Checked theorem: Nonadditivity.RegularCoefficientEnergy.regularPolynomial._proof_1
Checked theorem: Nonadditivity.NoncommutativeCS.EndpointSkeleton.middle.injEq
Checked theorem: Nonadditivity.WeylPowersTwirl.uniform_average_eq._simp_1_9
Checked theorem: Nonadditivity.HaarMomentExpectation.integral_le_mul_rpow_of_moment_le
Checked theorem: Nonadditivity.StateEnsembles.singleton.congr_simp
Checked theorem: Nonadditivity.DampedBellStability.vectorize_one
Checked theorem: Nonadditivity.WeightedBellScalar.perturbedWeights._proof_4
Checked theorem: Nonadditivity.HaarProfileAssignmentBound.embedAssignment_injective
Checked theorem: Nonadditivity.PositiveHolevo.twoMergedWeights_nonneg
Checked theorem: Nonadditivity.CollinsYounTensor.doubleCreation.eq_1
Checked theorem: Nonadditivity.NoncommutativeCS.Contraction.pathSum.eq_3
Checked theorem: Nonadditivity.HaarPathGraph.Path.labelEdges_subset
Checked theorem: Nonadditivity.GaussianNetRealization.quadratic._proof_5
Checked theorem: Nonadditivity.RegularizedHolevo.positiveTensorPower_zero
Checked theorem: Nonadditivity.Entropy.DensityMatrix.tensorChain.eq_1
Checked theorem: Nonadditivity.NoncommutativeCS.EndpointSkeleton.Compressed.eq_4
Checked theorem: Nonadditivity.StructuredLinearization.initialPolynomial.eq_1
Checked theorem: Nonadditivity.PrescribedCost.growingFamily_two_use_input_cost_lower._simp_1_6
Checked theorem: Nonadditivity.DampedBellStability.pure_trace
Checked theorem: Nonadditivity.HaarMomentConstants.final_error_bound_with_overhead
Checked theorem: Nonadditivity.QuantumCodingTypicality.wordProbability.eq_1
Checked theorem: Nonadditivity.Channels.jointLabelledState._proof_2
Checked theorem: Nonadditivity.AdjointPurity.hsLength_sq_of_isHermitian
Checked theorem: Nonadditivity.QuantumCoding.filtered_reject_trace
Checked theorem: Nonadditivity.PolynomialReduction.Polynomial.step.congr_simp
Checked theorem: Nonadditivity.HaarPathGraph.Path.chainEdges_mem_of_label_eq
Checked theorem: Nonadditivity.HaarIteratedMoments.transportPolynomial_selfAdjoint
Checked theorem: Nonadditivity.SpectralDamping.penalty_trace
Checked theorem: Nonadditivity.ObservableDimension.hermitianTrace._proof_3
Checked theorem: Nonadditivity.HaarPathClasses.incidence_at_fresh_vertex_unique
Checked theorem: Nonadditivity.Channels.KrausChannel.reindex.eq_1
Checked theorem: Nonadditivity.QuantumCoding.Projection.energy_identity
Checked theorem: Nonadditivity.HaarPrescribedDimension.inputLeading._proof_1
Checked theorem: Nonadditivity.BellOutput.normalizedBellVector_normSq_sum
Checked theorem: Nonadditivity.QuantumCoding.Sampling.exists_codebook_cost_le
Checked theorem: Nonadditivity.HaarPathGraph.Path.coreChainProfile_reverse_count
Checked theorem: Nonadditivity.HaarPathClasses.mem_matchingIncidences._simp_1
Checked theorem: Nonadditivity.HaarPathGraph.Path.coreChainEncode_injective
Checked theorem: Nonadditivity.Asymptotics.gap_tendsto_atTop
Checked theorem: Nonadditivity.CollinsYoun.mixed._proof_1
Checked theorem: _private.Nonadditivity.FreeEmbedding.0.Nonadditivity.FreeEmbedding.Covering.path_zero
Checked theorem: Nonadditivity.HaarColumnMoments.moment_recurrence._simp_1_1
Checked theorem: Nonadditivity.HaarPathGraph.reverse_ne_self
Checked theorem: Nonadditivity.QuantumCoding.spectralProjector_complement
Checked theorem: Nonadditivity.RegularFactorization.evaluate_representative
Checked theorem: Nonadditivity.AdjointPurity.abs_state_expectation_re_le_opNorm
Checked theorem: Nonadditivity.DampedChannel.residualRoot._proof_6
Checked theorem: Nonadditivity.HaarPathClasses.refinedSingletonCount_le
Checked theorem: _private.Nonadditivity.HaarProfilePatternBound.0.Nonadditivity.HaarProfilePatternBound.blockFactor.match_1.eq_2
Checked theorem: Nonadditivity.CollinsYounTensor.mixed_norm_le._simp_1_2
Checked theorem: Nonadditivity.FiniteRealization.adjointOnObservables._proof_8
Checked theorem: Nonadditivity.Channels.KrausChannel.identity._proof_1
Checked theorem: Nonadditivity.EntropyMixtures.diagonal_unitary_conjugate
Checked theorem: Nonadditivity.NoncommutativeCS.EndpointSkeleton.compressed_prependMiddle
Checked theorem: Nonadditivity.NoncommutativeCS.EndpointSkeleton.closed_singletonLabels_toFinset._proof_1_3
Checked theorem: Nonadditivity.Linearization.norm_mem_dilation_spectrum
Checked theorem: Nonadditivity.HaarPathGraph.Path.paletteWord._proof_2
Checked theorem: Nonadditivity.NetPolynomial.blockDiagonal_spectrum_neg
Checked theorem: Nonadditivity.UpperHaarRealization.exists_one_block_ratio._simp_1_9
Checked theorem: Nonadditivity.SpectralDamping.penalty_posSemidef
Checked theorem: Nonadditivity.NetPolynomial.regularTestPolynomial_norm_le
Checked theorem: Nonadditivity.NoncommutativeCS.EndpointSkeleton.blocks.eq_2
Checked theorem: Nonadditivity.HaarPathWeights.integral_pathProduct_eq_zero_of_vertices_gt
Checked theorem: Nonadditivity.NoncommutativeCS.AssignmentProgram.factors._proof_1
Checked theorem: Nonadditivity.ActualConsequences.FiniteQuantumChannel.inputNonempty
Checked theorem: Nonadditivity.Asymptotics.eventually_linear_gap
Checked theorem: Nonadditivity.UpperHaarRealization.eventually_exists_certificate
Checked theorem: Nonadditivity.HaarOperatorPathBridge.mixedLengthContribution_le_of_pathSum
Checked theorem: Nonadditivity.ActualConsequences.exists_actual_channel_bounds
Checked theorem: Nonadditivity.HaarPathRecoloring.recolorPath_vertex
Checked theorem: Nonadditivity.HaarSkeletonSegmentation.reverseFactors_segmentedProduct
Checked theorem: Nonadditivity.Weyl.density_conjugation_comp
Checked theorem: Nonadditivity.DampedChannel.damped_map
Checked theorem: Nonadditivity.HaarPathMultiplicity.excess_add_twice_edges
Checked theorem: Nonadditivity.Channels.KrausChannel.controlled_output_mixture
Checked theorem: Nonadditivity.NoncommutativeCS.EndpointSkeleton.mem_singletonLabels_iff_count_eq_one_not_initial
Checked theorem: Nonadditivity.WeightedBlock.scale_mul_uniform._simp_1_6
Checked theorem: Nonadditivity.RegularFactorization.polynomial_decompose
Checked theorem: Nonadditivity.BlockScalars.amplification_log
Checked theorem: Nonadditivity.Linearization.diagonal_blocks_norm
Checked theorem: Nonadditivity.Channels.KrausChannel.map.eq_1
Checked theorem: Nonadditivity.HaarNonbacktracking.BranchPlan.blocks.eq_5
Checked theorem: Nonadditivity.StructuredFiniteChannel.certificate_of_finitePaired_bound
Checked theorem: Nonadditivity.FiniteBlockModel.tensorRepresentation._proof_1
Checked theorem: _private.Nonadditivity.OperationalStrongConverse.0.Nonadditivity.Operational.CodeSequence.scalar_dimension_ratio_bound
Checked theorem: Nonadditivity.HolevoBits.natural_upper_to_bits._simp_1_7
Checked theorem: Nonadditivity.UniversalFactorization.evaluate._proof_7
Checked theorem: Nonadditivity.HaarPathWeights.relabelEntries.eq_1
Checked theorem: Nonadditivity.WeightedBellScalar.shannon_le_of_merged_distribution._simp_1_1
Checked theorem: Nonadditivity.HaarPathGraph.walkOfSteps.eq_def
Checked theorem: Nonadditivity.HaarColumnMoments.integral_entry_norm_even
Checked theorem: Nonadditivity.PrescribedCost.growingFamily.eq_1
Checked theorem: Nonadditivity.PolynomialReduction.one_mem_splitSupport
Checked theorem: Nonadditivity.NoncommutativeCS.Contraction.cost.eq_3
Checked theorem: Nonadditivity.HaarModel.measurableSet_norm_deviation
Checked theorem: Nonadditivity.TensorPartitionReduction.reduce_error_transfer._simp_1_13
Checked theorem: Nonadditivity.HaarPathGraph.walkOfSteps_reduced
Checked theorem: Nonadditivity.FreeCreation.maskFunction_norm_le
Checked theorem: Nonadditivity.HaarPathClasses.card_explorationCodes_le._proof_1_1
Checked theorem: Nonadditivity.AdjointPurity.centered_hsLength_le_of_adjoint_certificate
Checked theorem: Nonadditivity.HaarTimeCompositions.mem_compositions_iff
Checked theorem: Nonadditivity.HaarPathClasses.RefinedPattern.weightDartEquiv.congr_simp
Checked theorem: Nonadditivity.NetPolynomial.blockDiagonalHom._proof_3
Checked theorem: Nonadditivity.WeightedBell.pairedChannel_bell_entropy_le
Checked theorem: Nonadditivity.GaussianRectangular.dot_pullback._simp_1_1
Checked theorem: Nonadditivity.HaarMixedMoments.integral_eq_zero_of_row_phase._proof_1_2
Checked theorem: Nonadditivity.ProductPolynomialReduction.errorCost.eq_def
Checked theorem: Nonadditivity.HaarAveraging.tensorPower.eq_1
Checked theorem: Nonadditivity.Weyl.phase_unitary
Checked theorem: Nonadditivity.NoncommutativeCS.EndpointSkeleton.last.sizeOf_spec
Checked theorem: Nonadditivity.StructuredHaarConsequences.ExplicitHaarExpectation._proof_1
Checked theorem: Nonadditivity.HaarNonbacktracking.BranchPlan.brecOn.eq
Checked theorem: Nonadditivity.WeylPowersTwirl.orbit_information_lower_bound
Checked theorem: Nonadditivity.HaarRefinedVertexFibre.sum_fibre_colors
Checked theorem: Nonadditivity.HaarPathGraph.Path.outgoingCount.eq_1
Checked theorem: Nonadditivity.RegularRestriction.freeGroup_map_injective
Checked theorem: Nonadditivity.WordBallReduction.errorCost.eq_1
Checked theorem: Nonadditivity.WordBallReduction.card_wordBall_le
Checked theorem: Nonadditivity.ProductHaagerupWords.sector_cons_succ
Checked theorem: Nonadditivity.Holevo.mixture_minimumEntropy
Checked theorem: Nonadditivity.HaarInvariantTensor.norm_pair_entry_moment_le
Checked theorem: Nonadditivity.HaarOperatorPolynomial.firstStep_energy_le
Checked theorem: Nonadditivity.HaarPathClasses.samePattern_of_eventList_eq._proof_1_3
Checked theorem: Nonadditivity.HaarPathGraph.Path.old_tree_segment_reconstruction
Checked theorem: Nonadditivity.HaarPathClasses.samePattern_of_eventList_eq._proof_1_4
Checked theorem: Nonadditivity.HaarTensorReplacement.normalizedTrace_kronecker
Checked theorem: Nonadditivity.HaarPathRuns.middleRuns_add_one_le
Checked theorem: Nonadditivity.HaarPathWeights.norm_pathProduct_integral_le._proof_1_4
Checked theorem: _private.Nonadditivity.QuantumCodingSequential.0.Nonadditivity.QuantumCoding.ProjectiveTest.rejectProduct.match_1.eq_2
Checked theorem: Nonadditivity.WeightedPositivity.repeatedIndex.eq_def
Checked theorem: Nonadditivity.HaarPathMultiplicity.highMultiplicityOccurrences.congr_simp
Checked theorem: Nonadditivity.QuantumCodingTypicality.typical_mass_ge._simp_1_2
Checked theorem: Nonadditivity.NoncommutativeCS.EndpointSkeleton.blockFactors.eq_5
Checked theorem: Nonadditivity.HaarIteratedMoments.iteratedMoment_nonneg
Checked theorem: Nonadditivity.NetPolynomial.regularPolynomial.eq_1
Checked theorem: _private.Nonadditivity.HaarProfilePatternBound.0.Nonadditivity.NoncommutativeCS.EndpointSkeleton.singletonWeight.match_1.eq_3
Checked theorem: Nonadditivity.FiniteSetFactorization.place.congr_simp
Checked theorem: Nonadditivity.RegularFactorization.term._proof_2
Checked theorem: _private.Nonadditivity.FreeEmbedding.0.Nonadditivity.FreeEmbedding.Covering.loopMap_action
Checked theorem: Nonadditivity.Weyl.uniform_average_eq._simp_1_2
Checked theorem: Nonadditivity.BlockScalars.two_use_entropy_cancellation
Checked theorem: Nonadditivity.CollinsYoun.doubleCreation.eq_1
Checked theorem: Nonadditivity.FiniteSetFactorization.nonconstantGram._proof_1
Checked theorem: Nonadditivity.Operational.Code.messages_le_dimension_div_one_sub_error
Checked theorem: Nonadditivity.NoncommutativeCS.EndpointSkeleton.singleton.injEq
Checked theorem: Nonadditivity.WeylTensor.amplitude.congr_simp
Checked theorem: Nonadditivity.Channels.KrausChannel.isometryChannel.eq_1
Checked theorem: Nonadditivity.HaarWordPhase.continuous_normalizedWordTrace
Checked theorem: Nonadditivity.WeylTensor.orbitEnsemble._proof_3
Checked theorem: _private.Nonadditivity.HaarCoefficientBounds.0.Nonadditivity.HaarCoefficientBounds.polynomial_single
Checked theorem: Nonadditivity.HaarPathGraph.Path.not_important_before_next
Checked theorem: Nonadditivity.QuantumCoding.Projection.ofMatrix._proof_4
Checked theorem: Nonadditivity.HaarPathClasses.incidenceRank_injective._proof_1_2
Checked theorem: Nonadditivity.StructuredCostBounds.netCardBound_pos
Checked theorem: Nonadditivity.ProductHaagerupHomogeneous.polynomial_norm_le._proof_1_1
Checked theorem: Nonadditivity.HaarPathMultiplicity.excessOccurrences.eq_1
Checked theorem: Nonadditivity.HaarPathGraph.Path.namedPath_firstVisit_iff
Checked theorem: Nonadditivity.HaarPathGraph.Path.firstVisit_unoriented_injective
Checked theorem: Nonadditivity.HaarNonbacktracking.BranchPlan.openReg.inj
Checked theorem: _private.Nonadditivity.FreeEmbedding.0.Nonadditivity.FreeEmbedding.leftRegular._proof_2
Checked theorem: Nonadditivity.HaarIteratedMoments.tensorTupleEquiv._proof_7
Checked theorem: Nonadditivity.CollinsYounOne.one_polynomial_norm_eq
Checked theorem: Nonadditivity.HaarPathProfiles.card_profileAssignments_le
Checked theorem: Nonadditivity.PrescribedTest.core_square_trace
Checked theorem: Nonadditivity.Linearization.diagonalBlocksHom._proof_2
Checked theorem: Nonadditivity.ObservableDimension.observableEquivTraceKernel._proof_15
Checked theorem: Nonadditivity.HaarPathLocalPhase.integral_entryMonomial_eq_zero_of_column_mismatch
Checked theorem: Nonadditivity.Channels.inputBlock_positive
Checked theorem: Nonadditivity.UniversalFactorization.evaluate._proof_2
Checked theorem: Nonadditivity.InitialNetReduction.polynomial._proof_1
Checked theorem: Nonadditivity.HaarPathWeightTransport.integral_pathProduct_eq_of_dart_transport
Checked theorem: Nonadditivity.QuantumCoding.tensorState._proof_1
Checked theorem: Nonadditivity.WordBallReduction.single.eq_1
Checked theorem: Nonadditivity.InitialNetReduction.regularFactor.eq_1
Checked theorem: _private.Nonadditivity.NoncommutativeCSAssignments.0.Nonadditivity.NoncommutativeCS.AssignmentProgram.variableCount.match_1.eq_5
Checked theorem: Nonadditivity.DampedBellStability.vectorize_sq
Checked theorem: Nonadditivity.HaarColumnMoments.rotation.congr_simp
Checked theorem: Nonadditivity.QuantumCoding.ProjectiveTest.rejectProduct.eq_2
Checked theorem: Nonadditivity.RegularizedHolevo.normalizedPowerHolevo_zero
Checked theorem: Nonadditivity.StructuredCostBounds.dyadicCeil._proof_1
Checked theorem: Nonadditivity.HaarNonbacktracking.durations_drop_injective._proof_1_1
Checked theorem: _private.Nonadditivity.NoncommutativeCSPaths.0.Nonadditivity.NoncommutativeCS.Contraction.pathSum.match_1.eq_2
Checked theorem: _private.Nonadditivity.HaarBranchContractions.0.Nonadditivity.HaarNonbacktracking.BranchPlan.realize.match_1.eq_5
Checked theorem: Nonadditivity.HaarTensorReplacement.adjointPolynomial_add
Checked theorem: _private.Nonadditivity.NoncommutativeCSEndpointSkeleton.0.Nonadditivity.NoncommutativeCS.EndpointSkeleton.word.match_1.eq_1
Checked theorem: Nonadditivity.Entropy.DensityMatrix.tensor._proof_1
Checked theorem: Nonadditivity.FreeBridge.chainTupleEquiv_succ_symm
Checked theorem: Nonadditivity.HaarWordPhase.instIsMulLeftInvariantForallSubtypeMatrixFinHAddNatOfNatComplexMemSubmonoidLocalUnitaryWordMeasure
Checked theorem: Nonadditivity.GeneralBell.paired_bell_overlap_lower
Checked theorem: Nonadditivity.ProductHaagerupWords.annihilateWord._proof_4
Checked theorem: Nonadditivity.QuantumCodingTypicality.entropy.eq_1
Checked theorem: Nonadditivity.kappa_net_certificate._simp_1_2
Checked theorem: Nonadditivity.NoncommutativeCS.EndpointSkeleton.budget_eq
Checked theorem: _private.Nonadditivity.NoncommutativeCSAssignmentProducts.0.Nonadditivity.NoncommutativeCS.AssignmentProgram.finalState.match_1.eq_5
Checked theorem: Nonadditivity.NoncommutativeCS.AssignmentProgram.cost._proof_1
Checked theorem: Nonadditivity.Channels.inputWeight.eq_1
Checked theorem: Nonadditivity.ObservableDimension.observableEquivTraceKernel._proof_2
Checked theorem: Nonadditivity.PrescribedCost.sqrt_log_div_nat_tendsto_zero._proof_1_1
Checked theorem: Nonadditivity.Weyl.quantity_eq_of_weyl_closed
Checked theorem: Nonadditivity.HaarWeingartenCycles.card_relative
Checked theorem: Nonadditivity.QuantumCoding.positiveWordEquiv._proof_1
Checked theorem: _private.Nonadditivity.NoncommutativeCSMemory.0.Nonadditivity.NoncommutativeCS.Contraction.operator.match_1.eq_5
Checked theorem: Nonadditivity.Operational.Code.log_messages_le_holevo_add_error
Checked theorem: _private.Nonadditivity.NoncommutativeCSAssignmentProducts.0.Nonadditivity.NoncommutativeCS.AssignmentProgram.finalState.match_1.eq_4
Checked theorem: Nonadditivity.OneBlockRealization.exists_positive_gap
Checked theorem: Nonadditivity.ExactQualitative.exists_actual_channel_bounds_with_dimensions._proof_1_2
Checked theorem: Nonadditivity.HaarOperatorPathBridge.strong_path_moment_dimension._proof_1_1
Checked theorem: Nonadditivity.Operational.blockedPower_eq
Checked theorem: Nonadditivity.Operational.Code.mk.inj
Checked theorem: Nonadditivity.CollinsYounTensor.mask._proof_1
Checked theorem: Nonadditivity.HaarOperatorPolynomial.killed_energy
Checked theorem: Nonadditivity.HaarPathWeights.count_edgeList._proof_1_4
Checked theorem: Nonadditivity.GeneralBell.bell_term_overlap
Checked theorem: _private.Nonadditivity.FiniteSetFactorization.0.Nonadditivity.FiniteSetFactorization.inverse_polynomial_sum
Checked theorem: Nonadditivity.HaarPathClasses.SamePattern.edgeAt_mem_treeEdges_iff
Checked theorem: Nonadditivity.HaarNonbacktracking.wordCoefficient.eq_1
Checked theorem: Nonadditivity.NoncommutativeCS.rowGram.congr_simp
Checked theorem: Nonadditivity.HaarPathGraph.Path.two_le_degree
Checked theorem: _private.Nonadditivity.HaarPathRuns.0.Nonadditivity.HaarPathRuns.middleRuns.match_1.eq_2
Checked theorem: Nonadditivity.PositiveHolevo.exists_block_entropy_le._proof_1_2
Checked theorem: Nonadditivity.Operational.POVM.pullback._proof_2
Checked theorem: Nonadditivity.HaarPathGraph.Path.positionDart.eq_1
Checked theorem: Nonadditivity.FiniteSetFactorization.dilationCoefficient_inverse
Checked theorem: Nonadditivity.StructuredLinearization.dimensionMultiplier_pos
Checked theorem: Nonadditivity.HaarPathGraph.Path.firstVisit_zero_of_not_important._simp_1_2
Checked theorem: Nonadditivity.HaarMomentConstants.alpha._proof_1
Checked theorem: Nonadditivity.HaarMixedMoments.entryMonomial.eq_1
Checked theorem: Nonadditivity.HaarWordPhase.integral_normalizedWordTrace_eq_zero_of_unbalanced._proof_1_1
Checked theorem: Nonadditivity.NetPolynomial.blockDiagonalHom._proof_2
Checked theorem: Nonadditivity.StructuredCostBounds.tensor_sum_log_bound._proof_1_1
Checked theorem: Nonadditivity.Operational.POVM.probability_nonneg
Checked theorem: Nonadditivity.FiniteFreeModel.partialTranslation._proof_2
Checked theorem: Nonadditivity.FiniteRealization.entriesToMatrixLinear._proof_1
Checked theorem: Nonadditivity.StructuredCostBounds.coefficientBound_log._proof_1_1
Checked theorem: Nonadditivity.HaarMixedMoments.entryMonomial_row_phase
Checked theorem: Nonadditivity.Channels.KrausChannel.map_eq_of_kraus_equiv
Checked theorem: Nonadditivity.Operational.Code.outputEnsemble_information._simp_1_3
Checked theorem: Nonadditivity.Channels.KrausChannel.outputUnitary._proof_1
Checked theorem: Nonadditivity.HaarInvariantTensor.integral_entryMonomial_eq_weingarten
Checked theorem: Nonadditivity.StructuredHaarConsequences.exists_explicit_finite_channel._simp_1_8
Checked theorem: Nonadditivity.QuantumCoding.ProjectiveTest.rejectProduct.eq_1
Checked theorem: Nonadditivity.InitialNetReduction.finiteEval_norm
Checked theorem: Nonadditivity.TensorPartitionReduction.reduce.eq_def
Checked theorem: Nonadditivity.NoncommutativeCS.splitRegister_symm_apply
Checked theorem: Nonadditivity.InitialNetReduction.coefficient._proof_4
Checked theorem: Nonadditivity.RegularFactorization.evaluate._proof_11
Checked theorem: Nonadditivity.HaarPathClasses.normalizedPrefixEq_to_treeStop._proof_1_5
Checked theorem: Nonadditivity.StateEnsembles.information_bddAbove
Checked theorem: Nonadditivity.HaarMomentConstants.geometric_sum_bound
Checked theorem: Nonadditivity.HaarHybridMoments.termLinear._proof_5
Checked theorem: Nonadditivity.HaarPathWeights.integral_sample_pair_eq_integral_prod
Checked theorem: Nonadditivity.UniversalFactorization.dilationSplit._proof_1
Checked theorem: Nonadditivity.Asymptotics.eventually_ratio_lower
Checked theorem: Nonadditivity.BlockBell.block_complementary_bell_entropy_le
Checked theorem: Nonadditivity.HaarPathWeights.pathProduct.eq_1
Checked theorem: Nonadditivity.WeightedCertificate.weighted_kraus
Checked theorem: Nonadditivity.HaarOperatorPolynomial.firstStep_coefficient_norm_le._simp_1_1
Checked theorem: Nonadditivity.HaarPathRecoloring.recolorPath_samePattern
Checked theorem: _private.Nonadditivity.NoncommutativeCSMemory.0.Nonadditivity.NoncommutativeCS.Contraction.evaluate.match_1.eq_5
Checked theorem: Nonadditivity.HaarWordExpansion.regularWordHom._proof_1
Checked theorem: _private.Nonadditivity.FreeEmbedding.0.Nonadditivity.FreeEmbedding.conjugate_succ
Checked theorem: Nonadditivity.MatrixRegularRestriction.coefficientPolynomial._proof_2
Checked theorem: Nonadditivity.ProductHaagerupWords.sector_nil_succ
Checked theorem: Nonadditivity.HaarProfileCoefficient.orientedCoefficients_eq_firstStep
Checked theorem: Nonadditivity.UniversalFactorization.evaluate._proof_9
Checked theorem: Nonadditivity.Channels.jointSelector_mul_adjoint
Checked theorem: Nonadditivity.FiniteRealization.observable_norm_eq_hsLength
Checked theorem: Nonadditivity.GeneralBell.mul_log_lower._simp_1_1
Checked theorem: Nonadditivity.HaarMoments.integrable_entry_product
Checked theorem: Nonadditivity.StructuredCostBounds.geometric_sum_le._simp_1_6
Checked theorem: Nonadditivity.QuantumCoding.tensorTypicalProjector.eq_1
Checked theorem: Nonadditivity.FreeCreation.creation_inner_zero
Checked theorem: Nonadditivity.NoncommutativeCS.AssignmentProgram.compile.eq_3
Checked theorem: Nonadditivity.HaarHybridMoments.integrable_partial_vacuumMoment
Checked theorem: Nonadditivity.HaarTimeCompositions.compositions.eq_def
Checked theorem: Nonadditivity.QuantumCoding.productInputState.eq_1
Checked theorem: Nonadditivity.CollinsYounTensor.sum_cone_masks_eq
Checked theorem: Nonadditivity.GaussianRectangular.inputMap.eq_1
Checked theorem: Nonadditivity.RegularDilation.rightSlice_dilationPolynomial
Checked theorem: Nonadditivity.HaarPathGraph.Path.ChainColoring.samePattern
Checked theorem: Nonadditivity.QuantumCodingTypicality.expectation_wordSum
Checked theorem: Nonadditivity.Asymptotics.ratio_lower_of_holevo_bounds
Checked theorem: Nonadditivity.HaarMomentConstants.final_error_bound
Checked theorem: Nonadditivity.ProductHaagerupHomogeneous.polynomial._proof_3
Checked theorem: Nonadditivity.HaarPathRuns.endpointPositions.congr_simp
Checked theorem: Nonadditivity.HaarWeingartenInverse.weingarten_weighted_sum_le._simp_1_1
Checked theorem: Nonadditivity.TensorPartitionReduction.reduce_dimension
Checked theorem: Nonadditivity.CollinsYounProduct.difference_nonneg
Checked theorem: Nonadditivity.HaarWordExpansion.regularEval._proof_1
Checked theorem: Nonadditivity.UpperHaarRealization.exists_arbitrarily_large_gap_of_all_upper
Checked theorem: Nonadditivity.RegularDilation.dilationCoefficient.eq_1
Checked theorem: Nonadditivity.HaarPathClasses.SamePattern.source_dartPerm
Checked theorem: Nonadditivity.HaarSkeletonSegmentation.reverseFactors.eq_def
Checked theorem: Nonadditivity.HaarPathGraph.Path.card_importantTimes_le._proof_1_1
Checked theorem: Nonadditivity.HaarPathClasses.card_explorationCodes_le
Checked theorem: Nonadditivity.HaarPathClasses.SamePattern.dartEquiv._proof_1
Checked theorem: Nonadditivity.HaarPathGraph.Path.reverse_mem._simp_1_1
Checked theorem: Nonadditivity.PrescribedCost.input_sqrt_ratio_bounds
Checked theorem: Nonadditivity.HaarPathRuns.card_firstPositions_le
Checked theorem: Nonadditivity.ProductHaagerupProduct.wordValue.eq_2
Checked theorem: Nonadditivity.RegularRestriction.extendZero.congr_simp
Checked theorem: Nonadditivity.HaarMixedWordExpansion.vacuumTrace_partialEval_eq
Checked theorem: Nonadditivity.PolynomialReduction.Polynomial.step_regular_norm_sq
Checked theorem: Nonadditivity.NoncommutativeCS.EndpointSkeleton.word.eq_2
Checked theorem: Nonadditivity.HaarNonbacktracking.vacuum._proof_5
Checked theorem: Nonadditivity.HaarPathWeights.pathProduct_eq
Checked theorem: Nonadditivity.HaarPathGraph.Path.ChainColoring.value_reverse
Checked theorem: Nonadditivity.InitialNetReduction.finiteEval_eq._simp_1_1
Checked theorem: Nonadditivity.HaarWordPhase.integral_normalizedWordTrace_eq_zero_of_unbalanced._proof_1_2
Checked theorem: Nonadditivity.StructuredReductionCosts.actual_error_bound
Checked theorem: Nonadditivity.QuantumCoding.Projection.ofMatrix._proof_7
Checked theorem: Nonadditivity.PrescribedTest.shiftWord_powers_injective
Checked theorem: Nonadditivity.NoncommutativeCS.AssignmentProgram.compile.eq_1
Checked theorem: Nonadditivity.SpectralDamping.damping_left_inverse
Checked theorem: Nonadditivity.FiniteBlockModel.representation._proof_1
Checked theorem: Nonadditivity.GaussianConsequences.exists_arbitrarily_large_ratio
Checked theorem: Nonadditivity.HaarPathClasses.samePattern_of_eventList_eq
Checked theorem: Nonadditivity.HaarPathClasses.normalizedPrefixEq_extend._proof_1_2
Checked theorem: Nonadditivity.HaarRefinedVertexFibre.fibreEquiv._proof_7
Checked theorem: Nonadditivity.HaarIteratedMoments.explicitHaarExpectation_of_onePairTraceBound._proof_1_2
Checked theorem: Nonadditivity.QuantumCoding.ProjectiveTest.step_complete
Checked theorem: Nonadditivity.RegularDilation.slice_energy
Checked theorem: Nonadditivity.ProductHaagerupWords.sector_zero
Checked theorem: Nonadditivity.HaarNonbacktracking.BranchPlan.realize.eq_6
Checked theorem: Nonadditivity.HaarNonbacktracking.occurrence_chunk_spec
Checked theorem: Nonadditivity.RegularFubini.curryIsometry._proof_5
Checked theorem: Nonadditivity.ProductMomentBridge.coefficient_energy_eq_vacuum_norm
Checked theorem: Nonadditivity.MatrixRegularRestriction.summable_coset_energy
Checked theorem: Nonadditivity.kappa_net_certificate._simp_1_7
Checked theorem: Nonadditivity.NoncommutativeCS.AssignmentProgram.factors.eq_5
Checked theorem: Nonadditivity.RegularizedHolevo.normalized_fixed_channel_gap_tendsto_zero._simp_1_8
Checked theorem: Nonadditivity.StructuredCostBounds.initialFactor_pos
Checked theorem: _private.Nonadditivity.CanonicalBlockBell.0.Nonadditivity.Entropy.TensorChainIndex.match_1.eq_2
Checked theorem: Nonadditivity.HaarPathGraph.Path.exploration_interval_split._simp_1_1
Checked theorem: Nonadditivity.InitialNetReduction.finiteFactor.eq_1
Checked theorem: Nonadditivity.HaarOperatorPolynomial.regular_killed
Checked theorem: Nonadditivity.HaarProfileCompositionBound.times_eq_ofFn._proof_1_3
Checked theorem: Nonadditivity.Channels.KrausChannel.conjugate_output_entropy
Checked theorem: Nonadditivity.Weyl.uniform_average_eq
Checked theorem: Nonadditivity.EntropyContinuity.exists_vonNeumann_opNorm_modulus
Checked theorem: Nonadditivity.HaarOperatorPathBridge.norm_sum_active_refined_le_moment
Checked theorem: Nonadditivity.WeylPowersTwirl.uniform_average_eq._simp_1_6
Checked theorem: Nonadditivity.Entropy.bellWeights_shannon._simp_1_9
Checked theorem: Nonadditivity.QuadraticNet.matrix_norm_le_of_unitSphereNet
Checked theorem: Nonadditivity.HaarNonbacktracking.killed_vacuum_eq
Checked theorem: Nonadditivity.MatrixRegularRestriction.cosetSlice_coefficientPolynomial
Checked theorem: Nonadditivity.Entropy.maximallyMixed.eq_1
Checked theorem: Nonadditivity.GaussianRectangular.quadraticMatrix.eq_1
Checked theorem: Nonadditivity.CollinsYounTensor.creation._proof_2
Checked theorem: Nonadditivity.Asymptotics.regrouping_gap_div_tendsto_zero._proof_1_1
Checked theorem: Nonadditivity.PolynomialReduction.Polynomial.dimensionCost_pos._proof_1_4
Checked theorem: Nonadditivity.ActualConsequences.FiniteQuantumChannel.half_chiTwo_le_classicalCapacity
Checked theorem: Nonadditivity.HaarPathGraph.Path.toCore_tail_source_not_core
Checked theorem: Nonadditivity.QuantumCodingTypicality.wordSum_concentration._simp_1_4
Checked theorem: Nonadditivity.CollinsYounProduct.polynomial_zero
Checked theorem: Nonadditivity.HaarTensorConstants.momentMultiplier_root_eq_exp._simp_1_7
Checked theorem: Nonadditivity.DeterministicQualitative.exists_actual_channel_bounds_with_dimensions._simp_1_7
Checked theorem: Nonadditivity.HaarPathClasses.colorNormalizer.congr_simp
Checked theorem: Nonadditivity.HaarPathGraph.Path.importantTimes.congr_simp
Checked theorem: Nonadditivity.WordBallReduction.radius_halve
Checked theorem: Nonadditivity.HaarPathClasses.normalized_fresh_run._proof_1_8
Checked theorem: Nonadditivity.RegularShiftedDilation.shifted_dilation_polynomial_norm
Checked theorem: Nonadditivity.HaarTensorConstants.momentMultiplier_root_eq_exp._simp_1_5
Checked theorem: Nonadditivity.NoncommutativeCS.Contraction.operator.eq_5
Checked theorem: Nonadditivity.UniversalFactorization.rectLift_apply
Checked theorem: Nonadditivity.HaarPathGraph.Path.ToCore.internalChain
Checked theorem: Nonadditivity.NoncommutativeCS.EndpointSkeleton.Compressed.eq_1
Checked theorem: _private.Nonadditivity.FreeEmbedding.0.Nonadditivity.FreeEmbedding.Covering.edgeLabel_tree
Checked theorem: Nonadditivity.HaarMixedWordExpansion.identitySlice_single
Checked theorem: Nonadditivity.NoncommutativeCS.EndpointTrace.brecOn.eq
Checked theorem: Nonadditivity.Quantitative.dimension_error_contribution._simp_1_4
Checked theorem: Nonadditivity.Quantitative.dimensionExponent.eq_1
Checked theorem: Nonadditivity.HaarPathGraph.edge_reverse_color
Checked theorem: Nonadditivity.HaarPathClasses.RefinedPattern.positionPerm_fix
Checked theorem: Nonadditivity.HaarSharpSummation.sum_products_le
Checked theorem: Nonadditivity.HaarPathClasses.SamePattern.incidenceVertex_iff
Checked theorem: _private.Nonadditivity.FreeEmbedding.0.Nonadditivity.FreeEmbedding.Covering.norm_path_le
Checked theorem: Nonadditivity.HaarPathClasses.SamePattern.coreChainMap_length
Checked theorem: Nonadditivity.Entropy.emptyTensorState_entropy
Checked theorem: Nonadditivity.Entropy.DensityMatrix.mixture_matrix
Checked theorem: Nonadditivity.HaarSkeletonSegmentation.pairCoefficient.eq_1
Checked theorem: Nonadditivity.Entropy.distributionPurity.eq_1
Checked theorem: _private.Nonadditivity.HaarBranchTimeSum.0.Nonadditivity.HaarNonbacktracking.BranchPlan.blocks.match_1.eq_2
Checked theorem: Nonadditivity.CollinsYoun.doubleCreation_norm_le
Checked theorem: Nonadditivity.UpperHaarRealization.exists_one_block_ratio._simp_1_7
Checked theorem: Nonadditivity.WeylPowers.normalizedMinimumEntropy_nonneg
Checked theorem: Nonadditivity.OneBlockRealization.analyticInputs_of_higher_blocks
Checked theorem: Nonadditivity.HaarPathGraph.Path.ChainColoring.source_not_core_of_pos._proof_1
Checked theorem: Nonadditivity.NoncommutativeCS.EndpointSkeleton.profileLabels_length_eq_card
Checked theorem: Nonadditivity.ProductPolynomialReduction.degree_evaluate_le._proof_1_3
Checked theorem: Nonadditivity.HaarPathGraph.Path.suffix_toCore
Checked theorem: Nonadditivity.RegularCoefficientEnergy.coefficientOperator.eq_1
Checked theorem: Nonadditivity.HaarPathClasses.normalized_fresh_run
Checked theorem: Nonadditivity.Channels.KrausChannel.adjointMap_smul
Checked theorem: Nonadditivity.WeightedBlock.weightedBlock_bell_entropy_le
Checked theorem: Nonadditivity.HaarInvariantTensor.vectorize.eq_1
Checked theorem: Nonadditivity.HaarNonbacktracking.prod_cons_ne_one_of_reduced
Checked theorem: _private.Nonadditivity.HaarBranchContractions.0.Nonadditivity.HaarNonbacktracking.BranchPlan.order.match_1.eq_4
Checked theorem: Nonadditivity.HaarOperatorPathBridge.norm_sum_active_refined_le
Checked theorem: Nonadditivity.HaarPathClasses.SamePattern.vertexPerm_mem_core_iff._simp_1_2
Checked theorem: Nonadditivity.HaarOperatorCurry.operatorCurry_single
Checked theorem: Nonadditivity.NoncommutativeCS.EndpointSkeleton.singleton.inj
Checked theorem: Nonadditivity.RegularFactorization.factor_gram
Checked theorem: Nonadditivity.HaarVacuumFunctional.vacuumFunctional_smul
Checked theorem: Nonadditivity.HaarPathClasses.classDefectTwice_refined_eq
Checked theorem: Nonadditivity.CollinsYounProduct.offDiagonalEnergy_nonneg
Checked theorem: Nonadditivity.DampedChannel.residualRoot._proof_5
Checked theorem: Nonadditivity.Channels.KrausChannel.adjointMap_posSemidef
Checked theorem: Nonadditivity.Channels.KrausChannel.emptyTensorChannel.eq_1
Checked theorem: Nonadditivity.HaarWordExpansion.canonical_integral_moment_error
Checked theorem: Nonadditivity.HaarPathGraph.Path.toCore_mem
Checked theorem: Nonadditivity.Entropy.maximallyMixed.congr_simp
Checked theorem: Nonadditivity.HaarRefinedVertexFibre.coarseColor.eq_1
Checked theorem: Nonadditivity.SpectralDamping.damping_le_one
Checked theorem: Nonadditivity.HaarNonbacktracking.atVacuum._proof_2
Checked theorem: Nonadditivity.SpectralDamping.spectral_add
Checked theorem: Nonadditivity.HaarPathGraph.Path.representativePositionEquiv._proof_1
Checked theorem: Nonadditivity.FreeBridge.isHermitian_submatrix_equiv
Checked theorem: Nonadditivity.HaarPathWeights.edgeList.eq_1
Checked theorem: _private.Nonadditivity.HaarProfileSingletonWeight.0.Nonadditivity.NoncommutativeCS.EndpointSkeleton.singletonLength.match_1.eq_4
Checked theorem: Nonadditivity.HaarPathClasses.normalized_old_tree_colors
Checked theorem: Nonadditivity.MatrixNormReindex.submatrix_equiv_norm
Checked theorem: Nonadditivity.HaarFourthMoments.rotationMatrix_star._simp_1_2
Checked theorem: Nonadditivity.RegularShiftedDilation.liftStarAlgHom._proof_11
Checked theorem: Nonadditivity.RegularCoefficientEnergy.coefficientOperator._proof_4
Checked theorem: Nonadditivity.HaarPathGraph.Path.vertexName_of_firstVisit._proof_1_3
Checked theorem: Nonadditivity.HaarPathClasses.normalColor.eq_1
Checked theorem: Nonadditivity.WeightedPositivity.converted_damped_holevoBits_pos_of_diagonal
Checked theorem: Nonadditivity.HaarWordExpansion.coefficientHom.eq_1
Checked theorem: Nonadditivity.HaarMomentConstants.beta._proof_1
Checked theorem: Nonadditivity.HaarPathClasses.SamePattern.chain_decomposition_map
Checked theorem: _private.Nonadditivity.NoncommutativeCSPaths.0.Nonadditivity.NoncommutativeCS.Contraction.pathSum.match_1.eq_3
Checked theorem: Nonadditivity.UniversalFactorization.evaluate_nonconstantGram
Checked theorem: Nonadditivity.FiniteFreeModel.exists_finite_separating_model
Checked theorem: Nonadditivity.HaarMomentConstants.sum_encoding_errors_le
Checked theorem: Nonadditivity.HaarPathClasses.sparseExplorationCode.eq_1
Checked theorem: Nonadditivity.NoncommutativeCS.Contraction.evaluate.eq_3
Checked theorem: Nonadditivity.HaarMatchingSingletons.singletonEdges_le_two_support
Checked theorem: Nonadditivity.HaarPathLocalPhase.integral_eq_zero_of_column_phase._proof_1_1
Checked theorem: Nonadditivity.MatrixRegularRestriction.coset_energy
Checked theorem: Nonadditivity.HaarPathGraph.Path.discoveryGraph_succ_of_first._simp_1_2
Checked theorem: Nonadditivity.ObservableDimension.selfAdjoint_matrix_finiteDimensional
Checked theorem: Nonadditivity.GaussianChannelBounds.converted_bounds._simp_1_4
Checked theorem: Nonadditivity.HaarWeingartenCycles.relativeFixedEquiv._proof_4
Checked theorem: Nonadditivity.Entropy.DensityMatrix.entropy_eq_shannon_of_diagonalization._simp_1_2
Checked theorem: Nonadditivity.EntropyMixtures.shannon_joint._simp_1_2
Checked theorem: Nonadditivity.HaarPathGraph.Path.namedPath_tree_edge_mem_iff
Checked theorem: Nonadditivity.RegularCoefficientEnergy.leftRegular_apply
Checked theorem: Nonadditivity.RegularFactorization.evaluate._proof_1
Checked theorem: Nonadditivity.QuantumCoding.ProjectiveTest.failure.eq_1
Checked theorem: Nonadditivity.Main.block_entropy_of_purity._simp_1_8
Checked theorem: Nonadditivity.HaarPathGraph.Path.occurrenceSet.eq_1
Checked theorem: Nonadditivity.QuantumCoding.Projection.inner_map_self
Checked theorem: Nonadditivity.NoncommutativeCS.AssignmentProgram.cost.eq_1
Checked theorem: Nonadditivity.DeterministicQualitative.exists_actual_channel_bounds_with_dimensions._simp_1_8
Checked theorem: Nonadditivity.HaarPathClasses.incidenceIndex.eq_1
Checked theorem: Nonadditivity.HaarPathClasses.SamePattern.dartEquiv._proof_5
Checked theorem: Nonadditivity.FiniteRealization.adjointOnObservables._proof_6
Checked theorem: Nonadditivity.WeightedBlock.outputScale_isHermitian
Checked theorem: Nonadditivity.HaarPermutationSupport.distance.congr_simp
Checked theorem: Nonadditivity.HaarOperatorPathBridge.pathOperatorSum._proof_1
Checked theorem: Nonadditivity.OneBlockRealization.exists_arbitrarily_large_ratio._proof_1_1
Checked theorem: Nonadditivity.Channels.pureState._proof_1
Checked theorem: Nonadditivity.Linearization.operator_sum_norm_le_of_gram_norm
Checked theorem: Nonadditivity.FiniteSetFactorization.inverseWords._proof_3
Checked theorem: Nonadditivity.Operational.Code.outputEnsemble._proof_1
Checked theorem: Nonadditivity.Entropy.DensityMatrix.tensor_entropy
Checked theorem: Nonadditivity.HaarPathGraph.Path.coreChainReverse._proof_2
Checked theorem: Nonadditivity.WordBallReduction.dimensionCost_pos
Checked theorem: Nonadditivity.RegularFactorization.term_adjoint._simp_1_2
Checked theorem: Nonadditivity.RegularizedHolevo.normalized_fixed_channel_gap_tendsto_zero
Checked theorem: Nonadditivity.Entropy.pairChainEquiv._proof_3
Checked theorem: Nonadditivity.Entropy.pairChainEquiv._proof_1
Checked theorem: Nonadditivity.Operational.POVM.mk.injEq
Checked theorem: Nonadditivity.UpperHaarRealization.eventually_exists_certificate_of_upper_tails
Checked theorem: Nonadditivity.HaarPathGraph.Path.edge_mem_labelEdges
Checked theorem: Nonadditivity.HaarNonbacktracking.firstReturnSum.eq_1
Checked theorem: Nonadditivity.Channels.KrausChannel.productEnsemble._proof_1
Checked theorem: Nonadditivity.TensorPartitionReduction.residue_split._proof_1_3
Checked theorem: _private.Nonadditivity.NoncommutativeCSSingletons.0.Nonadditivity.NoncommutativeCS.EndpointSkeleton.singletonLabels.match_1.eq_1
Checked theorem: Nonadditivity.NoncommutativeCS.AssignmentProgram.brecOn.eq
Checked theorem: Nonadditivity.PrescribedCost.growingFamily_two_use_input_cost_lower._simp_1_3
Checked theorem: Nonadditivity.PolynomialReduction.Polynomial.dimensionCost.eq_2
Checked theorem: Nonadditivity.Channels.KrausChannel.productEnsemble_average
Checked theorem: Nonadditivity.RegularFactorization.rectLift._proof_7
Checked theorem: Nonadditivity.GaussianNetRealization.quadratic._proof_1
Checked theorem: Nonadditivity.QuantumCodingTypicality.spectral_band_mass_ge
Checked theorem: Nonadditivity.CollinsYounTensor.mixed._proof_7
Checked theorem: Nonadditivity.InitialNetReduction.gramMatrix_posSemidef
Checked theorem: Nonadditivity.QuantumCoding.Projection.symmetric
Checked theorem: Nonadditivity.Quantitative.coefficient_error_contribution
Checked theorem: Nonadditivity.exists_unitSphereNet
Checked theorem: Nonadditivity.Entropy.shannon_le_log_card._simp_1_4
Checked theorem: Nonadditivity.HaarPathClasses.SamePattern.coreChainMap_reverse
Checked theorem: Nonadditivity.NoncommutativeCS.EndpointSkeleton.times.eq_1
Checked theorem: Nonadditivity.WeightedMatrixInverse.weighted_inverse_entry_le_two
Checked theorem: Nonadditivity.CollinsYounOne.collapsedPolynomial_eq_localPolynomial
Checked theorem: Nonadditivity.HaarPathWeights.norm_pathProduct_integral_le._proof_1_1
Checked theorem: Nonadditivity.QuantumCodingTypicality.information_centered
Checked theorem: Nonadditivity.Entropy.unitary_kronecker_conjugate_fixes_bell
Checked theorem: Nonadditivity.HaarPathWeights.familyList.eq_1
Checked theorem: Nonadditivity.Channels.KrausChannel.output.eq_1
Checked theorem: _private.Nonadditivity.NoncommutativeCSBlocks.0.Nonadditivity.NoncommutativeCS.EndpointSkeleton.blocks.match_1.eq_3
Checked theorem: Nonadditivity.NetPolynomial.slice_regularPolynomial
Checked theorem: Nonadditivity.FiniteSetFactorization.selector_mul_adjoint
Checked theorem: Nonadditivity.HaarPathMultiplicity.length_le_twice_edges_add_excess
Checked theorem: Nonadditivity.HaarTimeCompositions.positive_of_mem._simp_1_4
Checked theorem: Nonadditivity.GaussianRectangular.pullback_factorization
Checked theorem: Nonadditivity.HaarConsequences.exists_large_regularized_gain_and_ratio
Checked theorem: _private.Nonadditivity.HaarNonbacktrackingRenewal.0.Nonadditivity.HaarNonbacktracking.killedPolynomial.match_1.eq_1
Checked theorem: Nonadditivity.WeylTensor.uniform_average_eq._simp_1_3
Checked theorem: Nonadditivity.NoncommutativeCS.EndpointSkeleton.budget.eq_2
Checked theorem: Nonadditivity.HaarMarkedCompositions.markedProduct.eq_3
Checked theorem: Nonadditivity.FiniteRealization.matrix_certificate_of_observable_bound
Checked theorem: Nonadditivity.WordBallReduction.errorCost_le
Checked theorem: Nonadditivity.HaarWeingartenCounting.fixedSuccEquiv._proof_6
Checked theorem: Nonadditivity.HaarPathGraph.Path.discoveryGraph_succ_of_first._simp_1_1
Checked theorem: Nonadditivity.HaarPathGraph.Path.coreChain_internal_sources_nodup
Checked theorem: Nonadditivity.FiniteBlockModel.tensorRepresentation.eq_1
Checked theorem: Nonadditivity.StructuredCostBounds.errorProduct._proof_1
Checked theorem: Nonadditivity.Entropy.maximallyMixed._proof_1
Checked theorem: _private.Nonadditivity.FreeEmbedding.0.Nonadditivity.FreeEmbedding.Covering.path_inverse_action
Checked theorem: Nonadditivity.RegularShiftedDilation.liftStarAlgHom._proof_6
Checked theorem: _private.Nonadditivity.FreeEmbedding.0.Nonadditivity.FreeEmbedding.Covering.child_pair_injective._proof_1_2
Checked theorem: Nonadditivity.NoncommutativeCS.Contraction.cost.eq_5
Checked theorem: Nonadditivity.ProductHaagerupProduct.energy.eq_1
Checked theorem: Nonadditivity.FiniteSetFactorization.theta_dilation_le_card_mul_regularNorm
Checked theorem: Nonadditivity.RegularFactorization.evaluate._proof_7
Checked theorem: Nonadditivity.CollinsYounProduct.norm_step_sq
Checked theorem: Nonadditivity.QuantumCoding.Sampling.expect.eq_1
Checked theorem: Nonadditivity.HaarPathClasses.refinedDefectEquiv._proof_3
Checked theorem: Nonadditivity.inverse_n_net_certificate._simp_1_2
Checked theorem: Nonadditivity.Operational.POVM.normalizedBlockState._proof_1
Checked theorem: Nonadditivity.HaarWordPhase.eval_cons
Checked theorem: Nonadditivity.UniversalFactorization.column.eq_1
Checked theorem: Nonadditivity.CollinsYounTensor.mixed._proof_4
Checked theorem: Nonadditivity.RegularShiftedDilation.liftStarAlgHom._proof_7
Checked theorem: Nonadditivity.NoncommutativeCS.AssignmentProgram.coefficient.congr_simp
Checked theorem: Nonadditivity.HaarPathGraph.Path.ChainColoring.color_injective_internal._proof_1_4
Checked theorem: Nonadditivity.HaarPathGraph.Path.vertices_le_edges._proof_1_3
Checked theorem: Nonadditivity.RegularFactorization.term_smul
Checked theorem: Nonadditivity.CollinsYounTensor.lift_doubleCreation_commute
Checked theorem: Nonadditivity.HaarPathGraph.Path.color_traversalList
Checked theorem: Nonadditivity.HaarMomentConstants.refinedClass_product_eq._proof_1_2
Checked theorem: Nonadditivity.MatrixRegularRestriction.extendZero_coefficientPolynomial
Checked theorem: Nonadditivity.Operational.blockedPower_map
Checked theorem: Nonadditivity.FiniteRealization.adjointOnObservables._proof_10
Checked theorem: Nonadditivity.WeylPowersTwirl.orbit_ensemble_entropy
Checked theorem: Nonadditivity.HaarAveraging.average_mul._simp_1_2
Checked theorem: Nonadditivity.RegularRestriction.cosetSlice_apply
Checked theorem: Nonadditivity.Operational.CodeSequence.rate.eq_1
Checked theorem: Nonadditivity.HaarColumnMoments.moment_zero
Checked theorem: Nonadditivity.UniversalFactorization.padded_dilation_norm_sq
Checked theorem: Nonadditivity.CollinsYounProduct.slice.eq_1
Checked theorem: Nonadditivity.WeightedPositivity.repeatedIndex.eq_1
Checked theorem: Nonadditivity.QuantumCoding.Projection.trajectory.eq_2
Checked theorem: Nonadditivity.HaarPathGraph.Path.nextImportant_bounds
Checked theorem: Nonadditivity.CollinsYounTensor.doubleCreation_norm_le
Checked theorem: Nonadditivity.ProductMomentBridge.functionGroupHom._proof_3
Checked theorem: Nonadditivity.UniversalFactorization.rectLift.eq_1
Checked theorem: Nonadditivity.HaarPathClasses.rangeEquivOfKernel._proof_4
Checked theorem: _private.Nonadditivity.DampedChannel.0.Nonadditivity.DampedChannel.dampedKraus.match_1.eq_1
Checked theorem: _private.Nonadditivity.FreeEmbedding.0.Nonadditivity.FreeEmbedding.Covering.treeTarget._proof_2
Checked theorem: Nonadditivity.NetPolynomial.blockDiagonalHom._proof_4
Checked theorem: Nonadditivity.HaarPathLocalPhase.integral_eq_zero_of_column_phase._proof_1_3
Checked theorem: Nonadditivity.Entropy.DensityMatrix.eq_maximallyMixed_of_weights_eq
Checked theorem: Nonadditivity.DampedChannel.residualRoot._proof_2
Checked theorem: Nonadditivity.Channels.KrausChannel.identity_map
Checked theorem: Nonadditivity.ProductPolynomialReduction.reduce_degree
Checked theorem: Nonadditivity.NoncommutativeCS.AssignmentProgram.coefficient.eq_5
Checked theorem: Nonadditivity.Asymptotics.log_two_pos
Checked theorem: Nonadditivity.RegularFactorization.paddedCoefficients.eq_1
Checked theorem: Nonadditivity.MatrixRegularRestriction.coefficientPolynomial_apply
Checked theorem: Nonadditivity.HaarPathRuns.card_endpointPositions_le
Checked theorem: Nonadditivity.CollinsYoun.local_polynomial_three_components
Checked theorem: Nonadditivity.HaarPathClasses.rangeEquivOfKernel._proof_3
Checked theorem: Nonadditivity.ProductMomentBridge.functionGroupHom_injective
Checked theorem: Nonadditivity.StructuredLinearization.final_isHermitian
Checked theorem: Nonadditivity.HaarPathGraph.Path.internalChain_toCore
Checked theorem: Nonadditivity.HaarFourthMoments.column_sum_norm_sq
Checked theorem: Nonadditivity.Operational.CodeSequence.unblock._proof_1
Checked theorem: Nonadditivity.HaarPathGraph.Path.ChainColoring.value_reverse._proof_1_2
Checked theorem: Nonadditivity.FreeCreation.maskFunction_apply
Checked theorem: Nonadditivity.RegularCoefficientEnergy.liftFunction_apply
Checked theorem: Nonadditivity.Asymptotics.output_normalized_gap_liminf._simp_1_7
Checked theorem: Nonadditivity.HaarPathGraph.Path.reverseProfileWord_twice_ofFn
Checked theorem: Nonadditivity.HaarMarkedCompositions.length_blocks._proof_1_6
Checked theorem: Nonadditivity.PositiveHolevo.twoMergedWeights_shannon._simp_1_3
Checked theorem: Nonadditivity.SpectralDamping.spectral._proof_1
Checked theorem: Nonadditivity.NetPolynomial.permutationIsometry._proof_2
Checked theorem: Nonadditivity.RegularShiftedDilation.grading._proof_25
Checked theorem: Nonadditivity.HaarOperatorPolynomial.regular.eq_1
Checked theorem: Nonadditivity.HaarHybridMoments.termLinear._proof_3
Checked theorem: Nonadditivity.PolynomialReduction.Polynomial.step_regularEval
Checked theorem: Nonadditivity.HaarPathClasses.normalizedPrefixEq_fresh_interval._proof_1_2
Checked theorem: Nonadditivity.StateEnsembles.Ensemble.ofFinite_average
Checked theorem: Nonadditivity.FreeModel.gamma._proof_2
Checked theorem: Nonadditivity.Entropy.DensityMatrix.purity.eq_1
Checked theorem: _private.Nonadditivity.FreeEmbedding.0.Nonadditivity.FreeEmbedding.Covering.action.eq_1
Checked theorem: Nonadditivity.Channels.KrausChannel.unitaryChannel._proof_1
Checked theorem: Nonadditivity.WeylTensor.uniformAverage.eq_1
Checked theorem: Nonadditivity.UniversalShiftedDilation.dilation_norm_le
Checked theorem: Nonadditivity.NoncommutativeCS.column_norm_le
Checked theorem: Nonadditivity.HaarProfilePadding.sum_extend_zero
Checked theorem: Nonadditivity.NoncommutativeCS.EndpointSkeleton.mem_word_range_or_profile
Checked theorem: Nonadditivity.Channels.KrausChannel.uniformUnitary.eq_1
Checked theorem: Nonadditivity.HaarMomentTail.measure_norm_ge_le_normalized_trace_moment._simp_1_1
Checked theorem: Nonadditivity.QuantumCodingTypicality.expectation_succ
Checked theorem: Nonadditivity.RegularFactorization.lift_apply
Checked theorem: Nonadditivity.HaarVacuumFunctional.identitySlice_support_subset
Checked theorem: Nonadditivity.HaarNonbacktracking.BranchPlan.retime.eq_def
Checked theorem: _private.Nonadditivity.FiniteSetFactorization.0.Nonadditivity.FiniteSetFactorization.inverse_support_sum
Checked theorem: Nonadditivity.OperationalConsequences.prescribed_capacity_gain_tendsto_atTop
Checked theorem: Nonadditivity.ShortEmbeddingNorm.productLogarithmicEmbedding._proof_1
Checked theorem: _private.Nonadditivity.NoncommutativeCSSkeletonDecoration.0.Nonadditivity.NoncommutativeCS.EndpointSkeleton.decorate.match_1.eq_2
Checked theorem: Nonadditivity.Holevo.Ensemble.state_mem
Checked theorem: Nonadditivity.FiniteFreeModel.encode_injective
Checked theorem: Nonadditivity.HaarPathClasses.normalized_fresh_run._proof_1_1
Checked theorem: Nonadditivity.ShortEmbeddingNorm.product_logarithmic_substitution
Checked theorem: Nonadditivity.HaarColumnMoments.mixed_of_ne
Checked theorem: _private.Nonadditivity.HaarProfilePatternBound.0.Nonadditivity.NoncommutativeCS.EndpointSkeleton.singletonWeight.match_1.eq_2
Checked theorem: Nonadditivity.HaarNonbacktracking.BranchPlan.singletons.eq_5
Checked theorem: Nonadditivity.Operational.POVM.sqrtEffect_square
Checked theorem: Nonadditivity.Asymptotics.blockLength_pos
Checked theorem: Nonadditivity.OneBlockRealization.exists_one_block_bounds._proof_1_1
Checked theorem: _private.Nonadditivity.NoncommutativeCSBlocks.0.Nonadditivity.NoncommutativeCS.EndpointSkeleton.blocks.match_1.eq_2
Checked theorem: Nonadditivity.WeylPowers.normalizedMinimumEntropy_bddBelow
Checked theorem: Nonadditivity.FreeEmbedding.embedding_of
Checked theorem: Nonadditivity.InitialNetReduction.regularColumn._proof_3
Checked theorem: Nonadditivity.GaussianRectangular.sampleProbability
Checked theorem: Nonadditivity.RegularShiftedDilation.grading._proof_23
Checked theorem: Nonadditivity.HaarPaletteDecoder.decode_embedAssignment
Checked theorem: Nonadditivity.HaarMomentConstants.encoding_alpha_le
Checked theorem: Nonadditivity.MatrixShortEmbedding.matrix_logarithmic_substitution
Checked theorem: Nonadditivity.HaarPathClasses.paddedListCode_injective
Checked theorem: Nonadditivity.HaarPathClasses.normalized_fresh_run._proof_1_9
Checked theorem: Nonadditivity.HaarPathClasses.SamePattern.dartPerm._proof_1
Checked theorem: Nonadditivity.HaarPathGraph.Path.coreChainProfile_count
Checked theorem: Nonadditivity.UniversalFactorization.rectLift._proof_1
Checked theorem: Nonadditivity.HaarOnePairAssembly.integrable_pair_word_trace
Checked theorem: Nonadditivity.ActualConsequences.separatingFamily._proof_1
Checked theorem: Nonadditivity.NoncommutativeCS.AssignmentProgram.variableCount.eq_3
Checked theorem: Nonadditivity.HaarPathGraph.Path.refinedChainWord._proof_2
Checked theorem: Nonadditivity.PrescribedTest.freeNorm_test._simp_1_4
Checked theorem: Nonadditivity.HaarPathGraph.Path.vertexAt._proof_1
Checked theorem: Nonadditivity.WordBallReduction.letter_code
Checked theorem: Nonadditivity.HaarOperatorPathBridge.colorsOfWord_word
Checked theorem: Nonadditivity.HaarPathVertexFibre.reconstruct.eq_1
Checked theorem: Nonadditivity.Operational.mean_sqrt_le_sqrt_mean._simp_1_7
Checked theorem: Nonadditivity.Entropy.DensityMatrix.reindex._proof_2
Checked theorem: Nonadditivity.CollinsYoun.doubleAnnihilation_eq
Checked theorem: Nonadditivity.HaarOperatorPolynomial.coefficientHom._proof_3
Checked theorem: Nonadditivity.HaarPathGraph.Path.traversal_mem
Checked theorem: _private.Nonadditivity.FreeEmbedding.0.Nonadditivity.FreeEmbedding.Covering.norm_path_le._proof_1_4
Checked theorem: Nonadditivity.DeterministicConsequences.exists_small_chi_large_regularized_gain_and_ratio
Checked theorem: Nonadditivity.HaarInvariantTensor.entry_dimension_of_manuscript_range
Checked theorem: Nonadditivity.ObservableDimension.hermitianTrace._proof_1
Checked theorem: Nonadditivity.NoncommutativeCS.EndpointTrace.factors_length
Checked theorem: Nonadditivity.StateEnsembles.Ensemble.weight_sum
Checked theorem: Nonadditivity.NetPolynomial.slice_energy
Checked theorem: Nonadditivity.QuantumCoding.ProjectiveTest.raw_error_bound._proof_1_2
Checked theorem: Nonadditivity.HaarProfileBlockCoefficients.padded_norm_le
Checked theorem: Nonadditivity.ProductPolynomialReduction.norm_localWord_le
Checked theorem: Nonadditivity.eventually_exists_kappa_norm_certificate._simp_1_3
Checked theorem: Nonadditivity.Quantitative.threshold_consequences
Checked theorem: Nonadditivity.Channels.KrausChannel.uniformUnitary._simp_1
Checked theorem: Nonadditivity.NoncommutativeCS.AssignmentProgram.variableCount.eq_5
Checked theorem: _private.Nonadditivity.NoncommutativeCSPaths.0.Nonadditivity.NoncommutativeCS.Contraction.pathSum.match_1.eq_5
Checked theorem: Nonadditivity.Operational.POVM.labelProjection_hermitian
Checked theorem: Nonadditivity.HaarOperatorPathBridge.active_refined_vertices_le
Checked theorem: Nonadditivity.PolynomialReduction.Polynomial.mk.inj
Checked theorem: Nonadditivity.PositiveHolevo.exists_normalized_eigenvector._simp_1_1
Checked theorem: Nonadditivity.InitialNetReduction.finiteEval_norm_sq
Checked theorem: Nonadditivity.HaarPathGraph.Path.ChainColoring.value_step._proof_1
Checked theorem: Nonadditivity.HaarPathGraph.Path.namedPath_importantTimes
Checked theorem: Nonadditivity.SmallEnvironment.square_pair_dependent
Checked theorem: Nonadditivity.HaarPathClasses.normalizedPrefixEq_to_treeStop._proof_1_6
Checked theorem: Nonadditivity.HaarTimeCompositions.sum_of_mem._simp_1_5
Checked theorem: Nonadditivity.InitialNetReduction.coefficient._proof_6
Checked theorem: Nonadditivity.RegularRestriction.gammaInfinite._proof_2
Checked theorem: Nonadditivity.GaussianRectangular.samplingScale_sq
Checked theorem: Nonadditivity.HaarPathGraph.Path.internalChain_isChain
Checked theorem: Nonadditivity.HaarMomentConstants.sum_refinedClass_products_le
Checked theorem: Nonadditivity.HaarPathClasses.SamePattern.toCore_map
Checked theorem: Nonadditivity.WeylTensor.conjugation_apply
Checked theorem: Nonadditivity.HaarNonbacktracking.BranchPlan.blocks.eq_4
Checked theorem: Nonadditivity.StructuredCostBounds.wordSteps.eq_1
Checked theorem: Nonadditivity.Quantitative.tailBound._proof_4
Checked theorem: Nonadditivity.HaarPathInvolution.biUnion_pairs
Checked theorem: Nonadditivity.HaarNonbacktracking.returnCoefficient_norm_le
Checked theorem: _private.Nonadditivity.WeightedBell.0.Nonadditivity.BellOutput.mergedWeights.match_1.eq_1
Checked theorem: Nonadditivity.HaarPathClasses.normalColor_root
Checked theorem: Nonadditivity.ProductMomentBridge.coefficientOperator_norm_sq_le
Checked theorem: Nonadditivity.HaarPathClasses.singletonEdges_map_card._simp_1_4
Checked theorem: Nonadditivity.HaarPathGraph.Path.card_firstTimes._proof_1_1
Checked theorem: Nonadditivity.HaarPathClasses.outgoingMark_after_firstVisit
Checked theorem: Nonadditivity.HaarPathRunCounterexample.core_budget
Checked theorem: Nonadditivity.QuantumCodingTypicality.wordSum_cons
Checked theorem: Nonadditivity.ActualConsequences.FiniteQuantumChannel.regularizedHolevo_nonneg
Checked theorem: Nonadditivity.TensorPartitionReduction.errorCost.eq_def
Checked theorem: Nonadditivity.FiniteFreeModel.partialTranslation._proof_4
Checked theorem: Nonadditivity.GaussianRectangular.quadraticOperator_symmetric
Checked theorem: Nonadditivity.BlockConstruction.blockChannel.eq_1
Checked theorem: Nonadditivity.ProductPolynomialReduction.dimensionCost.eq_2
Checked theorem: Nonadditivity.HaarPathProfiles.residual_count_lt
Checked theorem: Nonadditivity.MatrixShortEmbedding.product_matrix_total_degree_substitution
Checked theorem: Nonadditivity.HaarMoments.integral_sample_entry_product_same
Checked theorem: Nonadditivity.HaarNonbacktracking.coefficient_factorization_at_cut
Checked theorem: Nonadditivity.Linearization.inverseLetter.eq_1
Checked theorem: Nonadditivity.GeneralBell.converted_bounds
Checked theorem: Nonadditivity.GaussianNormalization.channelOfIsometry_adjoint
Checked theorem: Nonadditivity.WeightedMatrixInverse.inverse_eq_one_add_residual
Checked theorem: Nonadditivity.NoncommutativeCS.diagonal._proof_3
Checked theorem: Nonadditivity.NoncommutativeCS.swap._proof_7
Checked theorem: Nonadditivity.HaarDecodedCoefficientBound.decoded_coefficient_sum_norm_le
Checked theorem: Nonadditivity.HaarTimeCompositions.compositions_zero
Checked theorem: Nonadditivity.RegularFactorization.term_mul
Checked theorem: Nonadditivity.CollinsYounTensor.coefficientLength_nonneg
Checked theorem: Nonadditivity.HaarPathClasses.RefinedPattern.symm
Checked theorem: Nonadditivity.HaarIteratedMoments.uncurry_measurePreserving._simp_1_2
Checked theorem: Nonadditivity.HaarNonbacktracking.killed_vacuum_norm_le
Checked theorem: Nonadditivity.WordBallReduction.wordLetters.eq_1
Checked theorem: Nonadditivity.WordBallReduction.stage_error_transfer._simp_1_13
Checked theorem: Nonadditivity.ProductMomentBridge.norm_pow_le_two_card_moment_of_injective._proof_1_3
Checked theorem: Nonadditivity.MatrixRegularRestriction.leftRegular_apply
Checked theorem: Nonadditivity.Operational.uniformInformation_le_add_of_traceDistance._simp_1_7
Checked theorem: Nonadditivity.HaarPathExplorationCounterexample.violates_uncorrected_important_bound
Checked theorem: Nonadditivity.GaussianNetRealization.near_isometry_of_tests
Checked theorem: Nonadditivity.Asymptotics.output_normalized_gap_liminf._simp_1_3
Checked theorem: Nonadditivity.NoncommutativeCS.EndpointSkeleton.profileLabels.eq_2
Checked theorem: Nonadditivity.HaarPathGraph.Path.ChainColoring.color_injective_internal._proof_1_5
Checked theorem: Nonadditivity.HaarPathGraph.Path.reverseProfileWord_involutive
Checked theorem: Nonadditivity.HaarPathGraph.Path.ChainColoring.source_core_of_zero
Checked theorem: Nonadditivity.HaarPrescribedDimension.prescribedFamily_input_size_remainder_tendsto
Checked theorem: Nonadditivity.HaarNonbacktracking.branch_column_norm_le
Checked theorem: Nonadditivity.HaarNonbacktracking.BranchPlan.timeWeight_le
Checked theorem: Nonadditivity.Weyl.character_orthogonality
Checked theorem: Nonadditivity.Operational.Code.success_le_one
Checked theorem: Nonadditivity.RegularCoefficientEnergy.liftOperator_apply
Checked theorem: Nonadditivity.GaussianRectangular.inputMap.congr_simp
Checked theorem: Nonadditivity.NoncommutativeCS.diagonal._proof_2
Checked theorem: Nonadditivity.HaarPrescribedDimension.prescribedFamily_gap_tendsto_atTop
Checked theorem: Nonadditivity.StructuredCostBounds.wordLength_le
Checked theorem: Nonadditivity.HaarOperatorPathBridge.card_active_refined_fibre_le_majorant
Checked theorem: Nonadditivity.UniversalShiftedDilation.gradingOperator._proof_1
Checked theorem: Nonadditivity.HaarPathGraph.Path.card_coreChain_le_coreDarts
Checked theorem: Nonadditivity.RegularizedHolevo.PositiveTensorIndex.eq_2
Checked theorem: Nonadditivity.UniversalFactorization.evaluate._proof_10
Checked theorem: Nonadditivity.Linearization.relativeNormError_nonneg
Checked theorem: Nonadditivity.GaussianRectangular.quadratic_eq_dot
Checked theorem: Nonadditivity.HaarOperatorPathBridge.pathWeight.eq_1
Checked theorem: Nonadditivity.HaarPathClasses.normalized_old_tree_colors._proof_1_7
Checked theorem: Nonadditivity.NoncommutativeCS.EndpointSkeleton.singletonLabels_sublist_profileLabels
Checked theorem: Nonadditivity.CollinsYounTensor.maskFunction_norm_le
Checked theorem: Nonadditivity.WeylTensor.uniform_average_eq
Checked theorem: Nonadditivity.HaarPathClasses.colorNormalizer._proof_2
Checked theorem: Nonadditivity.HaarAveraging.average_sq
Checked theorem: Nonadditivity.ProductPolynomialReduction.errorCost_eq
Checked theorem: Nonadditivity.Entropy.pairChainEquiv_succ_symm_apply
Checked theorem: Nonadditivity.HaarTensorReplacement.finiteEval_partial_norm
Checked theorem: Nonadditivity.HaarNonbacktracking.kill_vacuum
Checked theorem: Nonadditivity.GaussianConsequences.exists_channel_bounds
Checked theorem: Nonadditivity.QuantumCoding.ProjectiveTest.filteredEffect_positive
Checked theorem: Nonadditivity.RegularFubini.curryIsometry._proof_2
Checked theorem: Nonadditivity.NetPolynomialSupport.wordSupport.eq_1
Checked theorem: Nonadditivity.Linearization.diagonalBlocksHom._proof_3
Checked theorem: Nonadditivity.WordBallReduction.errorCost_eq
Checked theorem: Nonadditivity.HaarPathClasses.RefinedClass.congr_simp
Checked theorem: Nonadditivity.CollinsYoun.sum_annihilation_norm_sq_le
Checked theorem: Nonadditivity.HaarPathGraph.Path.vertexName.congr_simp
Checked theorem: Nonadditivity.RegularShiftedDilation.grading._proof_6
Checked theorem: _private.Nonadditivity.NoncommutativeCSEndpointTrace.0.Nonadditivity.NoncommutativeCS.EndpointTrace.compile.match_1.eq_4
Checked theorem: Nonadditivity.HaarIteratedMoments.uncurry_measurePreserving._simp_1_1
Checked theorem: Nonadditivity.NoncommutativeCS.EndpointSkeleton.compressed_length_le._proof_1_13
Checked theorem: Nonadditivity.HaarPathClasses.outgoingCode_some_mem
Checked theorem: Nonadditivity.QuantumCoding.globalTypicalTest_mean_rejection_le
Checked theorem: Nonadditivity.BellOutput.bellState_matrix
Checked theorem: Nonadditivity.WeightedBell.pairedChannel_kraus
Checked theorem: Nonadditivity.Entropy.DensityMatrix.vonNeumann.eq_1
Checked theorem: Nonadditivity.HaarPathWeights.columnCount_positive_pathEntries
Checked theorem: _private.Nonadditivity.OperationalBlockingFlatten.0.Nonadditivity.Operational.blockedIndex.match_1.eq_1
Checked theorem: Nonadditivity.CollinsYounTensor.doubleAnnihilation.congr_simp
Checked theorem: Nonadditivity.QuantumCodingTypicality.letterVariance.eq_1
Checked theorem: Nonadditivity.GeneralBell.mul_log_lower._simp_1_2
Checked theorem: Nonadditivity.HaarWordPhase.eval_coordinatePhase_mk
Checked theorem: _private.Nonadditivity.Linearization.0.Nonadditivity.Linearization.ReducedTail.match_1.eq_2
Checked theorem: Nonadditivity.Channels.KrausChannel.randomUnitary_map
Checked theorem: Nonadditivity.UpperHaarRealization.exists_one_block_ratio
Checked theorem: Nonadditivity.QuantumCoding.Projection.reject_norm_le
Checked theorem: Nonadditivity.WordBallReduction.stage_error_transfer
Checked theorem: Nonadditivity.QuantumCodingConditionalTypicality.joint_event_mass
Checked theorem: Nonadditivity.QuantumCoding.tensorTypicalProjector_posSemidef
Checked theorem: Nonadditivity.UniversalFactorization.dilationSplit_fst
Checked theorem: Nonadditivity.SpectralDamping.spectral.congr_simp
Checked theorem: Nonadditivity.Channels.KrausChannel.uniform_complementary_adjoint_eq_polynomial
Checked theorem: Nonadditivity.NoncommutativeCS.EndpointSkeleton.decorate.eq_5
Checked theorem: Nonadditivity.HaarPathClasses.outgoingCode_alphabet_card
Checked theorem: Nonadditivity.FiniteSetFactorization.unitaryColumn.eq_1
Checked theorem: Nonadditivity.PolynomialReduction.Polynomial.errorCost.congr_simp
Checked theorem: Nonadditivity.ProductHaagerupWords.sector.eq_3
Checked theorem: Nonadditivity.QuantumCoding.typicalProjector_compression_le
Checked theorem: Nonadditivity.FiniteSetFactorization.restrictedRepresentation.eq_1
Checked theorem: _private.Nonadditivity.HaarProfileSingletonWeight.0.Nonadditivity.NoncommutativeCS.EndpointSkeleton.singletonLength.match_1.eq_3
Checked theorem: Nonadditivity.PrescribedCost.growingFamily_chi_scaled_bounds
Checked theorem: Nonadditivity.QuantumCodingTypicality.centered_wordSum
Checked theorem: Nonadditivity.WeylTensor.orbitEnsemble._proof_2
Checked theorem: Nonadditivity.QuantumCoding.tensorFamilyWeights_sum
Checked theorem: Nonadditivity.HaarPathGraph.Path.treeEdges.eq_1
Checked theorem: Nonadditivity.HaarInvariantTensor.gram.eq_1
Checked theorem: Nonadditivity.HaarIteratedMoments.OnePairTraceBound._proof_4
Checked theorem: Nonadditivity.HaarPathGraph.Path.ChainColoring.mk.inj
Checked theorem: Nonadditivity.BlockScalars.amplification.eq_1
Checked theorem: Nonadditivity.Asymptotics.log_nat_pos._proof_1_1
Checked theorem: Nonadditivity.InitialNetReduction.finiteFactor_gram
Checked theorem: Nonadditivity.Quantitative.coefficient_exponent_alignment
Checked theorem: Nonadditivity.HaarPathRecoloring.recolorPath_incidenceColor
Checked theorem: Nonadditivity.HaarPathGraph.Path.discoveryGraph_new_not_reachable
Checked theorem: _private.Nonadditivity.NoncommutativeCSAssignmentProducts.0.Nonadditivity.NoncommutativeCS.AssignmentProgram.finalState.match_1.eq_2
Checked theorem: Nonadditivity.HaarVacuumFunctional.operatorLengthContribution._proof_5
Checked theorem: Nonadditivity.HaarPathGraph.Path.card_chainLabels
Checked theorem: _private.Nonadditivity.InitialNetReduction.0.Nonadditivity.InitialNetReduction.collection_sum
Checked theorem: Nonadditivity.Entropy.bellWeights_shannon._proof_1_1
Checked theorem: Nonadditivity.Channels.KrausChannel.stinespring.eq_1
Checked theorem: Nonadditivity.BellOutput.split_pair_sum
Checked theorem: _private.Nonadditivity.NoncommutativeCSAssignments.0.Nonadditivity.NoncommutativeCS.AssignmentProgram.compile.match_1.eq_2
Checked theorem: Nonadditivity.QuantumCodingContinuity.mixingEntropy_zero
Checked theorem: Nonadditivity.QuantumCoding.tensorFamilyMatrix.eq_1
Checked theorem: Nonadditivity.HaarPathGraph.Path.firstTimes_terminal_image._proof_1_3
Checked theorem: Nonadditivity.NetPolynomial.blockDiagonal_norm
Checked theorem: Nonadditivity.WordBallReduction.bound_split
Checked theorem: Nonadditivity.ShortEmbeddingNorm.norm_hom_le
Checked theorem: _private.Nonadditivity.HaarBranchContractions.0.Nonadditivity.HaarNonbacktracking.BranchPlan.order.match_1.eq_3
Checked theorem: Nonadditivity.ProductHaagerupProduct.wordValue.eq_def
Checked theorem: Nonadditivity.HaarMomentConstants.exponential_bound
Checked theorem: Nonadditivity.HaarOnePairAssembly.OnePairLengthBounds._proof_2
Checked theorem: Nonadditivity.QuantumCoding.holevoBits_le_operationalCapacity
Checked theorem: Nonadditivity.QuantumCoding.ensembleCodingVariance._proof_1
Checked theorem: Nonadditivity.Asymptotics.regrouping_gap_div_tendsto_zero._simp_1_4
Checked theorem: Nonadditivity.HaarPaletteDecoder.decode.eq_1
Checked theorem: Nonadditivity.QuantumCoding.ProjectiveTest.filteredDecoder.congr_simp
Checked theorem: Nonadditivity.NoncommutativeCS.swap._proof_3
Checked theorem: Nonadditivity.Linearization.card_reducedTail
Checked theorem: Nonadditivity.PrescribedCost.threshold_le_blockLength_eventually._proof_1_1
Checked theorem: Nonadditivity.NoncommutativeCS.AssignmentProgram.singleton.sizeOf_spec
Checked theorem: Nonadditivity.NoncommutativeCS.EndpointSkeleton.profileLabels.eq_1
Checked theorem: _private.Nonadditivity.NoncommutativeCSSkeletonDecoration.0.Nonadditivity.NoncommutativeCS.EndpointSkeleton.decorate.match_1.eq_4
Checked theorem: Nonadditivity.Linearization.mem_differenceSupport._simp_1_3
Checked theorem: Nonadditivity.HaarPrescribedDimension.prescribedFamily_regularizedGain_lower
Checked theorem: _private.Nonadditivity.RegularFubini.0.Nonadditivity.RegularFubini.branchSuccEquiv._proof_1
Checked theorem: Nonadditivity.HaarPathGraph.Path.chainLabel._proof_1
Checked theorem: _private.Nonadditivity.FreeEmbedding.0.Nonadditivity.FreeEmbedding.Covering.skew_apply
Checked theorem: Nonadditivity.WeylPowersTwirl.uniformWeight_sum
Checked theorem: Nonadditivity.EntropyMixtures.ensembleAmplitude_leftGram._simp_1_2
Checked theorem: Nonadditivity.Quantitative.reduction_coefficient_log_bound
Checked theorem: Nonadditivity.HaarPathGraph.walkOfSteps._proof_2
Checked theorem: Nonadditivity.HaarPathClasses.SamePattern.dartEquiv_val
Checked theorem: Nonadditivity.HaarPathGraph.Path.coreVertices.eq_1
Checked theorem: Nonadditivity.InitialNetReduction.initial_backward_transfer
Checked theorem: Nonadditivity.HaarOperatorPolynomial.coefficient_energy_le
Checked theorem: Nonadditivity.FreeBridge.chainTupleEquiv_succ
Checked theorem: Nonadditivity.StateEnsembles.Ensemble.ofFinite_information
Checked theorem: Nonadditivity.Linearization.mem_differenceSupport
Checked theorem: Nonadditivity.HaarPathGraph.Path.ChainColoring.assignedWords_flatMap
Checked theorem: Nonadditivity.NetPolynomialSupport.collected_sum
Checked theorem: Nonadditivity.NoncommutativeCS.EndpointTrace.factors.eq_1
Checked theorem: Nonadditivity.HaarPathClasses.prefixTreeIso._proof_2
Checked theorem: Nonadditivity.HaarColumnMoments.averagePolynomial_eval
Checked theorem: Nonadditivity.HaarPathGraph.Path.initial_prefix_firstVisit._proof_1_2
Checked theorem: Nonadditivity.HaarOperatorPolynomial.firstStep_endpoint_bounds
Checked theorem: Nonadditivity.RegularShiftedDilation.liftStarAlgHom._proof_15
Checked theorem: Nonadditivity.StructuredLinearization.tensor.eq_1
Checked theorem: Nonadditivity.StructuredHaarConsequences.exists_explicit_finite_channel
Checked theorem: Nonadditivity.HaarMoments.integral_entry_norm_sq._simp_1_1
Checked theorem: Nonadditivity.HaarPathGraph.Path.internal_darts_color_separated._proof_1_2
Checked theorem: Nonadditivity.QuantumCoding.ProjectiveTest.mk.congr_simp
Checked theorem: Nonadditivity.DampedBellStability.pairedBellOutput.eq_1
Checked theorem: Nonadditivity.NoncommutativeCS.EndpointSkeleton.prependMiddle.eq_1
Checked theorem: _private.Nonadditivity.Entropy.0.Nonadditivity.Entropy.bellWeights.match_1.eq_2
Checked theorem: Nonadditivity.NoncommutativeCS.extractState._proof_2
Checked theorem: Nonadditivity.HaarPathGraph.Path.positionEquiv_apply
Checked theorem: Nonadditivity.AdjointPurity.purity_and_entropy_of_adjoint_certificate
Checked theorem: Nonadditivity.HaarPathGraph.Path.coreChain_count_dart
Checked theorem: Nonadditivity.GaussianRectangular.trace_quadraticMatrix
Checked theorem: Nonadditivity.RegularizedHolevo.normalized_fixed_channel_gap_tendsto_zero._simp_1_2
Checked theorem: Nonadditivity.WeightedBlock.outputScale.congr_simp
Checked theorem: Nonadditivity.HaarPathVertexFibre.reconstruct._proof_2
Checked theorem: _private.Nonadditivity.FreeEmbedding.0.Nonadditivity.FreeEmbedding.witness_conjugate
Checked theorem: _private.Nonadditivity.HaarPathRuns.0.Nonadditivity.HaarPathRuns.middleRuns.match_1.eq_3
Checked theorem: Nonadditivity.HaarProfileBlockCoefficients.family_endpoint_bounds
Checked theorem: Nonadditivity.NoncommutativeCS.EndpointSkeleton.times.eq_4
Checked theorem: Nonadditivity.HaarPathGraph.Path.oldTreeSegment_reduced
Checked theorem: Nonadditivity.NoncommutativeCS.Contraction.openReg.sizeOf_spec
Checked theorem: Nonadditivity.OperationalFlaggedEntropy.flaggedState_matrix_apply
Checked theorem: Nonadditivity.HaarPathGraph.Path.named_old_tree_reconstruction
Checked theorem: Nonadditivity.PrescribedCost.growingFamily_input_qubits_div_sq_tendsto
Checked theorem: Nonadditivity.HaarPathGraph.Path.ChainColoring.source_not_core_of_pos._proof_1_1
Checked theorem: Nonadditivity.PrescribedCost.inputLogScale._proof_1
Checked theorem: Nonadditivity.UniversalShiftedDilation.dilation_norm
Checked theorem: Nonadditivity.Entropy.normalizePositive.congr_simp
Checked theorem: Nonadditivity.DampedBellStability.pure_map_entry_sub_norm_le
Checked theorem: Nonadditivity.DampedBellStability.filteredBell.eq_1
Checked theorem: Nonadditivity.NetPolynomial.scalar_testPolynomial
Checked theorem: Nonadditivity.NoncommutativeCS.Contraction.operator.eq_2
Checked theorem: Nonadditivity.Operational.BlockRates.blockIndex_tendsto
Checked theorem: Nonadditivity.Quantitative.log_le_twice_sqrt_sub_one
Checked theorem: _private.Nonadditivity.NoncommutativeCSEndpointSkeleton.0.Nonadditivity.NoncommutativeCS.EndpointSkeleton.word.match_1.eq_4
Checked theorem: Nonadditivity.UniversalShiftedDilation.dilation._proof_4
Checked theorem: Nonadditivity.HaarNonbacktracking.stationary_lift
Checked theorem: Nonadditivity.FiniteFreeModel.encode._proof_1
Checked theorem: _private.Nonadditivity.ComplementaryAdjoint.0.Nonadditivity.Channels.KrausChannel.sqrt_weight_product
Checked theorem: Nonadditivity.HaarPathClasses.SamePattern.vertexPerm_mem_core_iff
Checked theorem: Nonadditivity.Entropy.DensityMatrix.tensor_matrix
Checked theorem: Nonadditivity.Channels.KrausChannel.unitaryChannel.eq_1
Checked theorem: Nonadditivity.NoncommutativeCS.EndpointTrace.last.injEq
Checked theorem: Nonadditivity.FiniteFreeModel.model_eq_one_iff
Checked theorem: Nonadditivity.CollinsYounProduct.coefficientEnergy.eq_1
Checked theorem: Nonadditivity.HaarMomentConstants.dimension_pos
Checked theorem: Nonadditivity.Asymptotics.separationLower_tendsto_atTop
Checked theorem: Nonadditivity.UniversalFactorization.rectLift_algebraMap
Checked theorem: Nonadditivity.HaarColumnMoments.coeff_linear_pow_two
Checked theorem: Nonadditivity.GeneralBell.mul_log_lower._simp_1_4
Checked theorem: Nonadditivity.HaarNonbacktracking.BranchPlan.realize._proof_1
Checked theorem: Nonadditivity.HaarFiniteFaithfulness.recover_coefficient
Checked theorem: Nonadditivity.BlockConstruction.block_converted_bounds_of_certificate
Checked theorem: Nonadditivity.HaarWordExpansion.coefficientHom._proof_1
Checked theorem: Nonadditivity.WordBallReduction.stage_bound
Checked theorem: Nonadditivity.HaarNonbacktracking.BranchPlan.order_retime
Checked theorem: Nonadditivity.HaarFourthMoments.rowRotation_mul_entry
Checked theorem: Nonadditivity.HaarPathRuns.card_lastPositions_le
Checked theorem: Nonadditivity.UniversalFactorization.padded_norm
Checked theorem: Nonadditivity.HaarSharpConstants.polynomial_prefactor_bound
Checked theorem: Nonadditivity.HaarFourthMoments.integral_entry_norm_sq_mul_norm_sq
Checked theorem: Nonadditivity.Quantitative.moment_parameter_haar_range
Checked theorem: Nonadditivity.WeightedBellScalar.continuous_perturbedWeights_apply
Checked theorem: Nonadditivity.RegularCoefficientEnergy.reindexFunction._proof_1
Checked theorem: Nonadditivity.HaarInvariantTensor.exists_power_column
Checked theorem: Nonadditivity.GaussianNetRealization.rawAdjoint_hermitian
Checked theorem: Nonadditivity.QuantumCoding.packedError_le_codebookCost
Checked theorem: Nonadditivity.HaarPathClasses.explorationEventList_times
Checked theorem: Nonadditivity.HaarWordPhase.integral_normalizedWordTrace_eq_zero_of_exponentSum_ne_zero
Checked theorem: Nonadditivity.HaarInvariantTensor.gram_apply_card
Checked theorem: Nonadditivity.MatrixRegularRestriction.coefficientPolynomial._proof_1
Checked theorem: Nonadditivity.NetPolynomial.permutationIsometry._proof_5
Checked theorem: Nonadditivity.HaarPermutationSupport.distance_le_card
Checked theorem: Nonadditivity.DampedBellStability.map_rank_one_entry
Checked theorem: Nonadditivity.StructuredLinearization.linear.eq_1
Checked theorem: Nonadditivity.HaarPathWeights.selected_lengths._proof_1_4
Checked theorem: Nonadditivity.RegularShiftedDilation.grading_star
Checked theorem: Nonadditivity.HaarNonbacktracking.mk_flatMap_toWord
Checked theorem: Nonadditivity.HaarPathGraph.Path.important_add_tree_visits._simp_1_2
Checked theorem: _private.Nonadditivity.HaarSkeletonSegmentation.0.Nonadditivity.HaarSkeletonSegmentation.mapIdx_zip
Checked theorem: Nonadditivity.Linearization.mem_differenceSupport._simp_1
Checked theorem: Nonadditivity.UpperHaarRealization.eventually_exists_certificate_of_upper_tails._simp_1_5
Checked theorem: Nonadditivity.HaarPathGraph.Path.positionDart._proof_1
Checked theorem: Nonadditivity.WeylTensor.uniform_average_eq._simp_1_2
Checked theorem: Nonadditivity.Channels.KrausChannel.controlled_output_labelled._simp_1_1
Checked theorem: Nonadditivity.HaarIteratedMoments.tensorTupleEquiv._proof_2
Checked theorem: _private.Nonadditivity.HaarTimeCompositions.0.Nonadditivity.HaarTimeCompositions.compositions.match_1.eq_1
Checked theorem: Nonadditivity.MatrixRegularRestriction.cosetSlice_apply
Checked theorem: Nonadditivity.SmallEnvironment.exists_output_entropy_lt
Checked theorem: Nonadditivity.Entropy.DensityMatrix.purity_pos
Checked theorem: Nonadditivity.HaarPathClasses.normalized_old_tree_colors._proof_1_2
Checked theorem: Nonadditivity.HaarNonbacktracking.kill.eq_1
Checked theorem: Nonadditivity.HaarActualScanWords.scanWords_eq_actual_chunks
Checked theorem: Nonadditivity.HaarPathGraph.Path.old_segment_adj
Checked theorem: Nonadditivity.WordBallReduction.single_inv
Checked theorem: Nonadditivity.NetPolynomial.slice_norm_le
Checked theorem: Nonadditivity.Channels.KrausChannel.tensorWord.eq_2
Checked theorem: Nonadditivity.NoncommutativeCS.EndpointTrace.markedFlags.eq_def
Checked theorem: Nonadditivity.PositiveHolevo.exists_pure_input_equal_unitary_outputs
Checked theorem: Nonadditivity.HaarWordPhase.continuous_wordEval
Checked theorem: Nonadditivity.QuantumCoding.ProjectiveTest.complement.eq_1
Checked theorem: Nonadditivity.WeightedBlock.chainScale.eq_def
Checked theorem: Nonadditivity.Channels.KrausChannel.holevoBits_tensor_superadditive
Checked theorem: Nonadditivity.Operational.POVM.pullback._proof_1
Checked theorem: Nonadditivity.RegularShiftedDilation.liftStarAlgHom._proof_16
Checked theorem: Nonadditivity.Operational.BlockRates.blockCount_tendsto
Checked theorem: Nonadditivity.CollinsYounProduct.energy_split
Checked theorem: Nonadditivity.HaarMomentConstants.encoding_beta_le
Checked theorem: Nonadditivity.SpectralDamping.even_power_posSemidef
Checked theorem: Nonadditivity.HaarMatchingSharp.card_restrictionFiber_le._simp_1_2
Checked theorem: Nonadditivity.GaussianChannelBounds.natural_bounds._proof_1_1
Checked theorem: Nonadditivity.HaarPaletteDecoder.chainEmbed.eq_1
Checked theorem: Nonadditivity.HaarPathClasses.normalizedPrefixEq_extend_mark
Checked theorem: Nonadditivity.PositiveHolevo.exists_pure_input_equal_unitary_outputs._simp_1_1
Checked theorem: _private.Nonadditivity.WeightedBellScalar.0.Nonadditivity.WeightedBellScalar.weights.match_1.eq_2
Checked theorem: Nonadditivity.Entropy.DensityMatrix.tensorChain.eq_def
Checked theorem: Nonadditivity.NoncommutativeCS.AssignmentProgram.kernel_compile_singleton
Checked theorem: Nonadditivity.WeightedCertificate.damped_weighted_certificate
Checked theorem: Nonadditivity.NoncommutativeCS.EndpointSkeleton.startsMiddle._sparseCasesOn_1.else_eq
Checked theorem: Nonadditivity.StateEnsembles.Ensemble.mk.injEq
Checked theorem: Nonadditivity.HaarNonbacktracking.killed_coefficient_energy_le
Checked theorem: Nonadditivity.HaarNonbacktracking.BranchPlan.comp.inj
Checked theorem: Nonadditivity.HaarPathGraph.Path.degree.eq_1
Checked theorem: Nonadditivity.HaarIteratedMoments.canonicalExpectation_prescribed_le
Checked theorem: Nonadditivity.HaarPathInvolution.pair_eq_of_mem._simp_1_2
Checked theorem: Nonadditivity.RegularDilation.fiber_energy
Checked theorem: Nonadditivity.QuantumCoding.ProjectiveTest.mk.sizeOf_spec
Checked theorem: Nonadditivity.Asymptotics.regrouping_gap_div_tendsto_zero._simp_1_6
Checked theorem: Nonadditivity.FiniteBlockModel.block_adjoint_normalized_moment_le
Checked theorem: Nonadditivity.QuantumCoding.weighted_rejection_eq
Checked theorem: Nonadditivity.ProductHaagerupCreation.createWord_inner_zero
Checked theorem: Nonadditivity.HaarInvariantTensor.gram_mul_weingarten
Checked theorem: Nonadditivity.Probability.favorable_realization_probability
Checked theorem: Nonadditivity.DampedPositivity.converted_damped_block_holevoBits_pos
Checked theorem: Nonadditivity.HaarPathGraph.Path.twice_vertices_le_length_add_one_of_balanced._proof_1_2
Checked theorem: Nonadditivity.WeightedCertificate.weighted_adjointMap
Checked theorem: Nonadditivity.OneBlockRealization.exists_one_block_ratio_lower._simp_1_2
Checked theorem: Nonadditivity.HaarNonbacktracking.BranchPlan.middle.inj
Checked theorem: Nonadditivity.QuantumCodingConditionalTypicality.conditionalWord.eq_1
Checked theorem: Nonadditivity.HaarPathGraph.Path.named_old_tree_reconstruction._proof_2
Checked theorem: Nonadditivity.NoncommutativeCS.AssignmentProgram.factors.eq_4
Checked theorem: Nonadditivity.NoncommutativeCS.EndpointSkeleton.coefficient_exponent_le._proof_1_1
Checked theorem: Nonadditivity.RegularizedHolevo.normalized_fixed_channel_gap_tendsto_zero._simp_1_7
Checked theorem: Nonadditivity.InitialNetReduction.coefficient._proof_1
Checked theorem: Nonadditivity.QuantumCoding.tensorFamilyState._proof_1
Checked theorem: Nonadditivity.CollinsYoun.creation_comp_flip_zero
Checked theorem: Nonadditivity.ProductHaagerupWords.annihilateWord_eq_adjoint
Checked theorem: Nonadditivity.QuantumCoding.tensorState._proof_2
Checked theorem: Nonadditivity.Scalar.purity_inflation._simp_1_4
Checked theorem: Nonadditivity.CollinsYounProduct.freeNorm_eq_normalized
Checked theorem: Nonadditivity.Weyl.shift_unitary
Checked theorem: Nonadditivity.HaarPathGraph.Path.reverse_traversal_mem._simp_1_3
Checked theorem: Nonadditivity.HaarPathWeightTransport.pathEntries_eq_map_traversal
Checked theorem: Nonadditivity.Weyl.conjugation_apply
Checked theorem: Nonadditivity.GaussianChannelBounds.natural_bounds
Checked theorem: Nonadditivity.RegularShiftedDilation.grading._proof_1
Checked theorem: Nonadditivity.WeightedBellScalar.weights_nonneg
Checked theorem: Nonadditivity.HaarVacuumFunctional.mixedLengthContribution_eq_vacuum
Checked theorem: Nonadditivity.HaarTensorConstants.momentMultiplier_root_eq_exp._proof_1_1
Checked theorem: Nonadditivity.ShiftNorm.leftRegular_norm_le
Checked theorem: Nonadditivity.Channels.KrausChannel.tensorChain.eq_2
Checked theorem: Nonadditivity.HaarIteratedMoments.iteratedMoment._proof_1
Checked theorem: Nonadditivity.WordBallReduction.wordValue.eq_1
Checked theorem: Nonadditivity.NoncommutativeCS.AssignmentProgram.assignmentSum_middle
Checked theorem: Nonadditivity.GaussianRectangular.environmentExtension_eq_kronecker
Checked theorem: Nonadditivity.HaarPathGraph.Path.twice_treeEdges_le_visits_add_singletons._proof_1_3
Checked theorem: Nonadditivity.BlockScalars.log_purity_factor_le_eta
Checked theorem: Nonadditivity.AdjointPurity.state_expectation_re_le_opNorm
Checked theorem: Nonadditivity.Channels.KrausChannel.tensor_outputUnitary_output
Checked theorem: Nonadditivity.Entropy.shannon_lt_log_card_of_not_uniform._simp_1_3
Checked theorem: Nonadditivity.Linearization.backward_error_transfer
Checked theorem: Nonadditivity.HaarPathGraph.Path.chainReindex_apply_position
Checked theorem: Nonadditivity.FiniteFreeModel.partialTranslation._proof_3
Checked theorem: Nonadditivity.CollinsYounTensor.localPolynomial.eq_1
Checked theorem: Nonadditivity.UniversalFactorization.padded_dilation_norm_identity
Checked theorem: Nonadditivity.ProductMomentBridge.power_vacuum_column_energy._proof_1_1
Checked theorem: Nonadditivity.RegularShiftedDilation.grading._proof_24
Checked theorem: Nonadditivity.Operational.BlockRates.blockIndex_add_one
Checked theorem: Nonadditivity.NoncommutativeCS.Contraction.brecOn.eq
Checked theorem: Nonadditivity.NoncommutativeCS.EndpointSkeleton.singletonWeight.eq_3
Checked theorem: Nonadditivity.HaarProfileBlockCoefficients.padded_singleton_bound
Checked theorem: Nonadditivity.ProductHaagerupBall.energy.eq_1
Checked theorem: Nonadditivity.NoncommutativeCS.columnGram.eq_1
Checked theorem: Nonadditivity.HaarMatchingCount.card_relativeMatching_le._simp_1_1
Checked theorem: Nonadditivity.TensorPartitionReduction.reduce.eq_1
Checked theorem: Nonadditivity.HaarWeingartenCycles.card_cycles_support_le
Checked theorem: Nonadditivity.QuantumCoding.expMessages_rate_lower._simp_1_5
Checked theorem: Nonadditivity.NoncommutativeCS.extractState._proof_3
Checked theorem: Nonadditivity.WordBallReduction.single_mul
Checked theorem: Nonadditivity.FreeCreation.maskLinear._proof_1
Checked theorem: Nonadditivity.HaarPathClasses.normalized_fresh_run._proof_1_5
Checked theorem: Nonadditivity.CollinsYounTensor.mask_cone_inner_zero
Checked theorem: Nonadditivity.HaarProfileCoefficient.returning_singleton_bound
Checked theorem: Nonadditivity.HaarPathGraph.Path.coreChain_predecessor
Checked theorem: Nonadditivity.HaarTensorConstants.triangle_succ._proof_1_1
Checked theorem: Nonadditivity.RegularDilation.norm_le_dilation_polynomial
Checked theorem: Nonadditivity.QuantumCoding.Sampling.exists_le_expect
Checked theorem: Nonadditivity.HaarWeingartenCycles.instFintypeCycles._proof_1
Checked theorem: Nonadditivity.StructuredCostBounds.log_supportProduct
Checked theorem: Nonadditivity.StructuredHaarModel.tensorRepresentation.eq_2
Checked theorem: Nonadditivity.Channels.KrausChannel.complementary_map_rankOne_eq_gram
Checked theorem: Nonadditivity.QuantumCodingTypicality.finite_chebyshev
Checked theorem: Nonadditivity.GaussianChannelBounds.converted_bounds._proof_1_1
Checked theorem: Nonadditivity.PolynomialReduction.Polynomial.finiteEval_enlarge
Checked theorem: Nonadditivity.HaarPathGraph.Path.firstFresh.congr_simp
Checked theorem: Nonadditivity.HaarColumnMoments.sum_mixed
Checked theorem: Nonadditivity.Asymptotics.sqrt_le_blockLength._proof_1_1
Checked theorem: Nonadditivity.WeylPowersTwirl.uniform_average_eq._simp_1_2
Checked theorem: Nonadditivity.FiniteBlockModel.tensorRepresentation._proof_2
Checked theorem: Nonadditivity.NetPolynomial.blockDiagonalHom._proof_1
Checked theorem: Nonadditivity.NoncommutativeCS.AssignmentProgram.assignmentSum_eq_kernel
Checked theorem: Nonadditivity.Scalar.purity_inflation._simp_1_7
Checked theorem: Nonadditivity.GaussianQuadratic.measure_abs_quadratic_ge_le
Checked theorem: Nonadditivity.HaarOperatorPathBridge.refinedCoefficientSum._proof_1
Checked theorem: Nonadditivity.Entropy.DensityMatrix.mk.injEq
Checked theorem: Nonadditivity.HaarPathGraph.edge_endpoints
Checked theorem: Nonadditivity.MatrixRegularRestriction.norm_sq
Checked theorem: Nonadditivity.HaarNonbacktracking.atVacuum._proof_1
Checked theorem: _private.Nonadditivity.FreeEmbedding.0.Nonadditivity.FreeEmbedding.leftRegular._proof_1
Checked theorem: Nonadditivity.HaarFiniteSymmetry.finiteEval_adjointPolynomial
Checked theorem: Nonadditivity.HaarPathClasses.normalizedPrefixEq_after_treeStop
Checked theorem: Nonadditivity.HaarPathGraph.Path.oldTreeSegment_reduced._proof_1_3
Checked theorem: Nonadditivity.HaarPathGraph.Path.coreChainProfile_reverse_first
Checked theorem: Nonadditivity.RegularizedHolevo.positiveTensorIndexDecidableEq.eq_2
Checked theorem: Nonadditivity.FreeModel.leftRegular_mul
Checked theorem: Nonadditivity.HaarIteratedMoments.tensorTupleEquiv._proof_6
Checked theorem: Nonadditivity.NetPolynomial.shifted_norm_of_norm_mem_spectrum
Checked theorem: Nonadditivity.HaarPathClasses.normalizedPrefixEq_initial
Checked theorem: Nonadditivity.QuantumCodingConditionalTypicality.sum_paired_words
Checked theorem: Nonadditivity.HaarPathGraph.Path.paletteColoring_palette
Checked theorem: Nonadditivity.HaarTimeCompositions.mem_compositions_iff._simp_1_5
Checked theorem: Nonadditivity.HaarFourthMoments.phase_sum_fourth
Checked theorem: Nonadditivity.FreeCreation.cone_disjoint
Checked theorem: Nonadditivity.HaarPathClasses.refined_defect_identity
Checked theorem: Nonadditivity.QuantumCoding.tensorPowerUnitary.eq_1
Checked theorem: Nonadditivity.HaarFourthMoments.rotated_fourth
Checked theorem: Nonadditivity.PositiveHolevo.exists_normalized_eigenvector
Checked theorem: Nonadditivity.Entropy.shannon_le_log_card._simp_1_1
Checked theorem: Nonadditivity.Linearization.polar_block_posSemidef
Checked theorem: Nonadditivity.Channels.KrausChannel.stinespringChannel.eq_1
Checked theorem: Nonadditivity.HaarPathClasses.refinedPattern_equivalence
Checked theorem: Nonadditivity.ProductMomentBridge.power_coefficient_energy_le_trace._simp_1_3
Checked theorem: Nonadditivity.StateEnsembles.Ensemble.reindex._proof_1
Checked theorem: Nonadditivity.HaarOperatorPathBridge.coefficient_bound._proof_1_1
Checked theorem: Nonadditivity.HaarFiniteFaithfulness.blockTrace.eq_1
Checked theorem: Nonadditivity.Linearization.initial_backward_error
Checked theorem: Nonadditivity.Entropy.DensityMatrix.reindex_entropy
Checked theorem: Nonadditivity.CollinsYounProduct.coefficientEnergy_eq_hs_sq
Checked theorem: Nonadditivity.HaarTensorConstants.triangle_cast
Checked theorem: Nonadditivity.Linearization.dilationSign_conjugate
Checked theorem: Nonadditivity.Operational.POVM.labelProjection_probability
Checked theorem: Nonadditivity.HaarPathClasses.relabeled_samePattern
Checked theorem: Nonadditivity.QuantumCoding.Projection.displacement_identity
Checked theorem: Nonadditivity.HaarNonbacktracking.firstLetter_norm_le
Checked theorem: Nonadditivity.Quantitative.dimensionExponent._proof_2
Checked theorem: Nonadditivity.FiniteRealization.observableSubmodule._proof_2
Checked theorem: Nonadditivity.HaarPrescribedDimension.prescribed_gap_sqrt_input_bounds._proof_1_1
Checked theorem: Nonadditivity.HaarMatchingCount.marked_card_le_three_excess._proof_1_4
Checked theorem: Nonadditivity.HaarPathClasses.treeStop_bounds._proof_1_1
Checked theorem: Nonadditivity.HaarPrescribedDimension.prescribedFamily_spec
Checked theorem: Nonadditivity.CollinsYounProduct.collinsYounBound_of_squared._proof_1_1
Checked theorem: Nonadditivity.WeylPowersTwirl.uniform_average_eq
Checked theorem: _private.Nonadditivity.GapFractionAsymptotics.0.Nonadditivity.Scalar.log_remainder_bounds._simp_1_7
Checked theorem: Nonadditivity.RegularShiftedDilation.grading._proof_18
Checked theorem: Nonadditivity.FiniteFreeModel.partialTranslation._proof_6
Checked theorem: _private.Nonadditivity.HaarAveraging.0.Nonadditivity.HaarAveraging.tensorPower.match_1.eq_2
Checked theorem: Nonadditivity.HaarPathLocalPhase.rowCount.eq_1
Checked theorem: Nonadditivity.TensorPartitionReduction.inv_partWord_mem
Checked theorem: Nonadditivity.HaarConsequences.analyticInputs
Checked theorem: Nonadditivity.FiniteSetFactorization.factorPolynomial_eq._simp_1_1
Checked theorem: Nonadditivity.EntropyMixtures.densityMatrix_mixture_entropy_upper
Checked theorem: Nonadditivity.QuantumCoding.ProjectiveTest.complement._proof_2
Checked theorem: Nonadditivity.PrescribedCost.log_div_nat_tendsto_zero
Checked theorem: Nonadditivity.FreeEmbedding.embedding_injective
Checked theorem: Nonadditivity.TensorPartitionReduction.partWord_mem
Checked theorem: Nonadditivity.GaussianRectangular.quadraticOperator_quadratic
Checked theorem: Nonadditivity.RegularFubini.curryIsometry._proof_7
Checked theorem: Nonadditivity.FreeBridge.chainTupleEquiv._proof_1
Checked theorem: Nonadditivity.Operational.POVM.dilate_matrix
Checked theorem: Nonadditivity.HaarWordExpansion.coefficient_power_energy._simp_1_1
Checked theorem: Nonadditivity.HaarPrescribedDimension.exists_prescribed_channel_with_lower_bound._simp_1_3
Checked theorem: Nonadditivity.HaarOperatorPathBridge.pathOperatorSum_eq_weighted_refinedSum
Checked theorem: Nonadditivity.Entropy.shannon_ge_neg_log_purity._simp_1_1
Checked theorem: _private.Nonadditivity.FreeEmbedding.0.Nonadditivity.FreeEmbedding.Covering.skew._proof_2
Checked theorem: Nonadditivity.Channels.KrausChannel.emptyTensorChannel._proof_1
Checked theorem: Nonadditivity.NetPolynomial.permutationIsometry_symm_apply
Checked theorem: Nonadditivity.Asymptotics.separationLower_ge_sqrt._proof_1_1
Checked theorem: Nonadditivity.QuantumCoding.Sampling.expect_two_product
Checked theorem: Nonadditivity.HaarWeingartenInverse.weight._proof_1
Checked theorem: Nonadditivity.NoncommutativeCS.EndpointSkeleton.compressed_length_le._proof_1_8
Checked theorem: Nonadditivity.MatrixRegularRestriction.extendZero.eq_1
Checked theorem: Nonadditivity.QuantumCoding.ensembleCodingVariance._proof_2
Checked theorem: Nonadditivity.HaarRefinedVertexFibre.range_vertex_eq
Checked theorem: Nonadditivity.Operational.CodeSequence.rate_le_normalizedPowerHolevo_add_correction._simp_1_2
Checked theorem: Nonadditivity.QuantumCoding.spectralProjector_acceptance
Checked theorem: Nonadditivity.Channels.KrausChannel.mk.congr_simp
Checked theorem: Nonadditivity.HaarPathClasses.rangeEquivOfKernel._proof_8
Checked theorem: Nonadditivity.InitialNetReduction.regularPaired_selfAdjoint
Checked theorem: Nonadditivity.NoncommutativeCS.AssignmentProgram.variableCount.eq_def
Checked theorem: Nonadditivity.HaarRefinedVertexFibre.fibreEquiv._proof_1
Checked theorem: Nonadditivity.ActualConsequences.FiniteQuantumChannel.outputNonempty
Checked theorem: Nonadditivity.HaarNonbacktracking.BranchPlan.regular_pathSum_norm_le
Checked theorem: Nonadditivity.HaarNonbacktracking.packet_norm
Checked theorem: Nonadditivity.QuantumCodingContinuity.traceDistance_mixture_le
Checked theorem: Nonadditivity.HaarInvariantTensor.exists_perm_of_multiplicity_eq
Checked theorem: Nonadditivity.collinsYounConstant_sq
Checked theorem: Nonadditivity.HaarPathGraph.Path.coreChainEncode._proof_1
Checked theorem: Nonadditivity.HaarNonbacktracking.BranchPlan.timeWeight_le._proof_1_18
Checked theorem: Nonadditivity.HaarPathGraph.Path.ChainColoring.colorFibreEquiv._proof_4
Checked theorem: Nonadditivity.PrescribedTest.gamma_test
Checked theorem: Nonadditivity.HaarRefinedVertexFibre.fibreEquiv.eq_1
Checked theorem: Nonadditivity.HaarWordPhase.integral_normalizedWordTrace_eq_zero_of_unbalanced
Checked theorem: Nonadditivity.DeterministicConsequences.actual_regularizedGain_tendsto_atTop
Checked theorem: Nonadditivity.HaarPathClasses.SamePattern.incidenceDart_eq_iff
Checked theorem: _private.Nonadditivity.QuantumCodingChannelWords.0.Nonadditivity.QuantumCoding.productInputState.match_1.eq_1
Checked theorem: Nonadditivity.HaarOperatorPathBridge.norm_pathOperatorSum_le_of_refined_estimates
Checked theorem: Nonadditivity.NoncommutativeCS.columnGram._proof_6
Checked theorem: Nonadditivity.Entropy.emptyTensorState.eq_1
Checked theorem: Nonadditivity.RegularFactorization.evaluate.eq_1
Checked theorem: Nonadditivity.HaarNonbacktracking.BranchPlan.order.eq_2
Checked theorem: Nonadditivity.HaarOperatorPathBridge.refinedCoefficientSum.congr_simp
Checked theorem: Nonadditivity.CollinsYoun.offDiagonal_diagonal
Checked theorem: Nonadditivity.HaarNonbacktracking.BranchPlan.retime._proof_1
Checked theorem: Nonadditivity.Entropy.DensityMatrix.reindex.eq_1
Checked theorem: Nonadditivity.PrescribedTest.testScale.eq_1
Checked theorem: Nonadditivity.FreeCreation.Cone.congr_simp
Checked theorem: Nonadditivity.HaarPathWeights.even_length_of_integral_ne_zero._proof_1_1
Checked theorem: Nonadditivity.HaarPathGraph.Path.paletteWord_reverse_representative
Checked theorem: Nonadditivity.HaarInvariantTensor.norm_entry_moment_le
Checked theorem: Nonadditivity.TensorPartitionReduction.partWord_split._proof_1_5
Checked theorem: Nonadditivity.HaarProfileCoefficient.last_orientedWord
Checked theorem: Nonadditivity.Channels.KrausChannel.reindex_tensor_eq
Checked theorem: Nonadditivity.Weyl.twirlSum.eq_1
Checked theorem: Nonadditivity.QuadraticNet.quadratic_difference
Checked theorem: Nonadditivity.HaarHybridMoments.integrable_partial_regularNorm_pow
Checked theorem: Nonadditivity.HaarPathGraph.Path.chainEdges.eq_1
Checked theorem: _private.Nonadditivity.HaarCanonicalTransport.0.Nonadditivity.StructuredHaarModel.tensorRepresentation.match_1.eq_1
Checked theorem: Nonadditivity.HaarPathGraph.Path.not_important_before_next._proof_1_1
Checked theorem: Nonadditivity.HaarPathGraph.Path.discoveryGraph_succ_of_first
Checked theorem: Nonadditivity.WeightedBlock.weightedBlock_canonical_entropy_le_with_margin
Checked theorem: Nonadditivity.UniversalShiftedDilation.grading_apply_fst
Checked theorem: Nonadditivity.DampedPositivity.converted_damped_holevoBits_pos
Checked theorem: Nonadditivity.HaarPathWeightTransport.traversalList_perm_of_dart_counts
Checked theorem: Nonadditivity.HaarPathGraph.Path.reversed_prefix_toCore._proof_1_1
Checked theorem: Nonadditivity.Channels.KrausChannel.holevo_eq_of_map_eq
Checked theorem: Nonadditivity.HaarWordExpansion.normalizedTrace_pow
Checked theorem: Nonadditivity.GeneralBell.pure_overlap
Checked theorem: Nonadditivity.PolynomialReduction.Polynomial.symmetricSupport_inverse._simp_1_2
Checked theorem: Nonadditivity.Channels.KrausChannel.output_entropy_lower_bound_switch
Checked theorem: Nonadditivity.NoncommutativeCS.EndpointSkeleton.map_occurrenceBlocks
Checked theorem: Nonadditivity.NoncommutativeCS.Contraction.closeReg.inj
Checked theorem: Nonadditivity.NoncommutativeCS.EndpointSkeleton.word.eq_def
Checked theorem: Nonadditivity.TensorPartitionReduction.partWord_split._proof_1_1
Checked theorem: Nonadditivity.RegularRestriction.extendZero.eq_1
Checked theorem: Nonadditivity.Operational.POVM.sqrtEffect._proof_2
Checked theorem: Nonadditivity.Quantitative.moment_parameter_log_bound
Checked theorem: Nonadditivity.NoncommutativeCS.EndpointSkeleton.markedFlags.eq_5
Checked theorem: Nonadditivity.Operational.BlockRates.blockCount_ratio_tendsto._simp_1_4
Checked theorem: Nonadditivity.HaarPathGraph.Path.count_flatMap_chainEdges
Checked theorem: Nonadditivity.Entropy.mul_log_mul
Checked theorem: Nonadditivity.HaarPrescribedDimension.exists_prescribed_channel_with_lower_bound._proof_1_1
Checked theorem: Nonadditivity.FiniteRealization.holevo_le_of_restricted_adjoint_opNorm
Checked theorem: Nonadditivity.Operational.POVM.labelProjection_compress_apply
Checked theorem: Nonadditivity.StateEnsembles.Ensemble.ofFinite._proof_2
Checked theorem: Nonadditivity.RegularShiftedDilation.liftStarAlgHom._proof_14
Checked theorem: Nonadditivity.UniversalFactorization.polynomial_adjoint
Checked theorem: Nonadditivity.HaarHybridMoments.termLinear._proof_1
Checked theorem: Nonadditivity.Entropy.bipartiteRight._proof_2
Checked theorem: Nonadditivity.ProductPolynomialReduction.dimensionCost.eq_def
Checked theorem: Nonadditivity.CollinsYounTensor.maskFunction_apply
Checked theorem: Nonadditivity.HaarPathGraph.Path.vertexName_eq_iff
Checked theorem: Nonadditivity.UniversalFactorization.shifted_dilation_polynomial_norm
Checked theorem: Nonadditivity.HaarPathGraph.Path.ChainColoring.mk.sizeOf_spec
Checked theorem: Nonadditivity.HaarPathGraph.Path.internal_color_injective
Checked theorem: Nonadditivity.RegularCoefficientEnergy.reindexIsometry._proof_4
Checked theorem: Nonadditivity.FiniteMomentMatching.gammaPolynomial.eq_1
Checked theorem: Nonadditivity.HaarTimeCompositions.mem_compositions_iff._proof_1_9
Checked theorem: Nonadditivity.FiniteFreeModel.mk_cons_false
Checked theorem: Nonadditivity.HaarNonbacktracking.chunk_prod_toWord
Checked theorem: Nonadditivity.Asymptotics.eventually_normalized_gap_lower._proof_1_1
Checked theorem: Nonadditivity.PolynomialReduction.splitSupport_degree._simp_1_2
Checked theorem: Nonadditivity.Linearization.inv_mem_differenceSupport
Checked theorem: Nonadditivity.ActualConsequences.FiniteQuantumChannel.ofKraus.congr_simp
Checked theorem: Nonadditivity.QuantumCoding.ProjectiveTest.finiteTests.eq_1
Checked theorem: Nonadditivity.Linearization.inverseLetter_inverse
Checked theorem: Nonadditivity.HaarPathGraph.Path.exists_traversal_chain_decomposition._proof_1_3
Checked theorem: Nonadditivity.UniversalFactorization.evaluate._proof_6
Checked theorem: Nonadditivity.HaarPathClasses.importantTimes_eq_of_eventList_eq
Checked theorem: Nonadditivity.HaarIteratedMoments.iteratedMoment.eq_2
Checked theorem: Nonadditivity.HaarOperatorPathBridge.mem_activeRefinedClasses
Checked theorem: Nonadditivity.QuantumCodingContinuity.spectralMatrix_id
Checked theorem: Nonadditivity.HaarMomentConstants.encodingMajorant._proof_1
Checked theorem: Nonadditivity.NetPolynomial.permutationFunction._proof_1
Checked theorem: Nonadditivity.NoncommutativeCS.row._proof_1
Checked theorem: Nonadditivity.UniversalFactorization.term_smul
Checked theorem: Nonadditivity.HaarPathClasses.paddedListCode_injective._proof_1_1
Checked theorem: Nonadditivity.kappa_net_certificate._simp_1_1
Checked theorem: Nonadditivity.HaarFourthMoments.rotationMatrix_sq._simp_1_2
Checked theorem: Nonadditivity.HaarPathGraph.Path.named_old_tree_reconstruction._proof_1_9
Checked theorem: Nonadditivity.Operational.POVM.labelBlock_positive
Checked theorem: Nonadditivity.GaussianRectangular.quadraticOperator_trace._simp_1_1
Checked theorem: Nonadditivity.HaarPathGraph.Path.ToCore.congr_simp
Checked theorem: Nonadditivity.eventually_exists_kappa_norm_certificate._simp_1_1
Checked theorem: Nonadditivity.Scalar.holevo_gap
Checked theorem: Nonadditivity.HaarPathWeights.locallyBalanced_of_integral_ne_zero
Checked theorem: Nonadditivity.HaarColumnMoments.coeff_mul_two
Checked theorem: Nonadditivity.HaarPathRecoloring.recolorPath._proof_2
Checked theorem: Nonadditivity.ActualConsequences.actual_two_use_gain_tendsto_atTop
Checked theorem: Nonadditivity.HaarPathGraph.reverse_reverse
Checked theorem: Nonadditivity.HaarMomentExpectation.integral_norm_le_of_normalized_trace_moment_le
Checked theorem: Nonadditivity.HaarNonbacktracking.BranchPlan.singletons.eq_1
Checked theorem: Nonadditivity.StructuredLinearization.referenceNorm._proof_1
Checked theorem: Nonadditivity.WeylPowersTwirl.orbit_information_lower_bound_log
Checked theorem: Nonadditivity.RegularCoefficientEnergy.differenceSupport_modulus_sum_norm_le
Checked theorem: Nonadditivity.Channels.KrausChannel.covariantExtension_tensor_reindex
Checked theorem: Nonadditivity.HaarPathGraph.Path.chainEdges_reverse
Checked theorem: Nonadditivity.CollinsYoun.offDiagonal.congr_simp
Checked theorem: Nonadditivity.HaarNonbacktracking.kill._proof_1
Checked theorem: Nonadditivity.HaarProfileAssignmentBound.sum_uniform_eq_dependent
Checked theorem: Nonadditivity.GaussianRectangular.inputMap_mul_adjoint
Checked theorem: Nonadditivity.HaarWordExpansion.vacuumTrace_mul_comm
Checked theorem: Nonadditivity.HaarPathClasses.patternCode.eq_1
Checked theorem: Nonadditivity.HaarPathGraph.Path.end_mem
Checked theorem: Nonadditivity.HaarNonbacktracking.BranchPlan.middle.injEq
Checked theorem: Nonadditivity.QuantumCoding.tensorTypicalProjector._proof_1
Checked theorem: Nonadditivity.FiniteRealization.adjointOnObservables._proof_2
Checked theorem: Nonadditivity.RegularizedHolevo.positiveTensorSplit.eq_def
Checked theorem: Nonadditivity.WeightedMatrixInverse.weighted_inverse_sum_le
Checked theorem: Nonadditivity.PositiveHolevo.twoMergedWeights_eq
Checked theorem: Nonadditivity.HaarWordExpansion.wordHom._proof_1
Checked theorem: Nonadditivity.HaarMarkedCompositions.length_blocks._proof_1_5
Checked theorem: Nonadditivity.WeylPowersTwirl.uniform_average_eq._simp_1_3
Checked theorem: Nonadditivity.QuantumCoding.amplitudeColumn_sub_mul
Checked theorem: Nonadditivity.WordBallReduction.stage_clog_linear
Checked theorem: _private.Nonadditivity.WordBallReduction.0.Nonadditivity.WordBallReduction.tailLetters.match_1.eq_1
Checked theorem: Nonadditivity.GaussianConsequences.exists_nonadditive_channel
Checked theorem: Nonadditivity.Quantitative.explicit_haar_log_comparison
Checked theorem: Nonadditivity.Quantitative.coefficient_error_contribution._simp_1_2
Checked theorem: Nonadditivity.HaarPathClasses.prefix_tree_route_reconstruction
Checked theorem: Nonadditivity.HaarMatchingFibers.prod_factorial_le_pow_half_high._proof_1_1
Checked theorem: Nonadditivity.WordBallReduction.stage_error_transfer._simp_1_11
Checked theorem: Nonadditivity.Holevo.ensemble_information_le
Checked theorem: Nonadditivity.HaarMomentConstants.encodingMajorant._proof_4
Checked theorem: Nonadditivity.OperationalFlaggedEntropy.blockMatrix_star
Checked theorem: Nonadditivity.OperationalConsequences.actual_capacity_gain_tendsto_atTop
Checked theorem: Nonadditivity.HaarMomentConstants.refinedClass_product_eq
Checked theorem: Nonadditivity.Channels.KrausChannel.complementary_tensor_map
Checked theorem: Nonadditivity.Operational.POVM.sqrtEffect._proof_6
Checked theorem: Nonadditivity.HaarPathGraph.Path.chainLabel_representativePosition
Checked theorem: Nonadditivity.FiniteSetFactorization.dilationCoefficient.eq_1
Checked theorem: Nonadditivity.Channels.KrausChannel.switch_output_false
Checked theorem: Nonadditivity.HaarSharpBound.normalized_path_sum_bound
Checked theorem: Nonadditivity.InitialNetReduction.finiteEval_eq
Checked theorem: Nonadditivity.HaarPathGraph.Path.exists_traversal_chain_decomposition
Checked theorem: Nonadditivity.NoncommutativeCS.EndpointTrace.sum_products_norm_le
Checked theorem: Nonadditivity.DampedBellStability.vectorLength_sq
Checked theorem: Nonadditivity.HaarPathGraph.Path.InternalChain.brecOn
Checked theorem: Nonadditivity.OperationalFlaggedEntropy.basisVector_normalized
Checked theorem: Nonadditivity.FiniteSetFactorization.diagonalCorrection_posSemidef
Checked theorem: Nonadditivity.HaarPathRecoloring.recolorPath.eq_1
Checked theorem: Nonadditivity.NetPolynomial.slice_embed
Checked theorem: Nonadditivity.FreeEmbedding.Covering.shortEmbedding.eq_1
Checked theorem: Nonadditivity.HaarMomentConstants.beta_bounds
Checked theorem: _private.Nonadditivity.HaarProfileAssignmentBound.0.Nonadditivity.HaarProfilePatternBound.blockFactor.match_1.eq_2
Checked theorem: Nonadditivity.NoncommutativeCS.AssignmentProgram.cost.eq_5
Checked theorem: Nonadditivity.Channels.KrausChannel.reindexKraus_map
Checked theorem: Nonadditivity.HaarPaletteDecoder.chainEmbed._proof_1
Checked theorem: Nonadditivity.HaarPathGraph.Path.firstVisit_zero_of_not_important
Checked theorem: Nonadditivity.HaarMomentConstants.localEncodingAlpha._proof_1
Checked theorem: Nonadditivity.GaussianRectangular.pullbackMatrix.congr_simp
Checked theorem: Nonadditivity.HaarNonbacktracking.BranchPlan.singleton.injEq
Checked theorem: Nonadditivity.NetPolynomial.regularTestPolynomial_spectrum_neg
Checked theorem: Nonadditivity.ProductHaagerupCreation.sector_norm_le
Checked theorem: Nonadditivity.HaarPrescribedDimension.prescribedFamily._proof_3
Checked theorem: Nonadditivity.DampedChannel.damped._simp_9
Checked theorem: Nonadditivity.RegularFactorization.evaluate_add
Checked theorem: Nonadditivity.HaarPathExpansion.chainProduct_cons
Checked theorem: Nonadditivity.ActualConsequences.FiniteQuantumChannel.mk.inj
Checked theorem: Nonadditivity.InitialNetReduction.select_blockDiagonal
Checked theorem: Nonadditivity.WeylTensor.uniform_average_eq._simp_1_5
Checked theorem: Nonadditivity.HaarPathGraph.Path.named_old_tree_reconstruction._proof_1_5
Checked theorem: Nonadditivity.Operational.POVM.ignoreRight._proof_2
Checked theorem: Nonadditivity.HaarPathClasses.prefixTreeIso._proof_1
Checked theorem: Nonadditivity.NoncommutativeCS.columnGram._proof_2
Checked theorem: Nonadditivity.HaarMomentConstants.sum_class_weights_le_encodingMajorant
Checked theorem: Nonadditivity.HaarTimeCompositions.sum_of_mem._simp_1_7
Checked theorem: Nonadditivity.StructuredCostBounds.tensorSupportBound.eq_1
Checked theorem: Nonadditivity.HaarNonbacktracking.BranchPlan.timeWeight.eq_6
Checked theorem: Nonadditivity.HaarVacuumFunctional.vacuumFunctional.congr_simp
Checked theorem: Nonadditivity.GaussianRectangular.inputMap_mul_adjoint._simp_1_3
Checked theorem: Nonadditivity.NoncommutativeCS.AssignmentProgram.finalState._proof_1
Checked theorem: Nonadditivity.StructuredCostBounds.geometric_sum_le._simp_1_7
Checked theorem: Nonadditivity.HaarPathGraph.Path.discoveryGraph_isAcyclic._simp_1_2
Checked theorem: Nonadditivity.HaarNonbacktracking.killedPolynomial.eq_1
Checked theorem: _private.Nonadditivity.WeightedPositivity.0.Nonadditivity.WeightedPositivity.repeatedIndex.match_1.eq_1
Checked theorem: Nonadditivity.HaarPathClasses.normalized_old_tree_reconstruction._proof_1_1
Checked theorem: Nonadditivity.TensorPartitionReduction.errorCost_pos
Checked theorem: Nonadditivity.ProductHaagerupProduct.wordValue_injective_reduced
Checked theorem: Nonadditivity.RegularDilation.fiberLeft._proof_1
Checked theorem: Nonadditivity.RegularFubini.polynomial_succ_norm_eq
Checked theorem: Nonadditivity.RegularShiftedDilation.liftStarAlgHom._proof_8
Checked theorem: Nonadditivity.CollinsYoun.mixed._proof_6
Checked theorem: Nonadditivity.HaarMomentConstants.length_sum_bound
Checked theorem: Nonadditivity.PolynomialReduction.Polynomial.correction_nonneg
Checked theorem: Nonadditivity.QuantumCodingTypicality.variance_nonneg
Checked theorem: Nonadditivity.PrescribedCost.growingFamily_chi_scaled_bounds._proof_1_1
Checked theorem: Nonadditivity.RegularShiftedDilation.grading_apply
Checked theorem: Nonadditivity.Channels.KrausChannel.adjointMap.eq_1
Checked theorem: Nonadditivity.RegularShiftedDilation.grading._proof_29
Checked theorem: Nonadditivity.QuantumCodingTypicality.expectation_add
Checked theorem: Nonadditivity.UniversalFactorization.evaluate_representative
Checked theorem: Nonadditivity.InitialNetReduction.regularColumn_gram
Checked theorem: Nonadditivity.WeightedBlock.block_adjoint_outputScale_sq
Checked theorem: Nonadditivity.HaarPathGraph.Path.traversal_mem._simp_1_2
Checked theorem: Nonadditivity.NoncommutativeCS.EndpointTrace.markedFlags.eq_1
Checked theorem: Nonadditivity.FiniteRealization.observableMatrix_trace_zero
Checked theorem: Nonadditivity.FiniteSetFactorization.diagonalCorrection.congr_simp
Checked theorem: _private.Nonadditivity.NoncommutativeCSAssignments.0.Nonadditivity.NoncommutativeCS.AssignmentProgram.compile.match_1.eq_1
Checked theorem: Nonadditivity.NoncommutativeCS.EndpointSkeleton.singletonWeight.eq_2
Checked theorem: Nonadditivity.HaarPathClasses.singletonEdges_map_card._simp_1_3
Checked theorem: Nonadditivity.Operational.uniformWeight_nonneg
Checked theorem: Nonadditivity.HaarMomentConstants.lengthMajorant_le
Checked theorem: Nonadditivity.FreeModel.gamma._proof_4
Checked theorem: Nonadditivity.RegularShiftedDilation.grading._proof_9
Checked theorem: Nonadditivity.TensorPartitionReduction.leftChild.eq_1
Checked theorem: Nonadditivity.HaarPathProfiles.BoundedProfile.congr_simp
Checked theorem: Nonadditivity.Operational.POVM.dilationChannel._proof_1
Checked theorem: Nonadditivity.NoncommutativeCS.AssignmentProgram.variableCount.eq_4
Checked theorem: Nonadditivity.Entropy.DensityMatrix.tensorChain_entropy
Checked theorem: Nonadditivity.HaarPathGraph.Path.coreChain_source_injective
Checked theorem: _private.Nonadditivity.WeightedBell.0.Nonadditivity.WeightedBellScalar.weights.match_1.eq_2
Checked theorem: Nonadditivity.TensorPartitionReduction.stageSupport_single_factor._proof_1_3
Checked theorem: Nonadditivity.CollinsYounProduct.bounds_of_step
Checked theorem: Nonadditivity.HaarNonbacktracking.firstReturnSum_eq_sum._proof_1_1
Checked theorem: Nonadditivity.HaarPathGraph.Path.vertexName_le_time
Checked theorem: Nonadditivity.FiniteRegularMatrix.regularHom_trace
Checked theorem: Nonadditivity.HaarPrescribedDimension.prescribedFamily_chiTwo_upper
Checked theorem: Nonadditivity.NoncommutativeCS.row.eq_1
Checked theorem: _private.Nonadditivity.NoncommutativeCSBlocks.0.Nonadditivity.NoncommutativeCS.EndpointSkeleton.splitLengths_lengths_flatten
Checked theorem: Nonadditivity.RegularFactorization.evaluate._proof_2
Checked theorem: Nonadditivity.NoncommutativeCS.openRegister_apply
Checked theorem: Nonadditivity.HaarPrescribedDimension.prescribedFamily_ratio_liminf_manuscript
Checked theorem: Nonadditivity.UniversalShiftedDilation.dilation._proof_3
Checked theorem: Nonadditivity.HaarPathGraph.Path.old_tree_edge_in_prefix._proof_1_2
Checked theorem: Nonadditivity.Asymptotics.regrouping_gap_div_tendsto_zero._simp_1_7
Checked theorem: Nonadditivity.HaarPathClasses.SamePattern.dartPerm_refl
Checked theorem: Nonadditivity.Channels.KrausChannel.weylExtension_holevo
Checked theorem: Nonadditivity.HaarMixedWordExpansion.mixedLengthContribution.congr_simp
Checked theorem: Nonadditivity.DampedBellStability.damped_pair_entry_sub_norm_le
Checked theorem: Nonadditivity.Entropy.shannon_product._simp_1_1
Checked theorem: Nonadditivity.ProductPolynomialReduction.reduce.eq_1
Checked theorem: Nonadditivity.GaussianRectangular.quadraticMatrix_isHermitian
Checked theorem: Nonadditivity.HaarNonbacktracking.BranchPlan.timeWeight.eq_3
Checked theorem: Nonadditivity.FiniteRealization.observableSubmodule._proof_1
Checked theorem: Nonadditivity.NoncommutativeCS.EndpointTrace.compile.eq_1
Checked theorem: Nonadditivity.HaarWeingartenCycles.fixed_eq_of_sameCycle
Checked theorem: Nonadditivity.Channels.KrausChannel.outputUnitary_entropy
Checked theorem: Nonadditivity.NoncommutativeCS.AssignmentProgram.assignmentSum_close
Checked theorem: Nonadditivity.Operational.DensityMatrix.weights_le_one
Checked theorem: Nonadditivity.RegularFactorization.rectLift._proof_8
Checked theorem: Nonadditivity.HaarPathVertexFibre.card_vertexLabels_le
Checked theorem: Nonadditivity.WordBallReduction.exists_tail
Checked theorem: _private.Nonadditivity.ProductHaagerupProduct.0.Nonadditivity.ProductHaagerupProduct.wordValue.match_1.eq_1
Checked theorem: Nonadditivity.HaarPathWeights.selected_lengths
Checked theorem: Nonadditivity.TensorPartitionReduction.rightChild._proof_2
Checked theorem: Nonadditivity.Operational.regularizedHolevoSupremum_le_operationalCapacity
Checked theorem: Nonadditivity.WeylTensor.twirlSum.eq_1
Checked theorem: Nonadditivity.QuantumCoding.trace_union_bound_amplitude
Checked theorem: Nonadditivity.BellOutput.diagonalEquiv._proof_2
Checked theorem: Nonadditivity.HaarFiniteSymmetry.polynomial_regular_selfAdjoint_of_finite
Checked theorem: Nonadditivity.GaussianRectangular.sampleMatrix_mulVec
Checked theorem: Nonadditivity.QuadraticNet.exists_observable_net
Checked theorem: Nonadditivity.StructuredReductionCosts.actual_coefficient_bound._proof_1_1
Checked theorem: Nonadditivity.Weyl.orbitEnsemble._proof_1
Checked theorem: Nonadditivity.CollinsYoun.coefficientLength_eq_hsLength._simp_1_1
Checked theorem: Nonadditivity.HaarPathGraph.Path.oldTreeSegment_reduced._proof_1_5
Checked theorem: Nonadditivity.QuantumCoding.Projection.ofMatrix._proof_5
Checked theorem: Nonadditivity.HaarPathClasses.patternCode_eq_iff
Checked theorem: Nonadditivity.HaarPathClasses.SamePattern.edgeAt_eq_iff
Checked theorem: Nonadditivity.QuantumCoding.positiveTensorPower_word_output
Checked theorem: Nonadditivity.HaarNonbacktracking.BranchPlan.timeWeight.eq_1
Checked theorem: Nonadditivity.InitialNetReduction.pairedWord.eq_1
Checked theorem: Nonadditivity.HaarPathClasses.SamePattern.dartPerm_trans
Checked theorem: Nonadditivity.EntropyMixtures.rightGram_diagonal_re
Checked theorem: Nonadditivity.RegularCoefficientEnergy.VectorHilbert._proof_1
Checked theorem: Nonadditivity.Quantitative.momentParameter._proof_1
Checked theorem: Nonadditivity.Channels.KrausChannel.randomUnitary.congr_simp
Checked theorem: Nonadditivity.HaarPathClasses.normalizedPrefixEq_to_treeStop._proof_1_2
Checked theorem: Nonadditivity.HaarWeingartenInverse.geometric_tail_le_half._proof_1_1
Checked theorem: Nonadditivity.NetPolynomial.slice.eq_1
Checked theorem: Nonadditivity.HaarPathGraph.Path.coreChain_reverse_source_mem_core_iff
Checked theorem: Nonadditivity.NoncommutativeCS.sum_assignment_cons
Checked theorem: Nonadditivity.HaarPrescribedDimension.prescribedFamily_gap_tendsto_atTop_of_delta_pos
Checked theorem: Nonadditivity.HaarPathProfiles.Profile.mk.sizeOf_spec
Checked theorem: Nonadditivity.HaarNonbacktracking.first_return_sum_decomposition
Checked theorem: Nonadditivity.HaarInvariantTensor.matchingMultiplicity_eq_sum._simp_1_2
Checked theorem: Nonadditivity.TensorPartitionReduction.reduce_regular_norm_sq
Checked theorem: _private.Nonadditivity.FreeEmbedding.0.Nonadditivity.FreeEmbedding.Covering.child_pair_injective
Checked theorem: Nonadditivity.HaarInvariantTensor.weingarten_mul_gram
Checked theorem: Nonadditivity.Channels.KrausChannel.mk.inj
Checked theorem: Nonadditivity.ActualConsequences.actual_small_large_gain
Checked theorem: Nonadditivity.StructuredReductionCosts.errorCosts_le
Checked theorem: Nonadditivity.FiniteSetFactorization.constantCorrection.congr_simp
Checked theorem: Nonadditivity.HaarColumnMoments.integral_phase_square_right_zero
Checked theorem: Nonadditivity.WeightedBellScalar.perturbedWeights_sum_sq
Checked theorem: Nonadditivity.HaarPathWeightTransport.dartRelabel_eq_of_entry_perms
Checked theorem: Nonadditivity.RegularCoefficientEnergy.coefficientOperator._proof_1
Checked theorem: Nonadditivity.HaarInvariantTensor.matchingMultiplicity.eq_1
Checked theorem: Nonadditivity.ShiftNorm.orbitSegment.eq_1
Checked theorem: Nonadditivity.HaarProfileCompositionBound.ofFn_duration_succ
Checked theorem: Nonadditivity.PrescribedTest.freeNorm_test._simp_1_8
Checked theorem: Nonadditivity.Operational.POVM.probability_sum._simp_1_4
Checked theorem: Nonadditivity.PrescribedTest.freeNorm_test._simp_1_7
Checked theorem: _private.Nonadditivity.FreeEmbedding.0.Nonadditivity.FreeEmbedding.Covering.norm_path_le._proof_1_2
Checked theorem: Nonadditivity.ProductHaagerupCreation.createWord_nil
Checked theorem: Nonadditivity.ActualConsequences.exists_actual_channel_bounds_positive
Checked theorem: Nonadditivity.NoncommutativeCS.columnGram._proof_1
Checked theorem: Nonadditivity.Asymptotics.log_nat_pos
Checked theorem: Nonadditivity.HaarWordExpansion.normalizedTrace_finiteEval
Checked theorem: Nonadditivity.HaarNonbacktracking.removeConstant_sum
Checked theorem: Nonadditivity.NoncommutativeCS.rowGram.eq_1
Checked theorem: Nonadditivity.TensorPartitionReduction.rightChild._proof_1
Checked theorem: Nonadditivity.QuadraticNet.exists_observable_net._proof_1_1
Checked theorem: Nonadditivity.HaarNonbacktracking.BranchPlan.marked.eq_4
Checked theorem: Nonadditivity.ProductHaagerupWords.annihilateWord._proof_6
Checked theorem: Nonadditivity.NoncommutativeCS.Contraction.evaluate.eq_4
Checked theorem: Nonadditivity.NoncommutativeCS.Contraction.evaluate.eq_1
Checked theorem: Nonadditivity.SpectralDamping.penalty_bounds
Checked theorem: Nonadditivity.CollinsYoun.offDiagonal_coefficientLength_le
Checked theorem: Nonadditivity.NoncommutativeCS.swap_apply
Checked theorem: Nonadditivity.HaarAveraging.integrable_entry
Checked theorem: Nonadditivity.QuantumCodingTypicality.wordSum_concentration
Checked theorem: Nonadditivity.kappa_net_certificate._simp_1_4
Checked theorem: Nonadditivity.HaarOperatorPathBridge.integral_pair_eq_prod
Checked theorem: Nonadditivity.NoncommutativeCS.AssignmentProgram.coefficient.eq_1
Checked theorem: Nonadditivity.RegularizedHolevo.positiveTensorPower.eq_def
Checked theorem: Nonadditivity.StructuredLinearization.testFinal.eq_1
Checked theorem: _private.Nonadditivity.HaarBranchContractions.0.Nonadditivity.HaarNonbacktracking.BranchPlan.order.match_1.eq_6
Checked theorem: Nonadditivity.HaarMomentConstants.even_length_deficit_identity._proof_1_1
Checked theorem: Nonadditivity.EntropyMixtures.unitaryWeights.eq_1
Checked theorem: Nonadditivity.HaarNonbacktracking.regularEval_vacuum_at
Checked theorem: Nonadditivity.HaarPermutationSupport.card_supportSize_le_pow
Checked theorem: Nonadditivity.RegularFactorization.shift_mul
Checked theorem: Nonadditivity.PrescribedTest.test.eq_1
Checked theorem: Nonadditivity.QuantumCoding.average_cross_trace_le._simp_1_1
Checked theorem: Nonadditivity.Weyl.uniformAverage.eq_1
Checked theorem: Nonadditivity.Weyl.uniformWeight_complex
Checked theorem: Nonadditivity.GaussianQuadratic.integrable_exp_sq
Checked theorem: Nonadditivity.Conversion.converted_tensor_holevo_lower
Checked theorem: Nonadditivity.ProductHaagerupHomogeneous.polynomialSector_norm_le
Checked theorem: Nonadditivity.NoncommutativeCS.EndpointTrace.markedFlags.eq_4
Checked theorem: Nonadditivity.Dimensions.matrixDimension_pos
Checked theorem: Nonadditivity.CollinsYoun.coefficientLength_eq_hsLength
Checked theorem: Nonadditivity.NoncommutativeCS.columnGram._proof_4
Checked theorem: Nonadditivity.RegularFactorization.rectLift_shift
Checked theorem: Nonadditivity.Operational.Code.success_nonneg
Checked theorem: Nonadditivity.HaarPathGraph.Path.firstVisit_zero_of_not_important._simp_1_3
Checked theorem: Nonadditivity.Entropy.shannon_le_log_card._simp_1_5
Checked theorem: Nonadditivity.QuantumCoding.expMessages_interference_le
Checked theorem: Nonadditivity.HaarMomentConstants.even_length_deficit_identity
Checked theorem: Nonadditivity.QuantumCoding.Sampling.expect.congr_simp
Checked theorem: Nonadditivity.NoncommutativeCS.EndpointSkeleton.decorate.eq_4
Checked theorem: Nonadditivity.QuantumCodingTypicality.wordSum_variance._simp_1_1
Checked theorem: Nonadditivity.DeterministicQualitative.exists_actual_channel_bounds_with_dimensions._proof_1_1
Checked theorem: Nonadditivity.WordBallReduction.mem_wordBall_of_bound._proof_1_1
Checked theorem: Nonadditivity.TensorPartitionReduction.residue_split
Checked theorem: Nonadditivity.StructuredHaarConsequences.exists_explicit_finite_channel._simp_1_5
Checked theorem: Nonadditivity.SmallEnvironment.normalized_kernel._simp_1_1
Checked theorem: Nonadditivity.PrescribedTest.shiftWord.eq_1
Checked theorem: Nonadditivity.HaarIteratedMoments.explicitHaarExpectation_of_onePairTraceBound
Checked theorem: Nonadditivity.HaarProfileDecodedCoefficients.blockFactors_valid
Checked theorem: Nonadditivity.eventually_exists_kappa_norm_certificate._simp_1_2
Checked theorem: Nonadditivity.FiniteBlockModel.tensorRepresentation_word
Checked theorem: Nonadditivity.HaarPermutationSupport.distance_eq_support
Checked theorem: Nonadditivity.ProductMomentBridge.radius_functionGroupHom
Checked theorem: _private.Nonadditivity.NoncommutativeCSMemory.0.Nonadditivity.NoncommutativeCS.Contraction.operator.match_1.eq_3
Checked theorem: Nonadditivity.NetPolynomial.scalarPolynomial._proof_1
Checked theorem: Nonadditivity.Weyl.uniformWeight.eq_1
Checked theorem: Nonadditivity.Entropy.DensityMatrix.weights.eq_1
Checked theorem: Nonadditivity.DampedChannel.residualRoot._proof_3
Checked theorem: Nonadditivity.HaarInvariantTensor.weingarten_apply_mul_left
Checked theorem: Nonadditivity.Channels.KrausChannel.holevo_le_of_adjoint_certificate
Checked theorem: Nonadditivity.HaarWordExpansion.ofPolynomial.eq_1
Checked theorem: Nonadditivity.HaarPathExpansion.matrixProduct_entry
Checked theorem: Nonadditivity.RegularCoefficientEnergy.leftRegular_single
Checked theorem: Nonadditivity.QuantumCoding.Sampling.expect_mono
Checked theorem: Nonadditivity.HaarTensorConstants.triangle.eq_1
Checked theorem: Nonadditivity.UniversalFactorization.padded_norm_sq
Checked theorem: Nonadditivity.HaarOperatorPathBridge.norm_refinedCoefficientSum_le_palette
Checked theorem: Nonadditivity.StateEnsembles.singleton_information
Checked theorem: Nonadditivity.HaarPathGraph.Path.two_le_visitCount_of_balanced._proof_1_2
Checked theorem: Nonadditivity.ProductPolynomialReduction.generator.eq_1
Checked theorem: Nonadditivity.BellOutput.pairedChannel_bell_eq_merged._simp_1_4
Checked theorem: Nonadditivity.ProductHaagerupReindex.groupEquiv._proof_4
Checked theorem: Nonadditivity.QuantumCoding.Sampling.expect_product._simp_1_3
Checked theorem: Nonadditivity.Operational.DensityMatrix.expectation_le_trace
Checked theorem: Nonadditivity.Entropy.pairChainEquiv._proof_2
Checked theorem: Nonadditivity.QuantumCoding.amplitudeColumn_mul
Checked theorem: Nonadditivity.Asymptotics.vanishing_diverging_of_bounds
Checked theorem: Nonadditivity.DampedPositivity.exists_damped_output_ne_maximallyMixed
Checked theorem: Nonadditivity.ProductMomentBridge.norm_pow_le_two_card_moment_of_injective._proof_1_4
Checked theorem: Nonadditivity.HaarPathGraph.Path.vertexName_spec
Checked theorem: Nonadditivity.HaarSharpSummation.card_fibre_le
Checked theorem: Nonadditivity.Linearization.positive_sqrt_gram
Checked theorem: Nonadditivity.HaarPathGraph.walkOfSteps._proof_1
Checked theorem: Nonadditivity.FiniteSetFactorization.polarInsertion._proof_4
Checked theorem: Nonadditivity.GaussianRectangular.sampleMeasure._proof_1
Checked theorem: Nonadditivity.Quantitative.dimensionExponent._proof_1
Checked theorem: Nonadditivity.TensorPartitionReduction.reduce.eq_2
Checked theorem: Nonadditivity.Operational.shannon_uniformWeight
Checked theorem: Nonadditivity.Entropy.DensityMatrix.vonNeumann_nonneg
Checked theorem: Nonadditivity.FiniteRegularMatrix.regularUnitaryHom._proof_3
Checked theorem: Nonadditivity.OneBlockRealization.exists_one_block_ratio_lower._simp_1_7
Checked theorem: Nonadditivity.DampedChannel.dampedKraus.eq_1
Checked theorem: Nonadditivity.GaussianNormalization.rawAdjoint_normalized
Checked theorem: Nonadditivity.ProductHaagerupProduct.wordValue_radius
Checked theorem: Nonadditivity.HaarTensorConstants.replacementMultiplier_le._proof_1_2
Checked theorem: Nonadditivity.HaarPathClasses.normalizedPrefixEq_to_treeStop._proof_1_1
Checked theorem: Nonadditivity.HaarPathGraph.Path.old_segment_adj._proof_1_1
Checked theorem: Nonadditivity.HaarIteratedMoments.iteratedExpectation_le
Checked theorem: Nonadditivity.BellOutput.bellState_entropy_zero
Checked theorem: _private.Nonadditivity.BlockConstruction.0.Nonadditivity.Entropy.TensorChainIndex.match_1.eq_1
Checked theorem: Nonadditivity.HaarPathGraph.Path.internalChain_append
Checked theorem: Nonadditivity.NoncommutativeCS.swap.eq_1
Checked theorem: Nonadditivity.PolynomialReduction.Polynomial.normalizedCoefficient.congr_simp
Checked theorem: Nonadditivity.HaarMoments.integral_sample_entry_product_ne
Checked theorem: Nonadditivity.HaarWordExpansion.integral_moment_error_by_length
Checked theorem: Nonadditivity.HaarPathGraph.edge.eq_1
Checked theorem: Nonadditivity.FreeEmbedding.norm_conjugate_le._proof_1_4
Checked theorem: Nonadditivity.ProductPolynomialReduction.parts_mul
Checked theorem: Nonadditivity.HaarPathClasses.prefixSamePattern_extend_firstVisit._simp_1_7
Checked theorem: Nonadditivity.UniversalFactorization.polynomial_eq
Checked theorem: Nonadditivity.UniversalFactorization.evaluate_sum
Checked theorem: Nonadditivity.QuantumCoding.crossAcceptance_le
Checked theorem: Nonadditivity.HaarPathGraph.Path.representativePositionEquiv_val
Checked theorem: _private.Nonadditivity.QuantumCodingDecoderBound.0.Nonadditivity.QuantumCoding.ProjectiveTest.prefix_sum_le_erase_sum
Checked theorem: Nonadditivity.TensorPartitionReduction.stage_difference_cover
Checked theorem: Nonadditivity.HaarDecodedCoefficientBound.coefficient_eq_composition_sum._proof_1_1
Checked theorem: Nonadditivity.Holevo.Ensemble.mk.sizeOf_spec
Checked theorem: Nonadditivity.GaussianRectangular.environmentExtension.congr_simp
Checked theorem: Nonadditivity.QuantumCodingTypicality.wordSum_concentration._simp_1_3
Checked theorem: Nonadditivity.PrescribedTest.unnormalized_square_trace
Checked theorem: Nonadditivity.HaarPrescribedDimension.prescribedFamily_input_size_remainder_tendsto._proof_1_1
Checked theorem: Nonadditivity.NoncommutativeCS.EndpointSkeleton.blockFactors_eq_reverse_mapIdx
Checked theorem: Nonadditivity.Operational.BlockRates.blockCount_ratio_tendsto._simp_1_6
Checked theorem: Nonadditivity.Channels.KrausChannel.reindex_output_adjointMap
Checked theorem: Nonadditivity.WeightedBlock.scale_mul_uniform._simp_1_4
Checked theorem: Nonadditivity.HaarPathGraph.Path.mem_firstTimes
Checked theorem: Nonadditivity.RegularDilation.leftSlice_apply
Checked theorem: Nonadditivity.Channels.KrausChannel.reindex_tensor_conjugate_entropy
Checked theorem: Nonadditivity.BellOutput.mergedWeights_shannon._simp_1_10
Checked theorem: Nonadditivity.NetPolynomial.permutationIsometry_apply
Checked theorem: Nonadditivity.HaarPathGraph.Path.paletteWord._proof_1
Checked theorem: Nonadditivity.HaarPathGraph.Path.coreChainProfile._proof_2
Checked theorem: Nonadditivity.HaarNonbacktracking.BranchPlan.closeReg.sizeOf_spec
Checked theorem: Nonadditivity.GaussianRectangular.quadraticOperator._proof_3
Checked theorem: Nonadditivity.PrescribedTest.branch_difference_same_tail
Checked theorem: Nonadditivity.HaarPrescribedDimension.prescribedFamily_ratio_eventually
Checked theorem: Nonadditivity.Entropy.bipartite_physical_reductions_entropy_eq
Checked theorem: Nonadditivity.PolynomialReduction.Polynomial.step_error_transfer
Checked theorem: Nonadditivity.HaarTimeCompositions.reverseEquiv._proof_3
Checked theorem: Nonadditivity.HaarPathGraph.Path.internal_darts_color_separated._proof_1_1
Checked theorem: _private.Nonadditivity.HaarNonbacktrackingListSegmentation.0.Nonadditivity.HaarNonbacktracking.segmentedListProduct.match_1.eq_1
Checked theorem: Nonadditivity.QuantumCoding.Sampling.weight.eq_1
Checked theorem: Nonadditivity.FreeCreation.mask_add_complement
Checked theorem: Nonadditivity.HaarPathGraph.Path.highMultiplicityOccurrences_le_twice_defect
Checked theorem: Nonadditivity.Entropy.shannon_lt_log_card_of_not_uniform._simp_1_1
Checked theorem: Nonadditivity.UniversalFactorization.inverse_closed_sum
Checked theorem: Nonadditivity.CollinsYounProduct.constant_normalization
Checked theorem: Nonadditivity.FiniteBlockModel.block_adjoint_moment_le._simp_1_1
Checked theorem: Nonadditivity.Operational.Code.success_le_min_dimension_div_messages
Checked theorem: Nonadditivity.PositiveHolevo.block_converted_holevoBits_pos
Checked theorem: Nonadditivity.WordBallReduction.card_wordBall_le._proof_1_1
Checked theorem: Nonadditivity.Entropy.bellWeights_shannon
Checked theorem: Nonadditivity.Scalar.purity_inflation._simp_1_1
Checked theorem: Nonadditivity.HaarNonbacktracking.chunk_products_nontrivial
Checked theorem: Nonadditivity.RegularFactorization.evaluate_smul
Checked theorem: Nonadditivity.exists_norm_certificate_of_failure_sum_lt_one
Checked theorem: Nonadditivity.CanonicalBlockBell.blockBellState_eq_canonical
Checked theorem: Nonadditivity.HaarPathClasses.orientation_cases._simp_1_3
Checked theorem: Nonadditivity.SmallEnvironment.output_entry
Checked theorem: Nonadditivity.HaarMoments.integral_entry_norm_sq
Checked theorem: Nonadditivity.UpperHaarRealization.exists_one_block_ratio._simp_1_3
Checked theorem: Nonadditivity.RegularShiftedDilation.grading._proof_5
Checked theorem: Nonadditivity.HaarPrescribedDimension.prescribedFamily.congr_simp
Checked theorem: Nonadditivity.TensorPartitionReduction.leftChild._proof_1
Checked theorem: Nonadditivity.RegularFactorization.padded_eq_regularPolynomial
Checked theorem: Nonadditivity.HaarPathGraph.walkOfSteps_edges
Checked theorem: Nonadditivity.FiniteMomentMatching.regularEval_vacuum
Checked theorem: Nonadditivity.NoncommutativeCS.EndpointSkeleton.blocks.eq_5
Checked theorem: Nonadditivity.StructuredCostBounds.tensor_sum_log_bound
Checked theorem: Nonadditivity.HaarNonbacktracking.last_return_coefficient
Checked theorem: Nonadditivity.WordBallReduction.bound_split._simp_1_1
Checked theorem: Nonadditivity.HaarProfileCoefficient.orientedWord.eq_1
Checked theorem: Nonadditivity.GaussianRectangular.quadraticOperator_trace_square._simp_1_6
Checked theorem: _private.Nonadditivity.NoncommutativeCSEndpointSkeleton.0.Nonadditivity.NoncommutativeCS.EndpointSkeleton.word.match_1.eq_5
Checked theorem: Nonadditivity.BlockBell.reindexKraus_output
Checked theorem: _private.Nonadditivity.CanonicalBlockBell.0.Nonadditivity.Entropy.TensorChainIndex.match_1.eq_1
Checked theorem: Nonadditivity.CollinsYounTensor.doubleCreation_self
Checked theorem: _private.Nonadditivity.FreeEmbedding.0.Nonadditivity.FreeEmbedding.Covering.skew._proof_1
Checked theorem: Nonadditivity.NoncommutativeCS.EndpointSkeleton.profileLabels_prependMiddle
Checked theorem: Nonadditivity.NoncommutativeCS.splitRegister._proof_11
Checked theorem: Nonadditivity.HaarPathGraph.Path.coreChain_source_mem_core_iff._proof_1_2
Checked theorem: Nonadditivity.NoncommutativeCS.splitRegister._proof_9
Checked theorem: Nonadditivity.HaarPathGraph.Path.chainEdges_count
Checked theorem: Nonadditivity.StructuredLinearization.referenceNorm.congr_simp
Checked theorem: Nonadditivity.EntropyStability.hsLength_le_card_mul_of_entry_bound._simp_1_1
Checked theorem: Nonadditivity.ShiftNorm.orbitSegment_symmetric_error
Checked theorem: Nonadditivity.ActualConsequences.FiniteQuantumChannel.ofKraus._proof_1
Checked theorem: Nonadditivity.HaarPathGraph.Path.traversalList_length
Checked theorem: Nonadditivity.HaarPathGraph.Path.nextImportant.eq_1
Checked theorem: Nonadditivity.NoncommutativeCS.EndpointTrace.last.sizeOf_spec
Checked theorem: _private.Nonadditivity.NoncommutativeCSAssignmentProducts.0.Nonadditivity.NoncommutativeCS.AssignmentProgram.finalState.match_1.eq_1
Checked theorem: Nonadditivity.GaussianRectangular.pullback_isHermitian
Checked theorem: Nonadditivity.HaarPathGraph.reduced_ne_reverse
Checked theorem: Nonadditivity.NoncommutativeCS.AssignmentProgram.finalState.eq_4
Checked theorem: Nonadditivity.HaarNonbacktracking.branch_singleton_norm_le
Checked theorem: Nonadditivity.HaarAveraging.mul_average
Checked theorem: Nonadditivity.Linearization.hermitianDilation_norm
Checked theorem: Nonadditivity.ProductMomentBridge.norm_pow_le_two_card_moment_of_injective
Checked theorem: Nonadditivity.RegularCoefficientEnergy.coefficientOperator._proof_2
Checked theorem: Nonadditivity.Operational.CodeSequence.unblock_vanishingError
Checked theorem: Nonadditivity.DampedBellStability.rank_one_sub
Checked theorem: Nonadditivity.Entropy.tensorUnitary._proof_1
Checked theorem: Nonadditivity.HaarInvariantTensor.mixed_eq_kronecker
Checked theorem: Nonadditivity.ActualConsequences.FiniteQuantumChannel.gap._proof_1
Checked theorem: Nonadditivity.QuantumCoding.tensorTypicalProjector_acceptance_ge
Checked theorem: Nonadditivity.HaarOperatorPathBridge.norm_pathWeight_le
Checked theorem: Nonadditivity.NoncommutativeCS.EndpointTrace.labels.eq_3
Checked theorem: Nonadditivity.HaarProfileCoefficient.ordinary_endpoint_bounds
Checked theorem: Nonadditivity.CollinsYounTensor.sum_annihilation_norm_sq_le
Checked theorem: Nonadditivity.HaarPathClasses.paddedListCode_injective._proof_1_2
Checked theorem: Nonadditivity.Quantitative.dimension_error_contribution._simp_1_3
Checked theorem: Nonadditivity.ActualConsequences.separatingFamily_pos
Checked theorem: Nonadditivity.HaarPathClasses.rangeEquivOfKernel._proof_6
Checked theorem: Nonadditivity.HaarIteratedMoments.iteratedMoment.eq_1
Checked theorem: Nonadditivity.NetPolynomial.regularPolynomial_spectrum_neg
Checked theorem: _private.Nonadditivity.HaarBranchContractions.0.Nonadditivity.HaarNonbacktracking.BranchPlan.realize.match_1.eq_2
Checked theorem: Nonadditivity.WeightedPositivity.converted_damped_weightedBlock_holevoBits_pos
Checked theorem: Nonadditivity.HaarPathGraph.Path.representativeReindex._proof_2
Checked theorem: Nonadditivity.WeylTensor.uniform_average_eq._simp_1_4
Checked theorem: Nonadditivity.ProductMomentBridge.norm_pow_le_two_card_moment
Checked theorem: Nonadditivity.HaarOperatorPathBridge.active_refined_stats
Checked theorem: Nonadditivity.Operational.POVM.dilationMatrix.eq_1
Checked theorem: Nonadditivity.Entropy.bipartiteRight.congr_simp
Checked theorem: Nonadditivity.MatrixRegularRestriction.coefficientPolynomial_injective_norm_eq
Checked theorem: Nonadditivity.WordBallReduction.stage_regular_norm_sq
Checked theorem: Nonadditivity.GaussianNormalization.channel_adjoint
Checked theorem: Nonadditivity.WeylTensor.twirl_sum_eq._simp_1_3
Checked theorem: Nonadditivity.FiniteRealization.adjointOnObservables._proof_4
Checked theorem: Nonadditivity.WordBallReduction.final_linear
Checked theorem: Nonadditivity.HaarInvariantTensor.contractions.eq_1
Checked theorem: Nonadditivity.WordBallReduction.bound_of_mem_wordBall
Checked theorem: Nonadditivity.StructuredHaarConsequences.exists_explicit_certificate._simp_1_8
Checked theorem: Nonadditivity.DampedChannel.damped_kraus_inl
Checked theorem: Nonadditivity.NoncommutativeCS.EndpointSkeleton.singletonLength_eq_sum_count_one
Checked theorem: Nonadditivity.NoncommutativeCS.Contraction.kernel_diagonal
Checked theorem: Nonadditivity.HaarMixedWordExpansion.identitySlice_single._simp_1_1
Checked theorem: Nonadditivity.Operational.BlockRates.blockCount_pos._proof_1_1
Checked theorem: Nonadditivity.RegularShiftedDilation.grading._proof_22
Checked theorem: Nonadditivity.HaarPathClasses.rangeEquivOfKernel._proof_5
Checked theorem: Nonadditivity.HaarRefinedVertexFibre.range_vertex_eq._proof_1_1
Checked theorem: Nonadditivity.HaarPermutationSupport.distance_triangle._simp_1_2
Checked theorem: Nonadditivity.NoncommutativeCS.AssignmentProgram.finalState.eq_def
Checked theorem: Nonadditivity.UniversalFactorization.evaluate.congr_simp
Checked theorem: Nonadditivity.Operational.POVM.probability_sum._simp_1_2
Checked theorem: Nonadditivity.NoncommutativeCS.splitRegister._proof_3
Checked theorem: Nonadditivity.HaarTensorConstants.triangle_eq_lower_add
Checked theorem: Nonadditivity.GaussianNormalization.rawAdjoint.eq_1
Checked theorem: Nonadditivity.TensorPartitionReduction.initial_support_subset
Checked theorem: Nonadditivity.RegularShiftedDilation.liftStarAlgHom._proof_17
Checked theorem: Nonadditivity.HaarPathGraph.Path.importantTimes.eq_1
Checked theorem: _private.Nonadditivity.ComplementaryAdjoint.0.Nonadditivity.Channels.KrausChannel.tensorWord.match_1.eq_2
Checked theorem: Nonadditivity.Weyl.phase.eq_1
Checked theorem: Nonadditivity.HaarPathVertexFibre.reconstruct._proof_4
Checked theorem: Nonadditivity.HaarPathClasses.normalizedPrefixEq_full._proof_1_1
Checked theorem: Nonadditivity.ProductPolynomialReduction.splitSupport.eq_1
Checked theorem: Nonadditivity.FreeBridge.chainTupleEquiv._proof_4
Checked theorem: Nonadditivity.QuantumCoding.tensorMatrix_one
Checked theorem: Nonadditivity.HaarInvariantTensor.average_eq_weingarten
Checked theorem: Nonadditivity.Quantitative.dimension_error_contribution._simp_1_7
Checked theorem: Nonadditivity.HaarPathClasses.rangeEquivOfKernel._proof_1
Checked theorem: Nonadditivity.FreeModel.leftRegular_single
Checked theorem: Nonadditivity.NetPolynomial.exists_net_polynomial._proof_1_1
Checked theorem: Nonadditivity.StructuredReductionCosts.word_dimensionCost_le
Checked theorem: Nonadditivity.CollinsYounTensor.mask.congr_simp
Checked theorem: Nonadditivity.HaarTensorReplacement.partialEval_single
Checked theorem: Nonadditivity.HaarPathGraph.Path.recolor_position
Checked theorem: Nonadditivity.TensorPartitionReduction.partWord_eq_codedWord._proof_1_3
Checked theorem: Nonadditivity.HaarNonbacktracking.BranchPlan.singleton.sizeOf_spec
Checked theorem: Nonadditivity.Channels.KrausChannel.comp_map
Checked theorem: Nonadditivity.RegularFactorization.lift._proof_2
Checked theorem: Nonadditivity.WeightedCertificate.adjointMap_mono
Checked theorem: Nonadditivity.GaussianNormalization.normalizer._proof_1
Checked theorem: Nonadditivity.QuantumCodingTypicality.expectation_const._simp_1_2
Checked theorem: Nonadditivity.PrescribedCost.growingFamily_two_use_input_cost_lower._simp_1_2
Checked theorem: Nonadditivity.QuantumCoding.wordCode_error
Checked theorem: Nonadditivity.HaarColumnMoments.moment_add
Checked theorem: Nonadditivity.HaarMixedWordExpansion.identitySlice._proof_1
Checked theorem: Nonadditivity.HaarOperatorPolynomial.firstStep_norm_le
Checked theorem: Nonadditivity.HaarColumnMoments.integral_entry_norm_even_le
Checked theorem: Nonadditivity.FiniteSetFactorization.evaluate_polarInsertion
Checked theorem: Nonadditivity.HaarPathRuns.middleRuns_add_head_le
Checked theorem: Nonadditivity.QuantumCodingContinuity.hsNorm.eq_1
Checked theorem: Nonadditivity.NoncommutativeCS.EndpointSkeleton.singletonLength.eq_def
Checked theorem: Nonadditivity.Entropy.tensorUnitary._simp_1
Checked theorem: Nonadditivity.CollinsYounTensor.mask_norm_le
Checked theorem: Nonadditivity.RegularFactorization.rectLift._proof_1
Checked theorem: Nonadditivity.GaussianNormalization.channel_adjoint_norm_le
Checked theorem: Nonadditivity.HaarPrescribedDimension.prescribedFamily_chi_lower
Checked theorem: Nonadditivity.ProductPolynomialReduction.dimensionCost.eq_1
Checked theorem: Nonadditivity.HaarProfileCompositionBound.durationOf_pos._proof_1_1
Checked theorem: Nonadditivity.HaarVacuumFunctional.operatorLengthContribution._proof_3
Checked theorem: Nonadditivity.ProductHaagerupProduct.canonicalBallWord._proof_2
Checked theorem: Nonadditivity.PolynomialReduction.subset_difference_splitSupport
Checked theorem: Nonadditivity.ProductHaagerupWords.annihilateWord.eq_def
Checked theorem: Nonadditivity.HaarPathGraph.Path.old_segment_adj._proof_1_5
Checked theorem: Nonadditivity.RegularFubini.curryIsometry._proof_1
Checked theorem: Nonadditivity.HaarPathGraph.Path.mem_firstTimes._simp_1
Checked theorem: Nonadditivity.Channels.KrausChannel.reindex_map
Checked theorem: Nonadditivity.PolynomialReduction.Polynomial.mk.sizeOf_spec
Checked theorem: Nonadditivity.Entropy.tensorChainIndex_card
Checked theorem: Nonadditivity.NoncommutativeCS.EndpointSkeleton.Compressed.eq_5
Checked theorem: Nonadditivity.HaarPrescribedDimension.exists_prescribed_channel_with_lower_bound
Checked theorem: Nonadditivity.HaarPathGraph.Path.ChainColoring.chain_colors
Checked theorem: Nonadditivity.HaarPathClasses.SamePattern.incidenceDart_eq_iff._simp_1_1
Checked theorem: Nonadditivity.HaarActualScanWords.actualScanWords_spec
Checked theorem: Nonadditivity.HaarNonbacktracking.wordCoefficient.congr_simp
Checked theorem: Nonadditivity.StateEnsembles.quantity_reindex
Checked theorem: Nonadditivity.HaarPathRuns.middleRuns.eq_1
Checked theorem: Nonadditivity.FreeEmbedding.norm_embedding_of_le._proof_1_1
Checked theorem: Nonadditivity.RegularCoefficientEnergy.reindexIsometry._proof_1
Checked theorem: _private.Nonadditivity.ProductHaagerupWords.0.Nonadditivity.ProductHaagerupWords.annihilateWord.match_1.eq_1
Checked theorem: Nonadditivity.HaarPathGraph.Path.firstVisit_edge_injective
Checked theorem: Nonadditivity.QuantumCodingTypicality.surprisal_variance
Checked theorem: _private.Nonadditivity.NoncommutativeCSSkeletonDecoration.0.Nonadditivity.NoncommutativeCS.EndpointSkeleton.startsMiddle.match_1.eq_1
Checked theorem: Nonadditivity.Operational.POVM.mk.sizeOf_spec
Checked theorem: Nonadditivity.Operational.POVM.normalizedBlockState_matrix_of_pos
Checked theorem: Nonadditivity.HaarPathRuns.corrected_exponent_le
Checked theorem: Nonadditivity.DeterministicConsequences.exists_actual_separating_channel_positive
Checked theorem: Nonadditivity.HaarTimeCompositions.reverseEquiv._proof_2
Checked theorem: Nonadditivity.HaarOnePairAssembly.OnePairLengthBounds._proof_3
Checked theorem: Nonadditivity.PrescribedCost.log_pow_div_sqrt_tendsto_zero
Checked theorem: Nonadditivity.UniversalFactorization.term_identity
Checked theorem: Nonadditivity.QuantumCoding.compression_cap_identity
Checked theorem: Nonadditivity.HaarPathGraph.Path.firstVisit_zero_of_not_important._proof_1_4
Checked theorem: Nonadditivity.HaarNonbacktracking.BranchPlan.marked.eq_2
Checked theorem: Nonadditivity.QuantumCoding.Sampling.weight_sum
Checked theorem: Nonadditivity.PrescribedCost.growingFamily_two_use_input_cost_lower._simp_1_4
Checked theorem: Nonadditivity.Quantitative.coefficient_error_contribution._simp_1_7
Checked theorem: Nonadditivity.NoncommutativeCS.EndpointSkeleton.exists_compressed
Checked theorem: Nonadditivity.Entropy.trace_smul_normalizePositive
Checked theorem: Nonadditivity.HaarPathGraph.color.eq_1
Checked theorem: Nonadditivity.QuantumCoding.spectralBand_compression_le
Checked theorem: Nonadditivity.ObservableDimension.observableEquivTraceKernel._proof_5
Checked theorem: Nonadditivity.ShortEmbeddingNorm.logarithmicEmbedding_norm_le
Checked theorem: Nonadditivity.NoncommutativeCS.EndpointSkeleton.singletonWeight.eq_4
Checked theorem: Nonadditivity.DampedChannel.damped.congr_simp
Checked theorem: Nonadditivity.FiniteSetFactorization.polarInsertion._proof_7
Checked theorem: Nonadditivity.QuantumCoding.tensorTypicalProjector_acceptance
Checked theorem: Nonadditivity.FiniteSetFactorization.evaluate_place
Checked theorem: Nonadditivity.RegularFactorization.term._proof_1
Checked theorem: Nonadditivity.HaarPathGraph.Path.refinedChainColoring._proof_1
Checked theorem: Nonadditivity.HaarPathGraph.Path.paletteWord_reversal
Checked theorem: Nonadditivity.Operational.POVM.sqrtEffect._proof_1
Checked theorem: Nonadditivity.HaarOperatorPolynomial.coefficient_row_norm_le
Checked theorem: Nonadditivity.UniversalShiftedDilation.dilation._proof_2
Checked theorem: Nonadditivity.DeterministicConsequences.separatingFamily_pos
Checked theorem: Nonadditivity.HaarProfileCoefficient.oriented_endpoint_bounds
Checked theorem: Nonadditivity.PolynomialReduction.Polynomial.correction_le
Checked theorem: Nonadditivity.UniversalFactorization.evaluate._proof_12
Checked theorem: Nonadditivity.EntropyStability.exists_vonNeumann_entry_modulus
Checked theorem: Nonadditivity.GeneralBell.diagonal_kraus_inner._simp_1_1
Checked theorem: Nonadditivity.QuantumCodingTypicality.expectation_mul_const._simp_1_2
Checked theorem: Nonadditivity.GaussianRectangular.quadraticOperator_trace_square._simp_1_5
Checked theorem: Nonadditivity.Operational.POVM.sqrtEffect._proof_5
Checked theorem: Nonadditivity.Quantitative.dimension_rpow_eq_exp
Checked theorem: Nonadditivity.HaarPathGraph.Path.firstTimes.eq_1
Checked theorem: Nonadditivity.WordBallReduction.exists_word
Checked theorem: Nonadditivity.WeylTensor.twirl_sum_eq
Checked theorem: Nonadditivity.RegularFactorization.evaluate._proof_5
Checked theorem: Nonadditivity.FiniteSetFactorization.polarInsertion._proof_5
Checked theorem: Nonadditivity.HaarOperatorPolynomial.coefficientHom._proof_2
Checked theorem: Nonadditivity.HaarPathClasses.SamePattern.coreChainMap_trans
Checked theorem: Nonadditivity.RegularFactorization.padded_dilation_norm_identity
Checked theorem: Nonadditivity.HaarNonbacktracking.BranchPlan.marked.eq_def
Checked theorem: Nonadditivity.ActualConsequences.FiniteQuantumChannel.regularizedRatio.eq_1
Checked theorem: Nonadditivity.HaarNonbacktracking.BranchPlan.realize.eq_2
Checked theorem: Nonadditivity.WeightedBlock.outputScale_norm_sub_one_tendsto
Checked theorem: Nonadditivity.ProductPolynomialReduction.halve_degree
Checked theorem: Nonadditivity.FiniteMomentMatching.regularHom.eq_1
Checked theorem: Nonadditivity.Weyl.family.eq_1
Checked theorem: Nonadditivity.HaarTensorConstants.momentMultiplier_root_eq_exp
Checked theorem: Nonadditivity.CollinsYounProduct.sum_branch_succ
Checked theorem: Nonadditivity.Asymptotics.output_normalized_gap_liminf._simp_1_6
Checked theorem: _private.Nonadditivity.NoncommutativeCSEndpointSkeleton.0.Nonadditivity.NoncommutativeCS.EndpointSkeleton.startsMiddle.match_1.eq_1
Checked theorem: Nonadditivity.NoncommutativeCS.AssignmentProgram.openReg.sizeOf_spec
Checked theorem: Nonadditivity.NetPolynomial.finitePolynomial_norm
Checked theorem: Nonadditivity.HaarModel.coordinate_law
Checked theorem: Nonadditivity.HaarPathMultiplicity.length_le_twice_edges_add_excess._proof_1_1
Checked theorem: Nonadditivity.RegularFubini.curryIsometry_apply
Checked theorem: Nonadditivity.RegularDilation.dilation_polynomial_norm_le
Checked theorem: Nonadditivity.NoncommutativeCS.EndpointSkeleton.compressed_length_le._proof_1_10
Checked theorem: Nonadditivity.QuantumCoding.positiveWordEquiv.eq_2
Checked theorem: Nonadditivity.FiniteRegularMatrix.coe_regularUnitaryHom
Checked theorem: Nonadditivity.NoncommutativeCS.column_apply
Checked theorem: Nonadditivity.GaussianRectangular.pullback_norm_le
Checked theorem: Nonadditivity.OperationalConsequences.exists_small_chi_large_capacity_gain_and_two_use_ratio
Checked theorem: Nonadditivity.Operational.POVM.reindex._proof_1
Checked theorem: Nonadditivity.Channels.KrausChannel.conjugate_map
Checked theorem: Nonadditivity.Channels.KrausChannel.uniformUnitary.congr_simp
Checked theorem: Nonadditivity.HaarPathClasses.explorationEventList._proof_1
Checked theorem: Nonadditivity.QuantumCoding.tensorMatrix_star
Checked theorem: Nonadditivity.RegularFactorization.norm_comp_coisometry
Checked theorem: Nonadditivity.HaarProfilePermutations.exists_perm_labels_fix
Checked theorem: Nonadditivity.HaarPathClasses.normalizedIncidenceColor.eq_1
Checked theorem: Nonadditivity.Entropy.DensityMatrix.vonNeumann_ge_neg_log_purity
Checked theorem: Nonadditivity.ProductHaagerupProduct.polynomial_norm_succ
Checked theorem: Nonadditivity.Entropy.bellWeights.eq_2
Checked theorem: Nonadditivity.NetPolynomial.regularPolynomial_norm
Checked theorem: Nonadditivity.HaarFourthMoments.integrable_continuous
Checked theorem: Nonadditivity.Quantitative.dimensionExponent_le
Checked theorem: Nonadditivity.Linearization.factor_norm_sq_of_shifted_gram
Checked theorem: Nonadditivity.HaarPathGraph.Path.exploration_interval_split._simp_1_3
Checked theorem: Nonadditivity.HaarPathGraph.Path.traversalList_step
Checked theorem: Nonadditivity.BlockBell.tensorChain_conjugate
Checked theorem: Nonadditivity.NoncommutativeCS.EndpointTrace.first.injEq
Checked theorem: Nonadditivity.HaarOperatorPolynomial.single_norm_le
Checked theorem: Nonadditivity.HaarPathClasses.SamePattern.importantTimes_eq._simp_1_1
Checked theorem: Nonadditivity.Channels.KrausChannel.tensorWord.eq_def
Checked theorem: Nonadditivity.Quantitative.tolerance_lt_one
Checked theorem: Nonadditivity.HaarNonbacktracking.removeConstant_support
Checked theorem: Nonadditivity.HaarPrescribedDimension.exists_prescribed_channel_with_lower_bound._simp_1_4
Checked theorem: Nonadditivity.Operational.blockedIndex_add_one
Checked theorem: Nonadditivity.RegularizedHolevo.positiveTensorIndexFintype.eq_1
Checked theorem: Nonadditivity.Operational.zero_achievable
Checked theorem: Nonadditivity.WeylTensor.family.eq_1
Checked theorem: Nonadditivity.FiniteRegularMatrix.regularHom_trace._simp_1_2
Checked theorem: Nonadditivity.HaarNonbacktracking.packet._proof_1
Checked theorem: Nonadditivity.NoncommutativeCS.EndpointTrace.labels.eq_2
Checked theorem: Nonadditivity.HaarMomentConstants.graph_defect_eq_singletons_add_twice_deficit
Checked theorem: Nonadditivity.StateEnsembles.orbit_lower_bound
Checked theorem: Nonadditivity.HaarPathGraph.flipColor.eq_1
Checked theorem: Nonadditivity.HaarPathGraph.Path.two_le_visitCount_of_balanced._proof_1_3
Checked theorem: Nonadditivity.NoncommutativeCS.EndpointTrace.singleton.injEq
Checked theorem: Nonadditivity.FiniteSetFactorization.selector.congr_simp
Checked theorem: Nonadditivity.AdjointPurity.hsLength_nonneg
Checked theorem: Nonadditivity.HaarMomentTail.measure_norm_ge_le_normalized_trace_moment
Checked theorem: Nonadditivity.FreeModel.reindexIsometry._proof_5
Checked theorem: Nonadditivity.UpperHaarRealization.exists_block_channel
Checked theorem: Nonadditivity.HaarColumnMoments.norm_even_complex
Checked theorem: Nonadditivity.FiniteFreeModel.model_base
Checked theorem: _private.Nonadditivity.WordBallReduction.0.Nonadditivity.WordBallReduction.tailLetters.match_1.eq_2
Checked theorem: Nonadditivity.ProductMomentBridge.norm_pow_le_two_card_moment_function
Checked theorem: Nonadditivity.HaarPathClasses.RefinedPattern.profile_eq
Checked theorem: Nonadditivity.HaarProfileBlockCoefficients.block_coefficient_norm_le._proof_1_1
Checked theorem: Nonadditivity.BellOutput.pairedChannel_bell_eq_merged._simp_1_2
Checked theorem: Nonadditivity.Scalar.log_two_pos
Checked theorem: Nonadditivity.NoncommutativeCS.amplify_apply
Checked theorem: Nonadditivity.InitialNetReduction.shortProductEmbedding._proof_2
Checked theorem: Nonadditivity.HaarMomentConstants.length_sum_bound_with_overhead._proof_1_1
Checked theorem: Nonadditivity.GaussianChannelBounds.converted_bounds
Checked theorem: Nonadditivity.GaussianRectangular.quadraticOperator_trace._simp_1_4
Checked theorem: Nonadditivity.HaarSkeletonSegmentation.raw_blockFactors_segmentedProduct
Checked theorem: Nonadditivity.HaarPathProfiles.Profile.mk.injEq
Checked theorem: Nonadditivity.BellOutput.mergedWeights_shannon._simp_1_4
Checked theorem: Nonadditivity.HaarModel.sampleUnitary_coordinate
Checked theorem: Nonadditivity.RegularShiftedDilation.grading._proof_17
Checked theorem: Nonadditivity.HaarPermutationSupport.supportCode._proof_2
Checked theorem: Nonadditivity.HaarPathGraph.Path.discovery_tree_route_unique
Checked theorem: Nonadditivity.HaarPathClasses.normalized_old_tree_reconstruction
Checked theorem: Nonadditivity.HaarProfileDecodedCoefficients.blockFactor_valid
Checked theorem: Nonadditivity.HaarNonbacktracking.branch_word_norm_le
Checked theorem: Nonadditivity.RegularDilation.coefficientOperator_conjTranspose
Checked theorem: Nonadditivity.HaarPathGraph.edge_eq_iff
Checked theorem: Nonadditivity.HaarMixedWordExpansion.identitySlice_apply
Checked theorem: Nonadditivity.Scalar.gap_fraction_identity._simp_1_2
Checked theorem: Nonadditivity.ProductPolynomialReduction.one_mem_splitSupport._simp_1
Checked theorem: Nonadditivity.Channels.KrausChannel.uniformUnitary._proof_2
Checked theorem: Nonadditivity.InitialNetReduction.regularPaired_injective_norm_eq
Checked theorem: Nonadditivity.ProductHaagerupCreation.createWord.congr_simp
Checked theorem: Nonadditivity.HaarMatchingSharp.twice_residualCount_le._proof_1_1
Checked theorem: Nonadditivity.Channels.KrausChannel.map_rankOne_eq_gram
Checked theorem: _private.Nonadditivity.QuantumCodingChannelWords.0.Nonadditivity.QuantumCoding.positiveWordEquiv.match_1.eq_1
Checked theorem: Nonadditivity.HaarNonbacktracking.vacuum._proof_2
Checked theorem: Nonadditivity.NoncommutativeCS.EndpointSkeleton.lengths_occurrenceBlocks
Checked theorem: Nonadditivity.HaarPathGraph.Path.internalChain_nonempty
Checked theorem: Nonadditivity.ProductHaagerupHomogeneous.splitEquiv._proof_6
Checked theorem: Nonadditivity.HaarPathWeights.integral_listMonomial_relabel
Checked theorem: Nonadditivity.NoncommutativeCS.EndpointSkeleton.singletonLength.eq_1
Checked theorem: Nonadditivity.Operational.Code.mk.injEq
Checked theorem: Nonadditivity.ShortEmbeddingNorm.productLogarithmicEmbedding.congr_simp
Checked theorem: Nonadditivity.FreeBridge.outputFreeNorm_unit_bound
Checked theorem: Nonadditivity.GaussianRectangular.pullback_mul
Checked theorem: Nonadditivity.Operational.POVM.probability_pullback
Checked theorem: Nonadditivity.HaarWeingartenCounting.fixedSuccEquiv._proof_1
Checked theorem: Nonadditivity.Entropy.DensityMatrix.unitaryConjugate_entropy
Checked theorem: Nonadditivity.HaarTensorReplacement.partialEval_selfAdjoint
Checked theorem: Nonadditivity.Quantitative.zeta_exponential_comparison
Checked theorem: Nonadditivity.RegularCoefficientEnergy.liftOperator._proof_2
Checked theorem: Nonadditivity.UniversalFactorization.term_mul
Checked theorem: Nonadditivity.HaarWeingartenCycles.relativeFixedEquiv._proof_6
Checked theorem: Nonadditivity.QuantumCoding.Sampling.expect_const
Checked theorem: Nonadditivity.GeneralBell.paired_bell_overlap
Checked theorem: Nonadditivity.HaarOperatorPathBridge.operatorCurry_linear
Checked theorem: Nonadditivity.HaarSkeletonSegmentation.reverseFactors.eq_1
Checked theorem: Nonadditivity.Operational.Code.reindex_error
Checked theorem: Nonadditivity.DampedChannel.residualRoot_mul_self
Checked theorem: Nonadditivity.QuadraticNet.norm_le_of_unitSphereNet
Checked theorem: Nonadditivity.HaarPathGraph.Path.degree_pos
Checked theorem: Nonadditivity.ProductHaagerupProduct.wordValue.eq_1
Checked theorem: Nonadditivity.NetPolynomial.blockDiagonal_negation_reindex
Checked theorem: Nonadditivity.WordBallReduction.tailLetters.eq_2
Checked theorem: Nonadditivity.HaarOperatorPathBridge.operatorLengthContribution_eq_pathSum
Checked theorem: Nonadditivity.WeightedBellScalar.perturbedWeights._proof_3
Checked theorem: _private.Nonadditivity.HaarBranchContractions.0.Nonadditivity.NoncommutativeCS.Contraction.operator.match_1.eq_4
Checked theorem: Nonadditivity.RegularFactorization.column._proof_2
Checked theorem: Nonadditivity.FiniteBlockModel.representation._proof_2
Checked theorem: Nonadditivity.NoncommutativeCS.EndpointSkeleton.profileLabels.eq_def
Checked theorem: Nonadditivity.NoncommutativeCS.Contraction.diagonalReg.inj
Checked theorem: Nonadditivity.OneBlockRealization.analyticInputs_of_higher_blocks._proof_1_1
Checked theorem: Nonadditivity.Weyl.orbitClosure_minimumEntropy
Checked theorem: Nonadditivity.NoncommutativeCS.swap._proof_5
Checked theorem: Nonadditivity.HaarPathRunCounterexample.violates_uncorrected_run_bound
Checked theorem: Nonadditivity.Entropy.DensityMatrix.entropy_eq_shannon_of_diagonalization._simp_1_1
Checked theorem: _private.Nonadditivity.FiniteSetFactorization.0.Nonadditivity.FiniteSetFactorization.exists_pair
Checked theorem: Nonadditivity.Entropy.bellWeights_shannon._simp_1_6
Checked theorem: _private.Nonadditivity.NoncommutativeCSEndpointTrace.0.Nonadditivity.NoncommutativeCS.EndpointTrace.compile.match_1.eq_2
Checked theorem: Nonadditivity.ObservableDimension.observableSpace_finrank._proof_1_1
Checked theorem: Nonadditivity.HaarPathClasses.prefixSamePattern_extend_code
Checked theorem: Nonadditivity.HaarPathWeights.entryProduct.eq_1
Checked theorem: Nonadditivity.NoncommutativeCS.AssignmentProgram.assignmentSum.congr_simp
Checked theorem: Nonadditivity.HaarNonbacktracking.BranchPlan.blocks.eq_3
Checked theorem: Nonadditivity.NoncommutativeCS.EndpointSkeleton.budget.eq_def
Checked theorem: Nonadditivity.Asymptotics.regrouping_gap_div_tendsto_zero._simp_1_8
Checked theorem: _private.Nonadditivity.HaarPathCoefficientWords.0.Nonadditivity.HaarPathGraph.reducedPair
Checked theorem: Nonadditivity.PolynomialReduction.Polynomial.regularEval_enlarge
Checked theorem: Nonadditivity.HaarWordExpansion.regularEval_eq_regularPolynomial
Checked theorem: _private.Nonadditivity.FreeEmbedding.0.Nonadditivity.FreeEmbedding.automorphism_conjugation
Checked theorem: Nonadditivity.Linearization.inverseLetter_ne
Checked theorem: Nonadditivity.NetPolynomialSupport.collectedCoefficient.congr_simp
Checked theorem: Nonadditivity.DampedBellStability.filteredBell_length_sq_le
Checked theorem: Nonadditivity.HaarPathGraph.Path.ChainColoring.path_colors
Checked theorem: Nonadditivity.BellOutput.mergedWeights_shannon._simp_1_7
Checked theorem: Nonadditivity.ProductHaagerupCreation.createWord._proof_1
Checked theorem: Nonadditivity.InitialNetReduction.finitePaired_shifted_norm
Checked theorem: Nonadditivity.HaarOperatorPathBridge.operatorLengthContribution_eq_colorSum
Checked theorem: Nonadditivity.HaarPathMultiplicity.highMultiplicityOccurrences_le_twice_excess._proof_1_4
Checked theorem: Nonadditivity.HaarPathGraph.Path.nextImportant_is_important._proof_1_1
Checked theorem: Nonadditivity.Operational.blockedIndex_le_length
Checked theorem: Nonadditivity.HaarWordExpansion.norm_vacuumTrace_le
Checked theorem: Nonadditivity.RegularizedHolevo.positiveTensorIndexFintype.eq_def
Checked theorem: Nonadditivity.EntropyMixtures.ensembleAmplitude_term
Checked theorem: Nonadditivity.HaarPathGraph.source.eq_1
Checked theorem: Nonadditivity.HaarColumnMoments.coeff_linear_pow_two._proof_1_2
Checked theorem: Nonadditivity.HaarNonbacktracking.BranchPlan.realize.eq_5
Checked theorem: Nonadditivity.FreeCreation.creation_comp_creation_eq_shift
Checked theorem: Nonadditivity.NoncommutativeCS.EndpointSkeleton.flatten_occurrenceBlocks
Checked theorem: Nonadditivity.Operational.operationalCapacity_le_regularizedHolevoSupremum
Checked theorem: Nonadditivity.NoncommutativeCS.splitRegister._proof_5
Checked theorem: Nonadditivity.PrescribedCost.normalized_ceiling_error_tendsto._simp_1_1
Checked theorem: Nonadditivity.Operational.CodeSequence.error_tendsto_one_of_output_rate
Checked theorem: Nonadditivity.QuantumCodingConditionalTypicality.conditional_band_of_typical
Checked theorem: Nonadditivity.HaarAveraging.tensorPower_mul
Checked theorem: Nonadditivity.HaarMatchingCount.marked_card_le_three_excess._proof_1_2
Checked theorem: Nonadditivity.Operational.Code.transport_success
Checked theorem: Nonadditivity.Channels.KrausChannel.blockComplementary_adjoint_eq_tensor_polynomial
Checked theorem: Nonadditivity.FreeCreation.creation_norm_le
Checked theorem: Nonadditivity.HaarWeingartenCycles.fixedTupleEquiv._proof_2
Checked theorem: Nonadditivity.HaarPathClasses.sum_sparseCodeWeight
Checked theorem: Nonadditivity.HaarPathMultiplicity.excess_add_twice_edges._proof_1_1
Checked theorem: Nonadditivity.BlockBell.pairedTensorChain_output
Checked theorem: Nonadditivity.HaarPathWeights.listMonomial.eq_1
Checked theorem: Nonadditivity.HaarPathProfiles.Profile.mk.inj
Checked theorem: Nonadditivity.FreeModel.reindexFunction._proof_1
Checked theorem: Nonadditivity.HaarPrescribedDimension.inputLeading_pos._proof_1_1
Checked theorem: Nonadditivity.PolynomialReduction.Polynomial.errorCost_eq
Checked theorem: Nonadditivity.ProductPolynomialReduction.secondPart.eq_1
Checked theorem: Nonadditivity.HaarOperatorPolynomial.firstStep_singleton_bound
Checked theorem: Nonadditivity.NoncommutativeCS.EndpointSkeleton.flatten_map_reversed_occurrenceBlocks
Checked theorem: Nonadditivity.Operational.CodeSequence.rate_le_normalizedPowerHolevo_add_correction._simp_1_4
Checked theorem: Nonadditivity.HaarPathClasses.prefixSamePattern_full
Checked theorem: Nonadditivity.HaarAveraging.tensorPower_conjTranspose
Checked theorem: Nonadditivity.OneBlockRealization.exists_one_block_ratio_lower._simp_1_4
Checked theorem: Nonadditivity.RegularFactorization.finite_regular_error_transfer
Checked theorem: Nonadditivity.WeightedPositivity.repeatedIndex.eq_2
Checked theorem: Nonadditivity.StructuredHaarConsequences.kappa_ge_one
Checked theorem: Nonadditivity.NoncommutativeCS.Contraction.pathSum.eq_def
Checked theorem: Nonadditivity.InitialNetReduction.regularEval_eq
Checked theorem: Nonadditivity.HaarPathGraph.Path.chainReindex.eq_1
Checked theorem: _private.Nonadditivity.HaarBranchContractions.0.Nonadditivity.HaarNonbacktracking.BranchPlan.realize.match_1.eq_3
Checked theorem: Nonadditivity.HaarInvariantTensor.singleton_le_support_of_matching
Checked theorem: Nonadditivity.NetPolynomial.diagonalCoefficient.congr_simp
Checked theorem: Nonadditivity.BellOutput.mergedStates_entropy_zero
Checked theorem: Nonadditivity.NoncommutativeCS.swap._proof_2
Checked theorem: _private.Nonadditivity.FreeEmbedding.0.Nonadditivity.FreeEmbedding.Covering.treeTarget._proof_3
Checked theorem: Nonadditivity.Asymptotics.blockLength_div_upper._proof_1_1
Checked theorem: Nonadditivity.HaarPathGraph.Path.named_old_tree_reconstruction._proof_1_4
Checked theorem: Nonadditivity.Asymptotics.separationUpper.eq_1
Checked theorem: Nonadditivity.HaarPathGraph.Path.reverseProfileWord_val
Checked theorem: Nonadditivity.HaarPermutationSupport.card_distance_layer_le_pow
Checked theorem: Nonadditivity.HaarWordExpansion.finiteEval.eq_1
Checked theorem: Nonadditivity.HaarTensorReplacement.partialEval_single._simp_1_2
Checked theorem: Nonadditivity.HaarWeingartenCounting.fixedZeroEquiv._proof_6
Checked theorem: _private.Nonadditivity.HaarPathRuns.0.Nonadditivity.HaarPathRuns.middleRuns.match_1.eq_1
Checked theorem: Nonadditivity.HaarNonbacktracking.BranchPlan.openReg.sizeOf_spec
Checked theorem: Nonadditivity.QuantumCoding.Sampling.codebookCost._proof_2
Checked theorem: Nonadditivity.HaarProfileCompositionBound.composition_sum_norm_le
Checked theorem: Nonadditivity.QuantumCoding.conditionalTypicalProjector_idempotent
Checked theorem: Nonadditivity.HaarProfileCompositionBound.times_eq_ofFn
Checked theorem: Nonadditivity.HaarMoments.integral_sample_entry
Checked theorem: Nonadditivity.HaarPathGraph.Path.end_mem._proof_1_2
Checked theorem: Nonadditivity.PrescribedTest.freeNorm_test._simp_1_6
Checked theorem: Nonadditivity.HaarPathClasses.prefixSamePattern_extend_firstVisit._proof_1_8
Checked theorem: Nonadditivity.NoncommutativeCS.AssignmentProgram.kernel_compile_open
Checked theorem: Nonadditivity.HaarPrescribedDimension.prescribedFamily._proof_1
Checked theorem: Nonadditivity.FiniteMomentMatching.finiteEval_gammaPolynomial
Checked theorem: Nonadditivity.NetPolynomial.slice._proof_1
Checked theorem: Nonadditivity.HaarWeingartenCycles.fixedTupleEquiv._proof_3
Checked theorem: Nonadditivity.NoncommutativeCS.EndpointSkeleton.singletonWeight_two
Checked theorem: Nonadditivity.NetPolynomial.regularTestPolynomial.eq_1
Checked theorem: Nonadditivity.HaarPathWeights.listMonomial_eq_of_perm
Checked theorem: Nonadditivity.Operational.achievableRate_le_regularizedHolevoSupremum
Checked theorem: Nonadditivity.QuantumCoding.actualProduct.eq_def
Checked theorem: Nonadditivity.Operational.CodeSequence.unblock_error
Checked theorem: Nonadditivity.HaarWordPhase.coordinatePhase.congr_simp
Checked theorem: Nonadditivity.NoncommutativeCS.EndpointSkeleton.first.injEq
Checked theorem: Nonadditivity.GeneralBell.diagonal_kraus_inner
Checked theorem: Nonadditivity.DampedChannel.replacementKraus_complete._simp_1_1
Checked theorem: Nonadditivity.AdjointPurity.state_expectation_im_eq_zero
Checked theorem: Nonadditivity.WeightedBlock.weightedBlock_canonical_entropy_le
Checked theorem: Nonadditivity.Operational.mean_sqrt_le_sqrt_mean._simp_1_5
Checked theorem: Nonadditivity.HaarPathGraph.Path.firstVisit_next._simp_1_2
Checked theorem: Nonadditivity.FiniteSetFactorization.polarInsertion._proof_1
Checked theorem: Nonadditivity.FreeEmbedding.conjugate.eq_1
Checked theorem: Nonadditivity.HaarInvariantCommutant.commute_all_matrices_of_unitary
Checked theorem: Nonadditivity.HaarNonbacktracking.card_durations_le._proof_1_1
Checked theorem: Nonadditivity.Operational.uniformInformation_le_add_of_traceDistance
Checked theorem: Nonadditivity.StructuredCostBounds.wordLength.eq_1
Checked theorem: Nonadditivity.HaarPathVertexFibre.fibreEquiv._proof_5
Checked theorem: Nonadditivity.HaarPathGraph.Path.reverse_chain_colors
Checked theorem: Nonadditivity.HaarIteratedMoments.uncurry_measurePreserving
Checked theorem: Nonadditivity.HaarPathWeights.norm_signedProduct_integral_le._proof_1_5
Checked theorem: Nonadditivity.HaarPathClasses.exists_perm_map_pair
Checked theorem: Nonadditivity.Entropy.DensityMatrix.weights_sum
Checked theorem: _private.Nonadditivity.NoncommutativeCSAssignments.0.Nonadditivity.NoncommutativeCS.AssignmentProgram.compile.match_1.eq_5
Checked theorem: Nonadditivity.BlockBell.pairedTensorChain_output_entropy
Checked theorem: Nonadditivity.Channels.KrausChannel.holevo_le_log_dim_sub_minimumEntropy
Checked theorem: Nonadditivity.Operational.POVM.projectedState_traceDistance
Checked theorem: Nonadditivity.Weyl.uniformAverage.congr_simp
Checked theorem: Nonadditivity.BellOutput.pairedChannel_bell_eq_merged._simp_1_6
Checked theorem: Nonadditivity.HaarPathClasses.refinedQuotientFibreEquiv._proof_2
Checked theorem: Nonadditivity.HaarProfilePadding.sum_map_extend_zero
Checked theorem: Nonadditivity.HaarColumnMoments.rowRotationMatrix_sq
Checked theorem: Nonadditivity.Linearization.ReducedTail.eq_1
Checked theorem: Nonadditivity.HaarPathLocalPhase.selected_columnCount_ofFn
Checked theorem: Nonadditivity.FreeCreation.mask_adjoint
Checked theorem: Nonadditivity.FiniteMomentMatching.gammaPolynomial_pow_support_length_le
Checked theorem: Nonadditivity.PolynomialReduction.Polynomial.dimensionCost.eq_def
Checked theorem: Nonadditivity.Linearization.modulus_block_posSemidef
Checked theorem: Nonadditivity.HaarCoefficientBounds.regular_columnGram_norm_le
Checked theorem: Nonadditivity.Channels.KrausChannel.amplify_posSemidef
Checked theorem: Nonadditivity.Linearization.operator_sum_norm_le_differenceSupport
Checked theorem: Nonadditivity.WeightedBlock.scale_mul_uniform
Checked theorem: Nonadditivity.InitialNetReduction.select_gramMatrix
Checked theorem: Nonadditivity.HaarPathGraph.Path.important_add_tree_visits._simp_1_1
Checked theorem: Nonadditivity.WordBallReduction.tailLetters.eq_1
Checked theorem: Nonadditivity.StructuredLinearization.final_error_transfer
Checked theorem: Nonadditivity.NoncommutativeCS.column._proof_2
Checked theorem: Nonadditivity.BellOutput.mergedWeights_shannon._simp_1_8
Checked theorem: Nonadditivity.NoncommutativeCS.columnGram._proof_5
Checked theorem: Nonadditivity.StructuredHaarConsequences.exists_explicit_channel
Checked theorem: Nonadditivity.HaarMomentConstants.refinedClass_product_eq._proof_1_1
Checked theorem: Nonadditivity.QuantumCoding.exists_spectral_packing
Checked theorem: Nonadditivity.FiniteSetFactorization.paddedPolynomial.congr_simp
Checked theorem: Nonadditivity.GaussianRectangular.quadraticOperator_norm_le
Checked theorem: Nonadditivity.HaarPathVertexFibre.reconstruct._proof_3
Checked theorem: Nonadditivity.HaarCoefficientBounds.regular_coefficient_energy_le
Checked theorem: Nonadditivity.StructuredHaarModel.tensorRepresentation._proof_3
Checked theorem: Nonadditivity.NoncommutativeCS.EndpointTrace.compile.eq_5
Checked theorem: Nonadditivity.NoncommutativeCS.diagonal_apply_norm_le
Checked theorem: Nonadditivity.HaarPathVertexFibre.labels_apply
Checked theorem: Nonadditivity.FreeCreation.creation_adjoint_comp_zero
Checked theorem: Nonadditivity.NoncommutativeCS.splitRegister_apply
Checked theorem: Nonadditivity.QuantumCodingContinuity.sum_abs_diagonal_gram_sub_le
Checked theorem: Nonadditivity.Weyl.uniform_average_trace_one
Checked theorem: Nonadditivity.HaarOperatorPathBridge.pathEquiv.eq_1
Checked theorem: Nonadditivity.StructuredHaarConsequences.exists_explicit_certificate._simp_1_5
Checked theorem: Nonadditivity.QuantumCoding.Sampling.expect_mul_const
Checked theorem: Nonadditivity.QuantumCodingTypicality.wordConsEquiv._proof_1
Checked theorem: Nonadditivity.HaarOperatorPathBridge.coefficient_bound
Checked theorem: Nonadditivity.ObservableDimension.observableEquivTraceKernel._proof_13
Checked theorem: Nonadditivity.FiniteRealization.adjointOnObservables_apply
Checked theorem: Nonadditivity.HaarPathClasses.prefixSamePattern_fresh_run._proof_1_5
Checked theorem: Nonadditivity.QuantumCoding.Projection.idempotent
Checked theorem: Nonadditivity.WeylPowersTwirl.uniform_average_eq._simp_1_4
Checked theorem: Nonadditivity.HaarMarkedCompositions.length_blocks
Checked theorem: Nonadditivity.NoncommutativeCS.column.congr_simp
Checked theorem: Nonadditivity.Operational.oneMessage.eq_1
Checked theorem: Nonadditivity.HaarProfileCompositionBound.durationOf_pos
Checked theorem: Nonadditivity.HaarPathClasses.card_defectClass_weighted_le
Checked theorem: Nonadditivity.CollinsYoun.doubleCreation._proof_1
Checked theorem: Nonadditivity.StructuredHaarConsequences.exists_explicit_finite_channel._simp_1_4
Checked theorem: Nonadditivity.TensorPartitionReduction.dimensionCost_le_prod
Checked theorem: Nonadditivity.HaarWeingartenCycles.relativeFixedEquiv._proof_3
Checked theorem: Nonadditivity.QuantumCoding.positiveTensorPower_productInputState
Checked theorem: Nonadditivity.QuantumCoding.expMessages_pos
Checked theorem: Nonadditivity.HaarOperatorPolynomial.coefficient_column_norm_le
Checked theorem: Nonadditivity.HaarPathClasses.SamePattern.edgeAt_eq_iff._simp_1_1
Checked theorem: Nonadditivity.HaarPathGraph.reverse.eq_1
Checked theorem: Nonadditivity.HaarPathClasses.rangeEquivOfKernel._proof_7
Checked theorem: Nonadditivity.ActualConsequences.actual_vanishing_diverging
Checked theorem: Nonadditivity.FiniteRealization.matrixObservable._proof_1
Checked theorem: Nonadditivity.OneBlockRealization.exists_one_block_ratio_lower._proof_1_1
Checked theorem: Nonadditivity.HaarRefinedVertexFibre.normalize_refined
Checked theorem: Nonadditivity.Quantitative.moment_parameter_log_bound._proof_1_1
Checked theorem: Nonadditivity.HaarPathClasses.incidenceDart.eq_1
Checked theorem: Nonadditivity.HaarTimeCompositions.length_of_mem
Checked theorem: Nonadditivity.NetPolynomial.permutationIsometry._proof_1
Checked theorem: Nonadditivity.HaarTensorReplacement.regularEval_single_column
Checked theorem: Nonadditivity.PrescribedCost.sqrt_log_div_nat_tendsto_zero
Checked theorem: Nonadditivity.HaarNonbacktracking.BranchPlan.openReg.injEq
Checked theorem: Nonadditivity.Channels.KrausChannel.minimumEntropy_conjugate
Checked theorem: Nonadditivity.Weyl.uniform_average_eq._simp_1_8
Checked theorem: Nonadditivity.QuantumCoding.tensorState_mixture_matrix
Checked theorem: Nonadditivity.WeylTensor.uniformWeight.eq_1
Checked theorem: Nonadditivity.HaarAveraging.average_sq._simp_1_1
Checked theorem: Nonadditivity.TensorPartitionReduction.stageSupport.eq_1
Checked theorem: Nonadditivity.RegularShiftedDilation.grading._proof_19
Checked theorem: Nonadditivity.Entropy.emptyTensorState._proof_1
Checked theorem: Nonadditivity.HaarPathClasses.orientation_cases
Checked theorem: Nonadditivity.ActualConsequences.exists_actual_separating_channel_positive
Checked theorem: Nonadditivity.QuantumCoding.Sampling.codebookCost._proof_3
Checked theorem: Nonadditivity.FreeModel.leftRegular_one
Checked theorem: Nonadditivity.HaarNonbacktracking.BranchPlan.timeWeight.eq_4
Checked theorem: Nonadditivity.HaarWeingartenCounting.fixedSuccEquiv._proof_3
Checked theorem: Nonadditivity.Operational.CodeSequence.error_tendsto_one_of_input_rate
Checked theorem: _private.Nonadditivity.FreeEmbedding.0.Nonadditivity.FreeEmbedding.Covering.parent.eq_1
Checked theorem: Nonadditivity.HaarPermutationSupport.distance.eq_1
Checked theorem: Nonadditivity.HaarInvariantTensor.mixed.eq_1
Checked theorem: Nonadditivity.CollinsYounProduct.traceless_polynomial_norm_sq_le
Checked theorem: Nonadditivity.HaarNonbacktracking.segmentedListProduct.eq_2
Checked theorem: Nonadditivity.Asymptotics.normalized_gap_liminf._proof_1_1
Checked theorem: Nonadditivity.FiniteMomentMatching.regularHom._proof_1
Checked theorem: Nonadditivity.HaarPathClasses.incidence_at_fresh_vertex_unique._proof_1_2
Checked theorem: Nonadditivity.RegularRestriction.rightCosetEquiv_apply
Checked theorem: Nonadditivity.StructuredHaarConsequences.exists_explicit_certificate._simp_1_3
Checked theorem: Nonadditivity.NoncommutativeCS.EndpointSkeleton.singleton.sizeOf_spec
Checked theorem: Nonadditivity.PrescribedCost.normalized_ceiling_error_tendsto
Checked theorem: Nonadditivity.UniversalFactorization.shift_mul
Checked theorem: Nonadditivity.QuantumCoding.spectralProjector_posSemidef
Checked theorem: Nonadditivity.UniversalFactorization.polynomial_dilation_inl
Checked theorem: Nonadditivity.HaarPathGraph.Path.two_le_degree._proof_1_3
Checked theorem: Nonadditivity.HaarCoefficientBounds.regular_row_norm_le
Checked theorem: Nonadditivity.DampedChannel.replacementKraus_adjoint_sum
Checked theorem: Nonadditivity.Dimensions.weighted_log_ceiling_error_tendsto
Checked theorem: Nonadditivity.NetPolynomial.netNegationEquiv._proof_2
Checked theorem: Nonadditivity.BellOutput.mergedWeights.eq_1
Checked theorem: Nonadditivity.HaarPathClasses.rangeEquivOfKernel_apply
Checked theorem: Nonadditivity.StructuredCostBounds.log_six_lt
Checked theorem: Nonadditivity.HaarNonbacktracking.BranchPlan.timeWeight.eq_5
Checked theorem: Nonadditivity.Entropy.DensityMatrix.conjugate._proof_1
Checked theorem: Nonadditivity.HaarInvariantTensor.average_mul_contractions
Checked theorem: Nonadditivity.HaarInvariantTensor.integral_entryMonomial_eq_relative
Checked theorem: Nonadditivity.HaarProfileAssignmentBound.embedAssignment.eq_1
Checked theorem: Nonadditivity.QuantumCodingContinuity.vonNeumann_traceDistance_bound
Checked theorem: Nonadditivity.WeightedBellScalar.perturbedWeights_zero
Checked theorem: Nonadditivity.Quantitative.tolerance_pos
Checked theorem: Nonadditivity.HaarPathClasses.refinedDefectEquiv._proof_4
Checked theorem: Nonadditivity.HaarPathGraph.Path.discoveryGraph_isAcyclic._simp_1_1
Checked theorem: Nonadditivity.StructuredHaarConsequences.exists_explicit_finite_channel._simp_1_7
Checked theorem: Nonadditivity.HaarMixedWordExpansion.integral_mixed_moment_error._simp_1_1
Checked theorem: Nonadditivity.Entropy.DensityMatrix.centered_trace_zero
Checked theorem: Nonadditivity.Entropy.DensityMatrix.centered_trace_pairing
Checked theorem: Nonadditivity.HaarPathGraph.Path.discoveryGraph_new_isolated._proof_1_1
Checked theorem: Nonadditivity.NoncommutativeCS.openRegister.congr_simp
Checked theorem: Nonadditivity.FreeBridge.branchToOutput.congr_simp
Checked theorem: Nonadditivity.FreeBridge.outputFreeNorm_nonneg
Checked theorem: Nonadditivity.Weyl.shift_unitary._simp_1_2
Checked theorem: _private.Nonadditivity.FreeEmbedding.0.Nonadditivity.FreeEmbedding.Covering.edgeLabel.eq_1
Checked theorem: Nonadditivity.HaarPathGraph.Path.ChainColoring.mk.injEq
Checked theorem: Nonadditivity.HaarPathClasses.SamePattern.importantTimes_eq._simp_1_2
Checked theorem: Nonadditivity.HaarPrescribedDimension.prescribedFamily_output_normalized_gap_liminf
Checked theorem: Nonadditivity.Weyl.unitaryMatrix._proof_1
Checked theorem: Nonadditivity.HaarInvariantCommutant.commute_transvection_one_of_unitary
Checked theorem: Nonadditivity.ProductPolynomialReduction.splitSupport_degree
Checked theorem: Nonadditivity.HaarTensorReplacement.regularEval_selfAdjoint_iff
Checked theorem: Nonadditivity.DampedChannel.damped._proof_1
Checked theorem: Nonadditivity.HaarWordPhase.coordinatePhase_mul
Checked theorem: Nonadditivity.UniversalFactorization.shift_adjoint
Checked theorem: Nonadditivity.SpectralDamping.damping_norm_le_one
Checked theorem: Nonadditivity.HaarPathGraph.Path.namedPath_importantTimes._simp_1_3
Checked theorem: Nonadditivity.PolynomialReduction.Polynomial.step_finite_norm_sq
Checked theorem: Nonadditivity.HaarPrescribedDimension.exists_prescribed_channel_with_lower_bound._simp_1_2
Checked theorem: Nonadditivity.QuantumCoding.tensorFamilyBandProjector_compression_le
Checked theorem: Nonadditivity.TensorPartitionReduction.quotient_lt_width._proof_1_1
Checked theorem: Nonadditivity.HaarPathClasses.normalized_initial_fresh_run
Checked theorem: Nonadditivity.Operational.operationalCapacity_le_log_input_dimension
Checked theorem: Nonadditivity.WeightedParameters.exists_amplification_budget
Checked theorem: Nonadditivity.HaarPathGraph.Path.firstFresh_mem
Checked theorem: Nonadditivity.QuantumCodingTypicality.information_mean
Checked theorem: Nonadditivity.NoncommutativeCS.EndpointSkeleton.occurrenceBlocks_nonempty
Checked theorem: Nonadditivity.FiniteMomentMatching.finiteEval.eq_1
Checked theorem: Nonadditivity.Channels.KrausChannel.map_smul
Checked theorem: Nonadditivity.QuantumCoding.Projection.filtered_reject_norm_sq
Checked theorem: Nonadditivity.CollinsYounProduct.diagonalSum.eq_1
Checked theorem: Nonadditivity.NetPolynomial.regularPolynomial_negation_conjugate
Checked theorem: Nonadditivity.QuantumCoding.Projection.inner_reject
Checked theorem: Nonadditivity.RegularDilation.fiberRight_apply
Checked theorem: Nonadditivity.QuantumCoding.Sampling.expect_finset_sum
Checked theorem: Nonadditivity.Channels.labelledState._proof_2
Checked theorem: Nonadditivity.Operational.uniformInformation_flags._simp_1_1
Checked theorem: Nonadditivity.HaarMomentTail.measure_norm_ge_le_normalized_trace_moment._simp_1_3
Checked theorem: Nonadditivity.QuantumCoding.outputEnsembleInformation.congr_simp
Checked theorem: Nonadditivity.HaarTensorConstants.momentMultiplier_root_eq_exp._simp_1_3
Checked theorem: Nonadditivity.HaarPathClasses.RefinedPattern.positionPerm.congr_simp
Checked theorem: Nonadditivity.HaarWordExpansion.finiteEval_single._simp_1_4
Checked theorem: Nonadditivity.CollinsYoun.mixed._proof_8
Checked theorem: Nonadditivity.PrescribedCost.normalized_dimension_leading_tendsto
Checked theorem: Nonadditivity.HaarPathGraph.Path.paletteColoring_of_palette
Checked theorem: Nonadditivity.Channels.KrausChannel.holevoBits_def
Checked theorem: _private.Nonadditivity.TensorPartitionReduction.0.Nonadditivity.TensorPartitionReduction.reduce.match_1.eq_2
Checked theorem: Nonadditivity.NoncommutativeCS.AssignmentProgram.factors.eq_1
Checked theorem: Nonadditivity.HaarPathGraph.Path.paletteWord_representative
Checked theorem: Nonadditivity.HaarInvariantTensor.invariant_eq_zero_of_multiplicity_ne
Checked theorem: Nonadditivity.UniversalFactorization.rectLift_add
Checked theorem: Nonadditivity.TensorPartitionReduction.reduce_error_transfer._simp_1_9
Checked theorem: _private.Nonadditivity.FreeEmbedding.0.Nonadditivity.FreeEmbedding.Covering.child_parent._proof_1_5
Checked theorem: Nonadditivity.Operational.Code.mean_projected_distance_le
Checked theorem: Nonadditivity.Operational.Code.padRight_success
Checked theorem: Nonadditivity.TensorPartitionReduction.stageSupport_single_factor
Checked theorem: Nonadditivity.GaussianRectangular.quadraticOperator_one_quadratic
Checked theorem: Nonadditivity.FiniteMomentMatching.gammaPolynomial_support_length_le
Checked theorem: Nonadditivity.HaarNonbacktracking.coefficientAddHom_apply
Checked theorem: Nonadditivity.FiniteSetFactorization.polynomial_adjoint
Checked theorem: Nonadditivity.HaarProfilePadding.norm_extend_zero_le
Checked theorem: Nonadditivity.Asymptotics.finiteSizeCorrection_nonneg
Checked theorem: Nonadditivity.GaussianRectangular.quadraticOperator_trace_square._simp_1_3
Checked theorem: Nonadditivity.GeneralBell.shannon_le_of_large_atom._proof_1_1
Checked theorem: Nonadditivity.QuantumCoding.conditionalTypicalProjector_trace_bound
Checked theorem: Nonadditivity.HaarPathClasses.SamePattern.dartEquiv_count
Checked theorem: Nonadditivity.QuantumCodingContinuity.mixingEntropy.eq_1
Checked theorem: Nonadditivity.StructuredHaarModel.kroneckerUnitary._proof_1
Checked theorem: Nonadditivity.HaarPathVertexFibre.reconstruct._proof_6
Checked theorem: Nonadditivity.DampedBellStability.filteredBell.congr_simp
Checked theorem: Nonadditivity.Conversion.converted_gap_lower
Checked theorem: Nonadditivity.Channels.KrausChannel.complementary_map_entry
Checked theorem: Nonadditivity.HaarPathClasses.prefixSamePattern_firstVisit_iff
Checked theorem: Nonadditivity.NetPolynomial.exists_net_polynomial
Checked theorem: Nonadditivity.HaarSharpSummation.sum_active_weights_le._proof_1_2
Checked theorem: Nonadditivity.HaarMomentConstants.sum_class_weights_le_encodingMajorant_mul
Checked theorem: Nonadditivity.HaarPathWeights.even_length_of_integral_ne_zero
Checked theorem: Nonadditivity.Entropy.shannon_lt_log_card_of_not_uniform._simp_1_8
Checked theorem: Nonadditivity.NoncommutativeCS.EndpointSkeleton.singletonLength.eq_5
Checked theorem: Nonadditivity.HaarPaletteDecoder.decode_actual_block
Checked theorem: Nonadditivity.HaarProfilePermutations.coreChainProfile_count
Checked theorem: Nonadditivity.InitialNetReduction.finiteColumn_gram
Checked theorem: Nonadditivity.Asymptotics.blockLength_div_tendsto_zero
Checked theorem: Nonadditivity.HaarNonbacktracking.sum_segmentedListProduct_reverse
Checked theorem: Nonadditivity.HaarFiniteSymmetry.bounded_product_selfAdjoint_of_finite
Checked theorem: Nonadditivity.HaarInvariantTensor.power_mul
Checked theorem: Nonadditivity.EntropyMixtures.DensityMatrix.vonNeumann_le_diagonal
Checked theorem: Nonadditivity.CollinsYounOne.collinsYounBound_one
Checked theorem: Nonadditivity.HaarTensorConstants.prod_stage_factors
Checked theorem: _private.Nonadditivity.NoncommutativeCSSingletons.0.Nonadditivity.NoncommutativeCS.EndpointSkeleton.singletonLabels.match_1.eq_5
Checked theorem: Nonadditivity.HaarPathGraph.Path.namedPath.eq_1
Checked theorem: Nonadditivity.Entropy.shannon_le_log_card._simp_1_3
Checked theorem: Nonadditivity.StructuredLinearization.fullError.congr_simp
Checked theorem: Nonadditivity.StateEnsembles.information_le
Checked theorem: Nonadditivity.HaarRefinedVertexFibre.fibreEquiv._proof_6
Checked theorem: _private.Nonadditivity.HaarBranchContractions.0.Nonadditivity.NoncommutativeCS.Contraction.operator.match_1.eq_3
Checked theorem: Nonadditivity.RegularShiftedDilation.grading._proof_12
Checked theorem: Nonadditivity.FreeCreation.maskLinear._proof_3
Checked theorem: Nonadditivity.PositiveHolevo.twoMergedWeights.congr_simp
Checked theorem: Nonadditivity.RegularFactorization.padded_dilation_norm_sq
Checked theorem: Nonadditivity.HaarWeingartenCounting.card_fixed_zero
Checked theorem: Nonadditivity.Operational.Code.error_nonneg
Checked theorem: Nonadditivity.DampedBellStability.damped_pair_retained_le
Checked theorem: Nonadditivity.HaarPathGraph.Path.vertexName_le
Checked theorem: Nonadditivity.HaarFourthMoments.rowPhase_mul_entry
Checked theorem: Nonadditivity.ProductMomentBridge.support_pow_radius_image
Checked theorem: Nonadditivity.NoncommutativeCS.EndpointSkeleton.markedFlags.eq_1
Checked theorem: Nonadditivity.StructuredCostBounds.initialFactor_log_bound
Checked theorem: Nonadditivity.HaarOperatorPathBridge.pathEquiv._proof_7
Checked theorem: Nonadditivity.HaarNonbacktracking.BranchPlan.singleton.inj
Checked theorem: Nonadditivity.MatrixRegularRestriction.cosetSlice._proof_1
Checked theorem: Nonadditivity.WeightedBlock.chainScale.eq_2
Checked theorem: Nonadditivity.HaarWordExpansion.regularEval_single
Checked theorem: Nonadditivity.QuantumCoding.typicalProjector.eq_1
Checked theorem: Nonadditivity.CollinsYounProduct.constant_normalization._simp_1_8
Checked theorem: Nonadditivity.Channels.KrausChannel.minimumEntropy.congr_simp
Checked theorem: Nonadditivity.BellOutput.pairState_diagonal
Checked theorem: Nonadditivity.UpperHaarRealization.exists_arbitrarily_large_ratio
Checked theorem: Nonadditivity.QuantumCoding.productInputState.eq_def
Checked theorem: Nonadditivity.Channels.KrausChannel.holevoBits_eq_of_map_eq
Checked theorem: Nonadditivity.HaarWordPhase.scalarPhase_mul
Checked theorem: Nonadditivity.HaarPathGraph.Path.darts.eq_1
Checked theorem: Nonadditivity.PolynomialReduction.splitSupport_degree._simp_1_4
Checked theorem: Nonadditivity.Scalar.aK_le
Checked theorem: Nonadditivity.QuantumCoding.tensorWeights.eq_1
Checked theorem: Nonadditivity.FiniteSetFactorization.paddedPolynomial_dilation_norm_identity
Checked theorem: Nonadditivity.DampedChannel.residualRoot._proof_1
Checked theorem: Nonadditivity.HaarPathGraph.Path.reverseProfileWord_ofFn
Checked theorem: Nonadditivity.Operational.POVM.probability_smul_projectedState
Checked theorem: Nonadditivity.HaarRefinedVertexFibre.fibreEquiv._proof_3
Checked theorem: Nonadditivity.HaarPathGraph.Path.treeEdges_subset_edges
Checked theorem: Nonadditivity.Channels.KrausChannel.switch_minimumEntropy
Checked theorem: _private.Nonadditivity.QuantumCodingGentle.0.Nonadditivity.QuantumCodingContinuity.abs_normSq_sub_le
Checked theorem: Nonadditivity.ProductHaagerupProduct.RadiusLe.eq_2
Checked theorem: Nonadditivity.QuantumCoding.expMessages_upper
Checked theorem: Nonadditivity.HaarOperatorCurry.operatorCurry._proof_2
Checked theorem: Nonadditivity.HaarNonbacktracking.BranchPlan.blocks.eq_def
Checked theorem: Nonadditivity.HaarPathGraph.Path.root_mem_vertices
Checked theorem: Nonadditivity.OneBlockRealization.exists_one_block_ratio_lower._simp_1_3
Checked theorem: Nonadditivity.HaarFourthMoments.integral_entry_norm_four
Checked theorem: Nonadditivity.NoncommutativeCS.AssignmentProgram.factors.eq_3
Checked theorem: Nonadditivity.ProductPolynomialReduction.dimensionCost_le
Checked theorem: Nonadditivity.HaarSharpSummation.countMajorant._proof_1
Checked theorem: Nonadditivity.ProductHaagerupProduct.polynomial._proof_3
Checked theorem: Nonadditivity.HaarTensorReplacement.productRepresentation._proof_2
Checked theorem: Nonadditivity.SpectralDamping.damping_residual_posSemidef
Checked theorem: Nonadditivity.Linearization.reduced_word_geometric_sum._proof_1_1
Checked theorem: Nonadditivity.HaarPrescribedDimension.prescribedFamily_ratio_eventually._proof_1_1
Checked theorem: Nonadditivity.CollinsYounProduct.polynomial._proof_1
Checked theorem: Nonadditivity.RegularRestriction.extendZero_norm
Checked theorem: Nonadditivity.QuantumCoding.amplitudeColumn._proof_1
Checked theorem: Nonadditivity.NoncommutativeCS.EndpointSkeleton.exists_compressed._simp_1_14
Checked theorem: Nonadditivity.NoncommutativeCS.AssignmentProgram.singleton.inj
Checked theorem: Nonadditivity.HaarInvariantTensor.gram_apply_mul_left
Checked theorem: _private.Nonadditivity.NoncommutativeCSMemory.0.Nonadditivity.NoncommutativeCS.Contraction.evaluate.match_1.eq_1
Checked theorem: Nonadditivity.HaarProfileBlockCoefficients.family_endpoint_bounds._proof_1_6
Checked theorem: _private.Nonadditivity.HaarNonbacktracking.0.Nonadditivity.HaarNonbacktracking.killed.match_1.eq_1
Checked theorem: Nonadditivity.Asymptotics.finiteSizeCorrection_blockLength_tendsto_zero
Checked theorem: Nonadditivity.HaarWordPhase.instIsProbabilityMeasureForallSubtypeMatrixFinHAddNatOfNatComplexMemSubmonoidLocalUnitaryWordMeasure
Checked theorem: Nonadditivity.PolynomialReduction.one_mem_splitSupport._simp_1
Checked theorem: Nonadditivity.HaarPathClasses.classExplorationCode._proof_1
Checked theorem: Nonadditivity.Operational.oneMessage_error
Checked theorem: Nonadditivity.HaarMatchingSharp.card_relativeMatching_le_sharp._simp_1_1
Checked theorem: Nonadditivity.ProductPolynomialReduction.degree_mul_le
Checked theorem: Nonadditivity.HaarPathGraph.Path.CoreChain.congr_simp
Checked theorem: Nonadditivity.HaarPathGraph.Path.card_budgetProfileAssignments_le
Checked theorem: Nonadditivity.Entropy.DensityMatrix.purity_and_entropy_of_centered_bound
Checked theorem: Nonadditivity.HaarMomentConstants.localEncodingAlpha_le
Checked theorem: Nonadditivity.MatrixShortEmbedding.product_matrix_logarithmic_substitution
Checked theorem: Nonadditivity.HaarProfileCoefficient.ordinary_coefficient_norm_le
Checked theorem: Nonadditivity.NoncommutativeCS.columnGram._proof_7
Checked theorem: Nonadditivity.WeylPowers.positivePairEquiv_succ_symm_apply
Checked theorem: Nonadditivity.RegularRestriction.gammaInfinite.eq_1
Checked theorem: Nonadditivity.NoncommutativeCS.Contraction.openReg.injEq
Checked theorem: Nonadditivity.CollinsYounProduct.zero_factor_bound
Checked theorem: Nonadditivity.Entropy.normalizePositive.eq_1
Checked theorem: Nonadditivity.FiniteRealization.adjointOnObservables._proof_3
Checked theorem: Nonadditivity.HaarFiniteFaithfulness.blockTrace_sum
Checked theorem: Nonadditivity.HaarPathGraph.Path.closed
Checked theorem: _private.Nonadditivity.HolevoRateLimit.0.Nonadditivity.RegularizedHolevo.positiveTensorSplit.match_1.eq_1
Checked theorem: Nonadditivity.Purity.centered_norm_le
Checked theorem: Nonadditivity.HaarMomentConstants.vertex_dimension_cancellation
Checked theorem: Nonadditivity.Operational.POVM.normalizedBlockState.congr_simp
Checked theorem: _private.Nonadditivity.QuantumCodingDecoderBound.0.Nonadditivity.QuantumCoding.ProjectiveTest.prefix_sum_le_erase_sum._simp_1_1
Checked theorem: Nonadditivity.MatrixRegularRestriction.extendZero_norm
Checked theorem: Nonadditivity.HaarPathWeightTransport.dartRelabel._proof_1
Checked theorem: Nonadditivity.HaarPaletteDecoder.orientedPalette_embedWords
Checked theorem: Nonadditivity.Weyl.uniform_average_eq._simp_1_6
Checked theorem: Nonadditivity.WordBallReduction.wordValue_norm_le
Checked theorem: Nonadditivity.UpperHaarRealization.eventually_exists_certificate_of_upper_tails._simp_1_7
Checked theorem: Nonadditivity.HaarPrescribedDimension.prescribed_input_div_sq_tendsto._proof_1_1
Checked theorem: Nonadditivity.HaarPathGraph.Path.ChainColoring.source_core_of_zero._proof_1
Checked theorem: Nonadditivity.NoncommutativeCS.closeRegister.eq_1
Checked theorem: _private.Nonadditivity.PolynomialReduction.0.Nonadditivity.PolynomialReduction.Polynomial.reduce.match_1.eq_1
Checked theorem: Nonadditivity.PrescribedCost.sqrt_log_div_blockLength_tendsto_zero
Checked theorem: Nonadditivity.HaarPathWeights.norm_signedProduct_integral_le._proof_1_2
Checked theorem: Nonadditivity.QuantumCoding.ProjectiveTest.finite_filteredDecoder_error_bound
Checked theorem: Nonadditivity.HaarPathGraph.Path.named_old_tree_reconstruction._proof_1_8
Checked theorem: Nonadditivity.HaarPathWeights.highMultiplicity_edgeList._simp_1_1
Checked theorem: Nonadditivity.HaarPathClasses.prefixSamePattern_fresh_run
Checked theorem: _private.Nonadditivity.HaarBranchContractions.0.Nonadditivity.HaarNonbacktracking.BranchPlan.realize.match_1.eq_6
Checked theorem: Nonadditivity.QuantumCoding.trace_union_bound_amplitude._simp_1_4
Checked theorem: Nonadditivity.HaarMarkedCompositions.marked_composition_sum_le
Checked theorem: Nonadditivity.RegularDilation.fiberLeft_dilationCoefficient
Checked theorem: Nonadditivity.StructuredHaarModel.continuous_tensorRepresentation
Checked theorem: Nonadditivity.HaarTimeCompositions.mem_compositions_iff._simp_1_6
Checked theorem: Nonadditivity.NoncommutativeCS.EndpointSkeleton.middle.inj
Checked theorem: Nonadditivity.CollinsYoun.coefficientLength_nonneg
Checked theorem: Nonadditivity.QuantumCoding.ProjectiveTest.raw_error_bound._proof_1_1
Checked theorem: Nonadditivity.HaarPathGraph.Path.sum_refined_fibre_eq_palettes
Checked theorem: Nonadditivity.HaarPathGraph.Path.coreProfileWord._proof_2
Checked theorem: Nonadditivity.HaarTensorReplacement.partialEval_adjointPolynomial
Checked theorem: Nonadditivity.TensorPartitionReduction.residue_split._proof_1_4
Checked theorem: Nonadditivity.Channels.KrausChannel.tensor._simp_1
Checked theorem: Nonadditivity.Asymptotics.regrouping_gap_div_tendsto_zero._simp_1_5
Checked theorem: _private.Nonadditivity.BellOutput.0.Nonadditivity.BellOutput.mergedWeights.match_1.eq_2
Checked theorem: Nonadditivity.RegularizedHolevo.positiveTensorIndex_card
Checked theorem: Nonadditivity.QuantumCodingTypicality.wordSum.eq_1
Checked theorem: Nonadditivity.QuantumCoding.ProjectiveTest.effect_positive
Checked theorem: Nonadditivity.QuantumCodingTypicality.probability_bounds_of_typical
Checked theorem: Nonadditivity.PrescribedTest.test_isHermitian
Checked theorem: Nonadditivity.QuantumCoding.Sampling.expect_codebookCost_le
Checked theorem: Nonadditivity.HaarWordExpansion.norm_diagonal_coefficient_le
Checked theorem: Nonadditivity.NoncommutativeCS.diagonal_apply
Checked theorem: Nonadditivity.HaarOperatorPathBridge.pathOperatorSum_eq_zero_of_not_even
Checked theorem: Nonadditivity.UniversalFactorization.term._proof_1
Checked theorem: Nonadditivity.HaarMoments.sum_entry_product._simp_1_1
Checked theorem: Nonadditivity.StructuredLinearization.testFinal_log_dimension
Checked theorem: Nonadditivity.HaarTimeCompositions.positive_of_mem._simp_1_5
Checked theorem: Nonadditivity.PrescribedCost.log_inputQubits_div_log_tendsto
Checked theorem: Nonadditivity.ProductHaagerupReindex.groupEquiv._proof_5
Checked theorem: Nonadditivity.Operational.POVM.mk.inj
Checked theorem: Nonadditivity.HaarIteratedMoments.uncurry_measurePreserving._simp_1_4
Checked theorem: Nonadditivity.GaussianQuadratic.basis_repr_sum
Checked theorem: Nonadditivity.PrescribedCost.growingFamily_vanishing_diverging._proof_1_1
Checked theorem: Nonadditivity.HaarPathInvolution.pair_eq_of_mem._simp_1_1
Checked theorem: Nonadditivity.HaarPaletteDecoder.chainForward.eq_1
Checked theorem: Nonadditivity.Scalar.gap_fraction_identity._simp_1_3
Checked theorem: Nonadditivity.QuantumCoding.ProjectiveTest.filteredDecoder_error_bound
Checked theorem: Nonadditivity.HaarPathGraph.Path.twice_vertices_le_length_add_one_of_balanced._proof_1_3
Checked theorem: Nonadditivity.kappa_net_certificate._simp_1_3
Checked theorem: Nonadditivity.HaarNonbacktracking.vacuum_apply
Checked theorem: Nonadditivity.InitialNetReduction.shortProductEmbedding._proof_1
Checked theorem: Nonadditivity.ActualConsequences.FiniteQuantumChannel.normalizedPowerHolevo_tendsto._proof_1_3
Checked theorem: Nonadditivity.WordBallReduction.dimensionCost_product
Checked theorem: Nonadditivity.WordBallReduction.errorCost.eq_def
Checked theorem: Nonadditivity.HaarNonbacktracking.BranchPlan.blocks.eq_6
Checked theorem: Nonadditivity.HaarOperatorPathBridge.pathEquiv._proof_8
Checked theorem: Nonadditivity.Channels.KrausChannel.controlled_tensor_reindex
Checked theorem: Nonadditivity.Entropy.DensityMatrix.unitaryConjugate._proof_2
Checked theorem: Nonadditivity.NetPolynomial.netRegularPolynomial_shifted_norm
Checked theorem: Nonadditivity.QuantumCoding.mean_crossAcceptance
Checked theorem: Nonadditivity.ProductHaagerupCreation.lift_createWord_commute
Checked theorem: Nonadditivity.Entropy.shannon_le_log_card._simp_1_8
Checked theorem: Nonadditivity.AdjointPurity.trace_mul_nonneg
Checked theorem: Nonadditivity.ProductPolynomialReduction.dimensionCost_le._proof_1_5
Checked theorem: Nonadditivity.WeightedBellScalar.weights_sum._simp_1_1
Checked theorem: Nonadditivity.HaarFiniteFaithfulness.eq_zero_of_finiteEval_eq_zero
Checked theorem: _private.Nonadditivity.OperationalBlockingFlatten.0.Nonadditivity.Operational.blockedIndex.match_1.eq_2
Checked theorem: Nonadditivity.HaarPathClasses.prefixSamePattern_fresh_run._proof_1_9
Checked theorem: Nonadditivity.Quantitative.exp_dominates_linear
Checked theorem: Nonadditivity.ProductHaagerupWords.sector_eq_take_drop._simp_1_3
Checked theorem: Nonadditivity.QuantumCodingContinuity.difference_eigenvalues_sum
Checked theorem: Nonadditivity.RegularFubini.uncurry_apply
Checked theorem: Nonadditivity.HaarPathClasses.prefixSamePattern_firstVisit_iff._proof_1_1
Checked theorem: Nonadditivity.RegularFactorization.column.eq_1
Checked theorem: Nonadditivity.CollinsYounOne.freeConstant_one
Checked theorem: _private.Nonadditivity.GapFractionAsymptotics.0.Nonadditivity.Scalar.log_remainder_bounds._simp_1_2
Checked theorem: Nonadditivity.HaarPathGraph.Path.vertices.eq_1
Checked theorem: Nonadditivity.RegularRestriction.coset_energy
Checked theorem: Nonadditivity.HaarInvariantTensor.continuous_mixed
Checked theorem: Nonadditivity.TensorPartitionReduction.reduce_error_transfer._simp_1_11
Checked theorem: Nonadditivity.HaarOperatorPathBridge.normalized_pathWeight_smul_norm_le._proof_1_1
Checked theorem: _private.Nonadditivity.HaarBranchTimeSum.0.Nonadditivity.HaarNonbacktracking.BranchPlan.blocks.match_1.eq_5
Checked theorem: Nonadditivity.ProductPolynomialReduction.reduce_error_transfer
Checked theorem: Nonadditivity.WeightedMatrixInverse.weighted_inverse_sum_le._simp_1_1
Checked theorem: Nonadditivity.Channels.KrausChannel.randomUnitary._proof_1
Checked theorem: Nonadditivity.HaarPathClasses.classPatternCode_injective
Checked theorem: Nonadditivity.FiniteFreeModel.generatorPerm.eq_1
Checked theorem: Nonadditivity.ProductHaagerupProduct.ballWord_mk_injective
Checked theorem: Nonadditivity.CollinsYounTensor.length_two_decomposition
Checked theorem: Nonadditivity.HaarPathClasses.normalized_fresh_run._proof_1_4
Checked theorem: Nonadditivity.HaarNonbacktracking.removeConstant_add_constant
Checked theorem: Nonadditivity.HaarMomentConstants.alpha_bounds
Checked theorem: Nonadditivity.HaarOperatorPathBridge.pathOperatorSum._proof_2
Checked theorem: Nonadditivity.NoncommutativeCS.extractState._proof_1
Checked theorem: Nonadditivity.Operational.BlockRates.coveredFraction_tendsto_one
Checked theorem: Nonadditivity.HaarPathClasses.SamePattern.importantTimes_eq
Checked theorem: Nonadditivity.RegularFactorization.exists_factorization
Checked theorem: Nonadditivity.QuantumCoding.tensorFamilyBandProjector_le_one
Checked theorem: Nonadditivity.HaarHybridMoments.continuous_term
Checked theorem: Nonadditivity.PrescribedCost.log_pow_div_sqrt_tendsto_zero._simp_1_1
Checked theorem: Nonadditivity.StructuredHaarConsequences.exists_explicit_finite_channel._simp_1_3
Checked theorem: Nonadditivity.QuantumCodingContinuity.negativeJordanState._proof_1
Checked theorem: Nonadditivity.Quantitative.coefficient_cost_absorption
Checked theorem: Nonadditivity.HaarInvariantTensor.power_conjTranspose
Checked theorem: Nonadditivity.ExactQualitative.exists_actual_channel_gap
Checked theorem: Nonadditivity.QuantumCodingConditionalTypicality.conditionalInformation.eq_1
Checked theorem: Nonadditivity.HaarWordExpansion.integral_moment_error_by_length._simp_1_1
Checked theorem: Nonadditivity.HaarPathClasses.SamePattern.refl
Checked theorem: Nonadditivity.HaarPermutationSupport.SupportSize.congr_simp
Checked theorem: Nonadditivity.HaarProfileCoefficient.word_ne_one
Checked theorem: Nonadditivity.CollinsYounProduct.constant_normalization._proof_1_1
Checked theorem: _private.Nonadditivity.FreeEmbedding.0.Nonadditivity.FreeEmbedding.Covering.child_pair_injective._proof_1_4
Checked theorem: Nonadditivity.GeneralBell.exists_weight_eq_norm
Checked theorem: Nonadditivity.Channels.KrausChannel.covariantExtension_entropy_lower
Checked theorem: Nonadditivity.FiniteRealization.norm_matrixToEntries_eq_hsLength._simp_1_1
Checked theorem: Nonadditivity.MatrixShortEmbedding.logarithmicEmbedding_matrixPolynomial_norm_eq
Checked theorem: Nonadditivity.GaussianRectangular.quadraticOperator_sample_identity
Checked theorem: Nonadditivity.TensorPartitionReduction.partWord_eq_codedWord
Checked theorem: Nonadditivity.TensorPartitionReduction.reduce_error_transfer
Checked theorem: Nonadditivity.HaarIteratedMoments.finiteEval_transport_sample_norm
Checked theorem: Nonadditivity.SpectralDamping.damping_sandwich_norm_le
Checked theorem: Nonadditivity.WordBallReduction.dimensionCost.eq_1
Checked theorem: Nonadditivity.HaarPathMultiplicity.twice_edges_le_length_add_singletons._proof_1_1
Checked theorem: Nonadditivity.HaarPathGraph.Path.vertexAt_eq._proof_1
Checked theorem: Nonadditivity.StructuredHaarModel.localRepresentation.eq_1
Checked theorem: _private.Nonadditivity.HaarBranchContractions.0.Nonadditivity.HaarNonbacktracking.BranchPlan.realize.match_1.eq_4
Checked theorem: Nonadditivity.NoncommutativeCS.AssignmentProgram.closeReg.injEq
Checked theorem: Nonadditivity.HaarNonbacktracking.BranchPlan.timeSum_norm_le
Checked theorem: Nonadditivity.eventually_exists_norm_certificate_of_norm_convergence
Checked theorem: Nonadditivity.HaarMatchingSharp.fiberToLabel._proof_1
Checked theorem: Nonadditivity.NoncommutativeCS.EndpointSkeleton.singletonWeight_nonneg
Checked theorem: Nonadditivity.Entropy.DensityMatrix.weights_nonneg
Checked theorem: _private.Nonadditivity.HaarBranchContractions.0.Nonadditivity.HaarNonbacktracking.BranchPlan.order.match_1.eq_5
Checked theorem: Nonadditivity.HaarPathClasses.normalized_old_tree_colors._proof_1_3
Checked theorem: Nonadditivity.RegularFubini.curry_norm
Checked theorem: Nonadditivity.HaarTensorConstants.sum_stage_free
Checked theorem: Nonadditivity.HaarWordExpansion.regularCoefficientHom._proof_2
Checked theorem: Nonadditivity.UniversalFactorization.rectLift.congr_simp
Checked theorem: Nonadditivity.HaarWeingartenCycles.norm_gram_sq_mul_support_le
Checked theorem: Nonadditivity.TensorPartitionReduction.errorCost.eq_2
Checked theorem: Nonadditivity.RegularFactorization.liftFunction._proof_1
Checked theorem: Nonadditivity.WordBallReduction.bound_of_mem_wordBall._simp_1_3
Checked theorem: Nonadditivity.WordBallReduction.stage_error_transfer._simp_1_8
Checked theorem: Nonadditivity.PrescribedCost.inputQubits_pos_eventually
Checked theorem: Nonadditivity.HaarPathGraph.Path.next_dart_unique
Checked theorem: Nonadditivity.HaarWeingartenCounting.fixed_decompose_iff
Checked theorem: Nonadditivity.GaussianCertificates.exists_isometry_and_observable_tests._proof_1_1
Checked theorem: Nonadditivity.HaarPermutationSupport.distance_eq_support._simp_1_2
Checked theorem: Nonadditivity.WeightedMatrixInverse.weighted_inverse_sum_le_two
Checked theorem: Nonadditivity.HaarNonbacktracking.coefficient_factorization_segments
Checked theorem: Nonadditivity.NoncommutativeCS.AssignmentProgram.done.sizeOf_spec
Checked theorem: Nonadditivity.StructuredCostBounds.tensor_sum_log_coarse._proof_1_1
Checked theorem: Nonadditivity.Operational.POVM.labelBlock_trace
Checked theorem: Nonadditivity.FiniteSetFactorization.polarInsertion.eq_1
Checked theorem: Nonadditivity.OneBlockRealization.exists_arbitrarily_large_regularized_ratio
Checked theorem: Nonadditivity.HaarPathClasses.normalizedPrefixEq_extend
Checked theorem: Nonadditivity.HaarPathGraph.Path.discoveryGraph_new_isolated
Checked theorem: Nonadditivity.QuantumCodingConditionalTypicality.wordPairEquiv._proof_1
Checked theorem: Nonadditivity.FreeEmbedding.y.eq_1
Checked theorem: Nonadditivity.Weyl.subset_orbitClosure
Checked theorem: Nonadditivity.HaarNonbacktracking.last_visit_polynomial_decomposition
Checked theorem: Nonadditivity.CollinsYounOne.freeNorm_one_eq
Checked theorem: Nonadditivity.StructuredCostBounds.geometric_sum_le._simp_1_3
Checked theorem: Nonadditivity.Quantitative.dimension_error_contribution._simp_1_2
Checked theorem: Nonadditivity.Operational.blockedIndex.eq_def
Checked theorem: Nonadditivity.HaarPathClasses.normalized_old_tree_colors._proof_1_8
Checked theorem: Nonadditivity.HaarInvariantTensor.mixed_average_sq
Checked theorem: Nonadditivity.HaarPathClasses.treeStopIndex._proof_1
Checked theorem: Nonadditivity.NoncommutativeCS.AssignmentProgram.assignmentSum.eq_1
Checked theorem: Nonadditivity.HaarNonbacktracking.coefficient.congr_simp
Checked theorem: Nonadditivity.QuantumCoding.ProjectiveTest.decoder_probability_ge
Checked theorem: Nonadditivity.WeightedPositivity.weightedBlock_product_output_ne_maximallyMixed
Checked theorem: Nonadditivity.NoncommutativeCS.EndpointSkeleton.coversLabels_of_profileLabels
Checked theorem: Nonadditivity.HaarMixedWordExpansion.identitySlice_zero
Checked theorem: Nonadditivity.Operational.CodeSequence.unblock_hasRate
Checked theorem: Nonadditivity.HaarVacuumFunctional.vacuumFunctional.eq_1
Checked theorem: Nonadditivity.HaarPathGraph.Path.old_tree_segment_reconstruction._proof_1_4
Checked theorem: _private.Nonadditivity.FreeEmbedding.0.Nonadditivity.FreeEmbedding.shift_of
Checked theorem: Nonadditivity.HaarNonbacktracking.IsStationary.sub
Checked theorem: Nonadditivity.QuantumCoding.globalTypicalTest.eq_1
Checked theorem: Nonadditivity.NetPolynomialSupport.collected_regular_eq
Checked theorem: Nonadditivity.FiniteSetFactorization.factorCoefficient._proof_3
Checked theorem: Nonadditivity.Entropy.shannon.eq_1
Checked theorem: Nonadditivity.Channels.selector_complete
Checked theorem: Nonadditivity.StructuredCostBounds.tensor_sum_log_coarse
Checked theorem: Nonadditivity.NoncommutativeCS.EndpointTrace.compile.eq_2
Checked theorem: Nonadditivity.HaarPathGraph.Path.labelEdges_disjoint
Checked theorem: Nonadditivity.CollinsYounTensor.double_annihilation_sum_norm_le
Checked theorem: Nonadditivity.Channels.KrausChannel.randomUnitary._simp_1
Checked theorem: Nonadditivity.HaarPathClasses.incidenceIndex_le_of_before._proof_1_3
Checked theorem: Nonadditivity.freeNormConstant_pos
Checked theorem: Nonadditivity.NoncommutativeCS.EndpointSkeleton.length_occurrenceBlocks
Checked theorem: Nonadditivity.HaarColumnMoments.sum_mixed._simp_1_1
Checked theorem: Nonadditivity.HaarIteratedMoments.recursiveRepresentation.eq_1
Checked theorem: Nonadditivity.TensorPartitionReduction.reduce_support
Checked theorem: _private.Nonadditivity.WeightedBell.0.Nonadditivity.WeightedBellScalar.weights.match_1.eq_1
Checked theorem: Nonadditivity.Quantitative.moment_parameter_eq_original
Checked theorem: Nonadditivity.ActualConsequences.FiniteQuantumChannel.ofKraus_chi
Checked theorem: Nonadditivity.NetPolynomial.regularPolynomial_norm_le
Checked theorem: Nonadditivity.Weyl.uniform_average_eq_family_sum
Checked theorem: Nonadditivity.ActualConsequences.FiniteQuantumChannel.ofKraus_chiTwo
Checked theorem: Nonadditivity.FiniteSetFactorization.factorCoefficient._proof_6
Checked theorem: Nonadditivity.QuantumCoding.unitaryDiagonal_trace
Checked theorem: Nonadditivity.RegularShiftedDilation.grading._proof_14
Checked theorem: Nonadditivity.QuantumCoding.exists_projective_packing
Checked theorem: Nonadditivity.ProductMomentBridge.functionGroupHom._proof_5
Checked theorem: Nonadditivity.HaarPathGraph.Path.ChainColoring.color_eq_of_source_core._proof_1_1
Checked theorem: Nonadditivity.FiniteFreeModel.productModel_eq_one_iff
Checked theorem: Nonadditivity.HaarInvariantTensor.entryList.eq_1
Checked theorem: Nonadditivity.FiniteSetFactorization.polarInsertion._proof_3
Checked theorem: Nonadditivity.HaarMomentTail.upper_tail_tendsto_zero_of_trace_moments
Checked theorem: Nonadditivity.HaarPrescribedDimension.prescribedFamily_ratio_liminf_manuscript._proof_1_2
Checked theorem: Nonadditivity.DampedBellStability.vectorize.eq_1
Checked theorem: Nonadditivity.HaarPathGraph.Path.twice_card_unorientedChains_le_defect._proof_1_1
Checked theorem: Nonadditivity.HaarPaletteDecoder.orientedPalette_chainEmbed
Checked theorem: Nonadditivity.StructuredReductionCosts.initial_factor_le._proof_1_1
Checked theorem: Nonadditivity.HaarInvariantCommutant.commute_hermitian_of_unitary
Checked theorem: Nonadditivity.Asymptotics.exists_large_gap_and_ratio
Checked theorem: Nonadditivity.RegularCoefficientEnergy.reindexFunction.eq_1
Checked theorem: Nonadditivity.HaarConsequences.exists_separating_family
Checked theorem: Nonadditivity.UniversalFactorization.evaluate_add
Checked theorem: Nonadditivity.Entropy.DensityMatrix.purity_eq_inv_dim_add_centered._simp_1_3
Checked theorem: Nonadditivity.NoncommutativeCS.EndpointSkeleton.word_prependMiddle
Checked theorem: Nonadditivity.NoncommutativeCS.EndpointSkeleton.decorate.eq_1
Checked theorem: Nonadditivity.HaarWordExpansion.regularCoefficientHom._proof_1
Checked theorem: Nonadditivity.HaarPathGraph.Path.coreChainProfile.eq_1
Checked theorem: Nonadditivity.QuantumCodingTypicality.expectation_wordSum._simp_1_3
Checked theorem: _private.Nonadditivity.FreeEmbedding.0.Nonadditivity.FreeEmbedding.leftRegular.eq_1
Checked theorem: Nonadditivity.HaarPathGraph.Path.old_tree_edge_in_prefix._proof_1_1
Checked theorem: Nonadditivity.HaarPathGraph.Path.dart_eq_traversal_or_reverse
Checked theorem: Nonadditivity.Entropy.bellWeights_shannon._simp_1_12
Checked theorem: Nonadditivity.HaarPathWeights.rowCount_positive_pathEntries
Checked theorem: Nonadditivity.HaarPathClasses.RefinedPattern.integral_pathProduct_eq
Checked theorem: Nonadditivity.Weyl.uniform_average_eq._simp_1_7
Checked theorem: Nonadditivity.Qualitative.constructed_output_dimension
Checked theorem: Nonadditivity.NoncommutativeCS.Contraction.comp.inj
Checked theorem: Nonadditivity.WeightedParameters.exists_small_perturbation._proof_1_1
Checked theorem: Nonadditivity.HaarSharpPathWeight.normalized_pathWeight_smul_norm_le
Checked theorem: Nonadditivity.Channels.KrausChannel.holevo_reindex
Checked theorem: Nonadditivity.HaarPathClasses.SamePattern.dartPerm.congr_simp
Checked theorem: Nonadditivity.HaarPathClasses.nextImportant_eq_of_eventList_eq
Checked theorem: Nonadditivity.NoncommutativeCS.swap._proof_11
Checked theorem: Nonadditivity.FiniteSetFactorization.selector.eq_1
Checked theorem: Nonadditivity.GaussianNormalization.rawAdjoint.congr_simp
Checked theorem: Nonadditivity.HaarPathGraph.Path.discoveryGraph_isAcyclic
Checked theorem: Nonadditivity.NetPolynomial.scalarPolynomial.eq_1
Checked theorem: Nonadditivity.Channels.KrausChannel.covariantExtension_kraus_apply
Checked theorem: _private.Nonadditivity.NoncommutativeCSEndpointTrace.0.Nonadditivity.NoncommutativeCS.EndpointTrace.compile.match_1.eq_5
Checked theorem: Nonadditivity.RegularRestriction.extendZero_regularPolynomial
Checked theorem: Nonadditivity.ProductMomentBridge.power_coefficient_energy_le_trace
Checked theorem: Nonadditivity.ProductMomentBridge.functionGroupHom._proof_1
Checked theorem: Nonadditivity.RegularRestriction.regularPolynomial.eq_1
Checked theorem: _private.Nonadditivity.HaarSkeletonSegmentation.0.Nonadditivity.HaarSkeletonSegmentation.reverseFactors.match_1.eq_1
Checked theorem: Nonadditivity.QuantumCoding.expMessages_rate_lower._simp_1_6
Checked theorem: Nonadditivity.HaarMomentConstants.encodingMajorant_le
Checked theorem: Nonadditivity.QuantitativeNet.exists_symmetric_unitSphereNet_with_test._simp_1_2
Checked theorem: Nonadditivity.Dimensions.log_matrixDimension_error
Checked theorem: Nonadditivity.QuantumCoding.ProjectiveTest.decoder._proof_2
Checked theorem: Nonadditivity.HaarWordPhase.negativeCount.congr_simp
Checked theorem: Nonadditivity.DampedBellStability.pure_map_energy
Checked theorem: Nonadditivity.HaarPathGraph.Path.coreChainProfile_reverse_eq_of_profile_eq
Checked theorem: Nonadditivity.NetPolynomial.embed_norm
Checked theorem: Nonadditivity.FreeBridge.chainTupleEquiv._proof_2
Checked theorem: Nonadditivity.GaussianChannelBounds.converted_bounds._simp_1_3
Checked theorem: Nonadditivity.Linearization.backward_error_chain._proof_1_3
Checked theorem: Nonadditivity.HaarPathClasses.normalizedPrefixEq_fresh_interval
Checked theorem: Nonadditivity.HaarProfileCompositionBound.times_eq_ofFn._proof_1_2
Checked theorem: Nonadditivity.HaarPathInvolution.pairs_pairwiseDisjoint
Checked theorem: Nonadditivity.NoncommutativeCS.crossing_sum_norm_le
Checked theorem: Nonadditivity.HaarNonbacktracking.stationary_coefficient_row_norm_le
Checked theorem: Nonadditivity.QuantumCoding.tensorWeights_sum
Checked theorem: Nonadditivity.BellOutput.pairedChannel_kraus
Checked theorem: Nonadditivity.Operational.POVM.dilate_entropy._simp_1_1
Checked theorem: Nonadditivity.GaussianNetRealization.channel_certificate_of_tests
Checked theorem: Nonadditivity.PrescribedTest.freeNorm_test_eq_sqrt._proof_1_1
Checked theorem: Nonadditivity.HaarMarkedCompositions.count_blocks
Checked theorem: Nonadditivity.InitialNetReduction.regularColumn._proof_1
Checked theorem: Nonadditivity.NoncommutativeCS.Contraction.operator.eq_4
Checked theorem: Nonadditivity.HaarCoefficientBounds.regular_column_norm_le
Checked theorem: Nonadditivity.HaarPrescribedDimension.onePairTraceBound
Checked theorem: Nonadditivity.HaarMomentConstants.refinedClassWeightMajorant_nonneg
Checked theorem: Nonadditivity.NoncommutativeCS.Contraction.comp.sizeOf_spec
Checked theorem: Nonadditivity.HaarPathWeights.norm_signedProduct_integral_le
Checked theorem: Nonadditivity.HaarSharpPathWeight.normalized_pathWeight_smul_norm_le._proof_1_2
Checked theorem: Nonadditivity.Channels.KrausChannel.controlled_tensor_map
Checked theorem: Nonadditivity.NoncommutativeCS.EndpointSkeleton.singletonLength.eq_2
Checked theorem: Nonadditivity.HaarPathLocalPhase.counts_eq_of_integral_ne_zero
Checked theorem: Nonadditivity.ProductHaagerupProduct.canonicalBallWord._proof_3
Checked theorem: Nonadditivity.StructuredHaarConsequences.explicit_input_dimension
Checked theorem: Nonadditivity.HaarMomentConstants.entry_prefactor_bound
Checked theorem: Nonadditivity.HaarMatchingCount.two_le_count_ofFn._simp_1_2
Checked theorem: Nonadditivity.Operational.Code.padTo.congr_simp
Checked theorem: Nonadditivity.Channels.KrausChannel.unitaryChannel_map
Checked theorem: Nonadditivity.HaarPathClasses.normalized_old_tree_colors._proof_1_6
Checked theorem: _private.Nonadditivity.NoncommutativeCSAssignmentProducts.0.Nonadditivity.NoncommutativeCS.AssignmentProgram.finalState.match_1.eq_3
Checked theorem: Nonadditivity.ActualConsequences.actual_regularizedRatio_tendsto_atTop
Checked theorem: Nonadditivity.HaarMixedMoments.multiplicity.eq_1
Checked theorem: Nonadditivity.ObservableDimension.observableEquivTraceKernel._proof_11
Checked theorem: Nonadditivity.GaussianConsequences.exists_small_chi_large_ratio
Checked theorem: Nonadditivity.HaarPathRuns.endpointFlags.eq_1
Checked theorem: Nonadditivity.HaarOperatorPathBridge.pathOperatorSum_eq_refinedSum
Checked theorem: Nonadditivity.NoncommutativeCS.AssignmentProgram.coefficient._proof_2
Checked theorem: Nonadditivity.HaarWordPhase.scalarPhase._proof_1
Checked theorem: Nonadditivity.HaarWeingartenInverse.inverse_entry_bound
Checked theorem: Nonadditivity.HaarNonbacktracking.IsStationary.killed
Checked theorem: Nonadditivity.DampedChannel.replacementKraus_complete
Checked theorem: Nonadditivity.QuantumCodingContinuity.traceDistance_le_one
Checked theorem: Nonadditivity.HaarMomentConstants.refinedClassCountMajorant_nonneg
Checked theorem: Nonadditivity.MatrixNormReindex.reindexStarAlgEquiv._proof_4
Checked theorem: Nonadditivity.HaarProfilePermutations.exists_perm_labels_fix._simp_1_1
Checked theorem: Nonadditivity.HaarPathGraph.Path.ChainColoring.color_reverse
Checked theorem: Nonadditivity.UniversalFactorization.term_adjoint
Checked theorem: Nonadditivity.TensorPartitionReduction.mem_stageSupport_iff._simp_1_5
Checked theorem: Nonadditivity.WeylPowers.positiveTensorPower_weylExtension_holevoBits
Checked theorem: Nonadditivity.HaarPathGraph.Path.highMultiplicityOccurrences_le_twice_defect._proof_1_1
Checked theorem: Nonadditivity.HaarPathClasses.card_explorationEvent
Checked theorem: Nonadditivity.CollinsYounTensor.creation_inner_zero
Checked theorem: Nonadditivity.HaarWordPhase.integral_normalizedWordTrace_eq_zero_of_odd._proof_1_3
Checked theorem: Nonadditivity.HaarModel.sampleUnitary.eq_1
Checked theorem: Nonadditivity.WeylTensor.twirl_sum_eq._simp_1_2
Checked theorem: Nonadditivity.UniversalFactorization.term.eq_1
Checked theorem: Nonadditivity.NetPolynomial.exists_net_polynomial._simp_1_2
Checked theorem: Nonadditivity.QuantumCoding.expMessages_rate_lower._simp_1_4
Checked theorem: Nonadditivity.HaarPathGraph.Path.card_coreDarts_eq_twice_budget._proof_1_1
Checked theorem: Nonadditivity.HaarMatchingCount.marked_card_le_three_excess
Checked theorem: Nonadditivity.TensorPartitionReduction.dimensionCost.congr_simp
Checked theorem: Nonadditivity.PrescribedTest.unnormalized_polynomial
Checked theorem: Nonadditivity.HaarTimeCompositions.mem_compositions_iff._proof_1_8
Checked theorem: Nonadditivity.ShiftNorm.norm_shift_add_inverse
Checked theorem: Nonadditivity.HaarColumnMoments.entryPolynomial_coeff_two._proof_1_2
Checked theorem: Nonadditivity.StructuredCostBounds.step_bounds
Checked theorem: Nonadditivity.GaussianRectangular.quadraticOperator_trace._simp_1_7
Checked theorem: Nonadditivity.QuantumCoding.exists_packed_codebook
Checked theorem: Nonadditivity.TensorPartitionReduction.dimensionCost_prod
Checked theorem: Nonadditivity.TensorPartitionReduction.mem_stageSupport_iff._simp_1_3
Checked theorem: Nonadditivity.Entropy.maximallyMixed_purity._simp_1_4
Checked theorem: Nonadditivity.HaarPrescribedDimension.onePairLengthBounds._proof_1_1
Checked theorem: Nonadditivity.PrescribedCost.threshold_le_blockLength_eventually
Checked theorem: Nonadditivity.HaarTensorReplacement.regularEval_unique_norm
Checked theorem: Nonadditivity.QuantumCoding.conditionalTypicalTest.eq_1
Checked theorem: Nonadditivity.QuantumCodingContinuity.eigenvalue_abs_sum_le_of_mixture
Checked theorem: Nonadditivity.FiniteRegularMatrix.regularUnitaryHom._simp_1
Checked theorem: Nonadditivity.BellOutput.bellState.congr_simp
Checked theorem: Nonadditivity.HaarTensorReplacement.adjointPolynomial_single
Checked theorem: Nonadditivity.Channels.KrausChannel.controlled_tensor_output_labelled
Checked theorem: Nonadditivity.HaarProfileAssignmentBound.embedAssignment.congr_simp
Checked theorem: Nonadditivity.HaarPrescribedDimension.prescribedFamily_regularizedGain_tendsto_atTop._proof_1_1
Checked theorem: Nonadditivity.HaarWordPhase.integral_normalizedWordTrace_eq_zero_of_unbalanced._proof_1_3
Checked theorem: Nonadditivity.HaarPathGraph.Path.two_le_visitCount_of_balanced
Checked theorem: Nonadditivity.BellOutput.pairedChannel.congr_simp
Checked theorem: Nonadditivity.Operational.Code.error_le_one
Checked theorem: _private.Nonadditivity.NoncommutativeCSMemory.0.Nonadditivity.NoncommutativeCS.Contraction.operator.match_1.eq_2
Checked theorem: Nonadditivity.HaarPathClasses.SamePattern.firstTimes_eq._simp_1_1
Checked theorem: Nonadditivity.RegularizedHolevo.positiveTensorIndexDecidableEq.eq_1
Checked theorem: Nonadditivity.Channels.KrausChannel.tensor_map
Checked theorem: Nonadditivity.HaarPathGraph.Path.coreProfileWord._proof_3
Checked theorem: Nonadditivity.HaarPathClasses.RefinedPattern.trans
Checked theorem: Nonadditivity.InitialNetReduction.finitePaired_swap
Checked theorem: Nonadditivity.BlockScalars.log_output_dimension
Checked theorem: Nonadditivity.CollinsYoun.double_creation_sum_norm_le
Checked theorem: Nonadditivity.NoncommutativeCS.openRegister_norm_le
Checked theorem: Nonadditivity.HaarIteratedMoments.tensorTupleEquiv.eq_def
Checked theorem: Nonadditivity.Channels.selector_mul_adjoint
Checked theorem: _private.Nonadditivity.NoncommutativeCSAssignments.0.Nonadditivity.NoncommutativeCS.AssignmentProgram.compile.match_1.eq_3
Checked theorem: Nonadditivity.HaarColumnMoments.averagePolynomial_eval._simp_1_2
Checked theorem: Nonadditivity.HaarPathGraph.Path.traversal_mem._simp_1_3
Checked theorem: Nonadditivity.RegularRestriction.gammaInfinite_norm_eq
Checked theorem: Nonadditivity.HaarInvariantTensor.prod_delta
Checked theorem: Nonadditivity.HaarMixedWordExpansion.vacuumTrace_identitySlice
Checked theorem: Nonadditivity.WeightedBellScalar.perturbedWeights_close._simp_1_1
Checked theorem: Nonadditivity.NoncommutativeCS.AssignmentProgram.kernel_compile_middle
Checked theorem: Nonadditivity.HaarPathClasses.color_incidenceDart
Checked theorem: Nonadditivity.HaarWeingartenInverse.weingarten_weighted_sum_le
Checked theorem: Nonadditivity.PositiveHolevo.block_converted_holevoBits_lower
Checked theorem: Nonadditivity.PolynomialReduction.Polynomial.step_finiteEval
Checked theorem: Nonadditivity.StructuredHaarModel.tensorRepresentation._proof_1
Checked theorem: Nonadditivity.InitialNetReduction.coefficient._proof_5
Checked theorem: Nonadditivity.HaarColumnMoments.continuous_entryPolynomial_coeff
Checked theorem: Nonadditivity.PolynomialReduction.Polynomial.dimensionCost.congr_simp
Checked theorem: Nonadditivity.HaarInvariantTensor.gram_apply_card._simp_1_1
Checked theorem: Nonadditivity.Operational.POVM.labelProjection.congr_simp
Checked theorem: Nonadditivity.QuantumCoding.tensorFamilyWeights_nonneg
Checked theorem: Nonadditivity.Entropy.pairChainEquiv._proof_5
Checked theorem: Nonadditivity.OperationalFlaggedEntropy.basisVector.eq_1
Checked theorem: Nonadditivity.HaarPathClasses.sum_paths_eq_sum_refined
Checked theorem: Nonadditivity.HaarMomentTail.measure_norm_ge_le_normalized_trace_moment._simp_1_4
Checked theorem: Nonadditivity.HaarPathRuns.count_true_eq_sum
Checked theorem: Nonadditivity.Operational.blockedEquiv_kraus
Checked theorem: Nonadditivity.NoncommutativeCS.Contraction.pathSum.eq_2
Checked theorem: Nonadditivity.HaarPathRuns.blockCount.eq_1
Checked theorem: Nonadditivity.SmallEnvironment.exists_output_entropy_lt._proof_1_2
Checked theorem: _private.Nonadditivity.NoncommutativeCSAssignments.0.Nonadditivity.NoncommutativeCS.AssignmentProgram.compile.match_1.eq_4
Checked theorem: Nonadditivity.Quantitative.final_coefficient_size
Checked theorem: Nonadditivity.WeightedBell.pairedChannel_bell_matrix._simp_1_2
Checked theorem: Nonadditivity.ProductHaagerupProduct.finite_polynomial_norm_sq_le
Checked theorem: Nonadditivity.QuantumCoding.Projection.overlap_identity
Checked theorem: _private.Nonadditivity.HaarMarkedCompositions.0.Nonadditivity.HaarMarkedCompositions.blocks.match_1.eq_2
Checked theorem: Nonadditivity.EntropyMixtures.ensembleAmplitude._proof_1
Checked theorem: Nonadditivity.HaarPathGraph.Path.paletteWord_reversal._proof_1_1
Checked theorem: _private.Nonadditivity.HaarSkeletonSegmentation.0.Nonadditivity.HaarSkeletonSegmentation.reverseFactors.match_1.eq_2
Checked theorem: Nonadditivity.HaarWordExpansion.wordHom.eq_1
Checked theorem: Nonadditivity.PolynomialReduction.Polynomial.errorCost_pos
Checked theorem: Nonadditivity.Asymptotics.regrouping_gap_div_tendsto_zero._simp_1_3
Checked theorem: Nonadditivity.StructuredCostBounds.clog_le_log
Checked theorem: Nonadditivity.GeneralBell.paired_bell_entropy_le
Checked theorem: Nonadditivity.BlockBell.tensorChain_paired_kraus
Checked theorem: Nonadditivity.StructuredHaarModel.derivedUnitary.congr_simp
Checked theorem: Nonadditivity.ActualConsequences.FiniteQuantumChannel.chi_nonneg
Checked theorem: Nonadditivity.GaussianConsequences.exists_channel_bounds._proof_1_1
Checked theorem: Nonadditivity.NetPolynomial.permutationFunction._proof_2
Checked theorem: Nonadditivity.Entropy.bipartiteLeft._proof_1
Checked theorem: Nonadditivity.PolynomialReduction.Polynomial.halve_degree
Checked theorem: Nonadditivity.FiniteSetFactorization.evaluate_smul
Checked theorem: Nonadditivity.HaarNonbacktracking.last_return_coefficient._proof_1_1
Checked theorem: Nonadditivity.HaarMomentTail.norm_pow_le_trace_even
Checked theorem: Nonadditivity.CollinsYounTensor.lift_creation_adjoint_commute
Checked theorem: Nonadditivity.MatrixRegularRestriction.leftRegular._proof_1
Checked theorem: Nonadditivity.HaarPathGraph.Path.firstTimes_terminal_image._proof_1_4
Checked theorem: Nonadditivity.QuantumCoding.actualProduct.congr_simp
Checked theorem: Nonadditivity.FiniteSetFactorization.polarInsertion_posSemidef
Checked theorem: Nonadditivity.HaarPathClasses.samePattern_of_eventList_eq._proof_1_6
Checked theorem: Nonadditivity.HaarIteratedMoments.iteratedExpectation_prescribed_le._proof_1_1
Checked theorem: Nonadditivity.NoncommutativeCS.EndpointSkeleton.singletonLabels.eq_1
Checked theorem: Nonadditivity.Dimensions.input_size_remainder_tendsto
Checked theorem: Nonadditivity.ProductPolynomialReduction.degree_generator
Checked theorem: Nonadditivity.BellOutput.pairState.eq_1
Checked theorem: Nonadditivity.HaarTensorReplacement.partial_commute
Checked theorem: Nonadditivity.PrescribedCost.inputLogScale_pos
Checked theorem: Nonadditivity.ProductPolynomialReduction.dilate_degree
Checked theorem: Nonadditivity.HaarPathClasses.SamePattern.firstTimes_eq
Checked theorem: Nonadditivity.HaarPathGraph.source_reverse_dart
Checked theorem: Nonadditivity.Quantitative.explicit_haar_error_bound._proof_1_1
Checked theorem: Nonadditivity.HaarTensorConstants.replacementMultiplier_le
Checked theorem: Nonadditivity.HaarNonbacktracking.BranchPlan.realize.eq_def
Checked theorem: Nonadditivity.FiniteFreeModel.encode._proof_2
Checked theorem: Nonadditivity.QuantumCodingTypicality.wordConsEquiv._proof_3
Checked theorem: Nonadditivity.ActualConsequences.FiniteQuantumChannel.normalizedPowerHolevo_tendsto_classicalCapacity
Checked theorem: Nonadditivity.HaarNonbacktracking.BranchPlan.realize.congr_simp
Checked theorem: Nonadditivity.HaarProfileCompositionBound.times_durationOf
Checked theorem: Nonadditivity.StructuredCostBounds.dyadicCeil_le
Checked theorem: Nonadditivity.FiniteBlockModel.tensorRepresentation._proof_4
Checked theorem: Nonadditivity.HaarNonbacktracking.toWord_prod_of_reduced
Checked theorem: Nonadditivity.Entropy.shannon_lt_log_card_of_not_uniform._simp_1_6
Checked theorem: Nonadditivity.GaussianRectangular.samplingScale._proof_1
Checked theorem: Nonadditivity.QuantumCoding.matrix_trajectory
Checked theorem: Nonadditivity.Channels.KrausChannel.output._proof_1
Checked theorem: Nonadditivity.HaarIteratedMoments.iteratedExpectation_prescribed_le
Checked theorem: Nonadditivity.HaarHybridMoments.termLinear._proof_4
Checked theorem: Nonadditivity.Linearization.card_followingLetter
Checked theorem: Nonadditivity.MatrixRegularRestriction.extendZero.congr_simp
Checked theorem: Nonadditivity.ProductHaagerupReindex.groupEquiv._proof_6
Checked theorem: Nonadditivity.GaussianRectangular.pullbackMatrix.eq_1
Checked theorem: Nonadditivity.CollinsYounTensor.mask_apply
Checked theorem: Nonadditivity.HaarPathColorRelabel.exists_color_source_perms
Checked theorem: Nonadditivity.Channels.KrausChannel.tensorChain_output
Checked theorem: Nonadditivity.HaarPathClasses.card_defectClass_le
Checked theorem: Nonadditivity.Entropy.shannon_le_log_card._simp_1_2
Checked theorem: Nonadditivity.HaarNonbacktracking.BranchPlan.timeSum_norm_le_of_markers
Checked theorem: _private.Nonadditivity.FreeEmbedding.0.Nonadditivity.FreeEmbedding.Covering.child_injective._proof_1_2
Checked theorem: Nonadditivity.UniversalShiftedDilation.grading_apply_snd
Checked theorem: Nonadditivity.Entropy.DensityMatrix.tensor._proof_2
Checked theorem: Nonadditivity.NetPolynomial.regularPolynomial_adjoint
Checked theorem: Nonadditivity.HaarRefinedVertexFibre.reconstruct_refined
Checked theorem: Nonadditivity.HaarPathClasses.sparseExplorationCode_weight
Checked theorem: Nonadditivity.Operational.uniformInformation_flags
Checked theorem: Nonadditivity.Operational.CodeSequence.unblock.eq_1
Checked theorem: Nonadditivity.StructuredCostBounds.tensorSteps.eq_1
Checked theorem: Nonadditivity.HaarPathGraph.Path.oldTreeSegment_reduced._proof_1_7
Checked theorem: Nonadditivity.NoncommutativeCS.EndpointSkeleton.decorate.eq_2
Checked theorem: Nonadditivity.HaarPathGraph.walkOfSteps.congr_simp
Checked theorem: Nonadditivity.HaarPrescribedDimension.exists_prescribed_channel_with_lower_bound._simp_1_8
Checked theorem: Nonadditivity.HaarPathProfiles.Profile.ext_iff
Checked theorem: Nonadditivity.HaarPathGraph.Path.coreChainEncode._proof_2
Checked theorem: Nonadditivity.RegularCoefficientEnergy.reindexIsometry._proof_2
Checked theorem: Nonadditivity.GaussianNetRealization.quadratic._proof_2
Checked theorem: Nonadditivity.NetPolynomial.finitePolynomial_eq_blockDiagonal
Checked theorem: Nonadditivity.UpperHaarRealization.exists_one_block_ratio._proof_1_1
Checked theorem: Nonadditivity.RegularizedHolevo.positiveTensorSplit.eq_1
Checked theorem: Nonadditivity.QuantumCodingTypicality.typicalSet.eq_1
Checked theorem: Nonadditivity.RegularFubini.curry_polynomial
Checked theorem: Nonadditivity.Operational.POVM.probability_reindex
Checked theorem: Nonadditivity.QuantumCodingContinuity.hsNorm_unitary
Checked theorem: Nonadditivity.QuantumCodingTypicality.expectation_const
Checked theorem: Nonadditivity.HaarOperatorCurry.operatorCurry._proof_1
Checked theorem: Nonadditivity.NoncommutativeCS.EndpointTrace.first.inj
Checked theorem: Nonadditivity.Operational.Code.pulledBack_success
Checked theorem: Nonadditivity.Entropy.DensityMatrix.reindex_refl
Checked theorem: Nonadditivity.FiniteFreeModel.base._proof_1
Checked theorem: Nonadditivity.BellOutput.mergedWeights_shannon
Checked theorem: Nonadditivity.NoncommutativeCS.AssignmentProgram.variableCount.eq_2
Checked theorem: Nonadditivity.InitialNetReduction.shortWord.congr_simp
Checked theorem: Nonadditivity.ActualConsequences.FiniteQuantumChannel.classicalCapacity_eq_regularizedHolevo
Checked theorem: Nonadditivity.NoncommutativeCS.EndpointSkeleton.blocks.eq_3
Checked theorem: Nonadditivity.ProductMomentBridge.power_coefficient_energy_le_trace._simp_1_4
Checked theorem: Nonadditivity.FreeCreation.length_two_decomposition
Checked theorem: Nonadditivity.Entropy.shannon_le_log_card
Checked theorem: Nonadditivity.NoncommutativeCS.EndpointSkeleton.mem_singletonLabels_iff_count_eq_one_not_initial._simp_1_9
Checked theorem: _private.Nonadditivity.FiniteSetFactorization.0.Nonadditivity.FiniteSetFactorization.sum_words_eq
Checked theorem: Nonadditivity.HaarIteratedMoments.pairProbability
Checked theorem: Nonadditivity.RegularShiftedDilation.grading._proof_28
Checked theorem: Nonadditivity.HaarOperatorPathBridge.pathEquiv._proof_5
Checked theorem: Nonadditivity.QuantumCoding.rejected_gram_trace
Checked theorem: Nonadditivity.Holevo.Ensemble.mk.inj
Checked theorem: Nonadditivity.HaarPathWeights.norm_pathProduct_integral_le
Checked theorem: Nonadditivity.ProductHaagerupProduct.wordValue_radius._proof_1_1
Checked theorem: Nonadditivity.HaarPrescribedDimension.prescribedFamily_ratio_eventually._proof_1_2
Checked theorem: Nonadditivity.QuantumCoding.typicalProjectors_average_cross_le
Checked theorem: Nonadditivity.HaarColumnMoments.mixed.eq_1
Checked theorem: Nonadditivity.Operational.POVM.normalizedBlockState.eq_1
AUDIT PASSED: 9107 project declarations, 7219 theorems; transitive axioms [propext, Quot.sound, Classical.choice].
Checking All.lean
BUILD PASSED: 369 project modules.

[metadata-declarations]
DECLARATIONS PASSED: 49 exact names, source modules, roles, and transitive axioms.
RELEASE CHECKS PASSED: 25 mappings, 49 declarations, 327 unchanged baseline proof bodies.
Source integrity: recorded_rebuild_and_exact_public_types_with_additive_challenge

[challenge-statements]
A_PrescribedDimensions: expected statement and solution/type check passed
B_OperationalCoding: expected statement and solution/type check passed
C_SmallInformationSeparation: expected statement and solution/type check passed
D_WeylAllUses: expected statement and solution/type check passed
E_InputCost: expected statement and solution/type check passed
F_TwoUseSeparation: expected statement and solution/type check passed
Saved .lake/challenge-checks.json. Comparator execution remains not_run.

LEAN REPRODUCTION PASSED. Comparator was not run.
Lean reproduction exit code: 0
Logs: /Users/jw/.codex/.chatgpt-projects/g-p-6ab2299d76c081919816db08eadec5a3/nonadditivity-release/.verify-work/logs/lean-20261009T025530Z-22953
